optimizer_step,tensor_num_weights,threshold,flipped_weights,stable_weights,flipped_mean_normalized_margin,flipped_median_normalized_margin,stable_mean_normalized_margin,stable_median_normalized_margin,fraction_flips_within_1pct,fraction_flips_within_5pct,fraction_flips_within_10pct,tensor_slot,total_weights,flip_rate,log10_threshold,threshold_log_change,abs_threshold_log_change
0,589824,4.0853182551551116e-15,136534,453290,0.015300944447517395,0.003798470366746187,0.0596393384039402,0.004026827868074179,0.7833726406097412,0.939048171043396,0.9716188311576843,0,589824,0.2314826117621528,-14.38877410533135,,
2,589824,2.8990126136252056e-14,128228,461596,0.09827212989330292,0.018599601462483406,0.11740588396787643,0.026984218508005142,0.24788658320903778,0.775750994682312,0.8565446138381958,0,589824,0.2174004448784722,-13.537749895022406,0.8510242103089443,0.8510242103089443
4,589824,3.15640661394459e-14,61578,528246,0.03834953531622887,0.015291400253772736,0.21203257143497467,0.029819820076227188,0.33123844861984253,0.8716099858283997,0.9360161423683167,0,589824,0.104400634765625,-13.500807055266932,0.036942839755473855,0.036942839755473855
6,589824,6.7000726256157e-14,72850,516974,0.05048954859375954,0.022425301373004913,0.2518811821937561,0.060082145035266876,0.22698695957660675,0.7755250930786133,0.8727522492408752,0,589824,0.12351142035590278,-13.173920489727054,0.32688656553987805,0.32688656553987805
8,589824,1.4932055158317636e-13,133284,456540,0.15987852215766907,0.06161302700638771,0.33341842889785767,0.1225895881652832,0.07617568224668503,0.398975133895874,0.7435175776481628,0,589824,0.22597249348958334,-12.825880414479142,0.34804007524791203,0.34804007524791203
10,589824,3.506284618117611e-13,191136,398688,0.5685601830482483,0.1629900187253952,0.43952062726020813,0.24360071122646332,0.025358907878398895,0.13048824667930603,0.27850326895713806,0,589824,0.3240559895833333,-12.455152833518627,0.3707275809605157,0.3707275809605157
12,589824,8.583616673343841e-13,219830,369994,1.2260328531265259,0.3161773681640625,0.5509446859359741,0.42856284976005554,0.013651457615196705,0.07090933620929718,0.14269207417964935,0,589824,0.3727043999565972,-12.066329685306869,0.3888231482117579,0.3888231482117579
14,589824,1.6568109731385228e-12,234934,354890,2.6081161499023438,0.4215712249279022,0.6849227547645569,0.5662968158721924,0.010713648051023483,0.05316387116909027,0.10818357765674591,0,589824,0.3983120388454861,-11.7807270377519,0.28560264755496867,0.28560264755496867
16,589824,3.780811601294953e-12,245304,344520,3.151343822479248,0.5998809337615967,0.9190273880958557,0.7115805149078369,0.0069383298978209496,0.035078924149274826,0.07047581672668457,0,589824,0.4158935546875,-11.422414963091454,0.35831207466044646,0.35831207466044646
18,589824,6.751659994974624e-12,245026,344798,4.567127704620361,0.596201479434967,1.111024260520935,0.7549816370010376,0.008746011182665825,0.043236229568719864,0.08574192225933075,0,589824,0.4154222276475694,-11.170589436350458,0.2518255267409959,0.2518255267409959
20,589824,1.2058175638540725e-11,246764,343060,4.030239582061768,0.7122403979301453,1.3708741664886475,0.7847161293029785,0.007152583450078964,0.035835862159729004,0.07300902903079987,0,589824,0.4183688693576389,-10.918718394521628,0.2518710418288297,0.2518710418288297
22,589824,2.1289957644055058e-11,253410,336414,4.546053886413574,0.6654787659645081,1.4402949810028076,0.8128765821456909,0.007793694268912077,0.038771163672208786,0.07680833339691162,0,589824,0.4296366373697917,-10.671825202581005,0.24689319194062342,0.24689319194062342
24,589824,3.541053561484375e-11,249814,340010,4.574923038482666,0.7421337366104126,1.563449501991272,0.8279355764389038,0.00819009356200695,0.040670257061719894,0.08116839081048965,0,589824,0.4235399034288194,-10.450867504114191,0.22095769846681357,0.22095769846681357
26,589824,5.0542143387177774e-11,241798,348026,4.683402061462402,0.7079867124557495,1.7647573947906494,0.7812541723251343,0.007655149791389704,0.03792421519756317,0.07450847327709198,0,589824,0.4099494086371528,-10.296346344499886,0.1545211596143048,0.1545211596143048
28,589824,8.100266291055647e-11,251322,338502,2.331483840942383,0.7099676132202148,1.7711002826690674,0.8039917349815369,0.008546805009245872,0.04428183659911156,0.09089534729719162,0,589824,0.4260965983072917,-10.091500703734303,0.20484564076558343,0.20484564076558343
30,589824,1.1834275226441093e-10,255080,334744,2.660433530807495,0.723800003528595,1.5378895998001099,0.817045271396637,0.008232710883021355,0.04238278046250343,0.0848831757903099,0,589824,0.4324679904513889,-9.926858334675815,0.1646423690584875,0.1646423690584875
32,589824,1.6247718448436643e-10,249140,340684,2.197924852371216,0.7546466588973999,1.4503085613250732,0.803255021572113,0.009926145896315575,0.04879585653543472,0.09607850760221481,0,589824,0.4223971896701389,-9.789207615289474,0.13765071938634144,0.13765071938634144
34,589824,2.176376440177208e-10,249328,340496,2.032541036605835,0.730298638343811,1.356252908706665,0.7819129824638367,0.008615157566964626,0.04020005837082863,0.07685057818889618,0,589824,0.4227159288194444,-9.662265984087771,0.12694163120170288,0.12694163120170288
36,589824,2.991236147664722e-10,253680,336144,1.5563390254974365,0.7051094174385071,1.2396761178970337,0.7911555171012878,0.009271522983908653,0.048817407339811325,0.09407127648591995,0,589824,0.4300944010416667,-9.524149299580078,0.13811668450769332,0.13811668450769332
38,589824,3.862213049377061e-10,256894,332930,1.7453962564468384,0.7280325293540955,1.1408659219741821,0.7775538563728333,0.010915007442235947,0.05610485002398491,0.11159466207027435,0,589824,0.4355434841579861,-9.413163773120893,0.11098552645918502,0.11098552645918502
40,589824,4.935878927803117e-10,251870,337954,1.6228495836257935,0.7399075031280518,1.0774701833724976,0.7839676737785339,0.010783340781927109,0.05365069583058357,0.10406956076622009,0,589824,0.4270256890190972,-9.306635501655506,0.10652827146538613,0.10652827146538613
42,589824,6.13290196405103e-10,247526,342298,1.599381446838379,0.7229838967323303,1.0336834192276,0.7742616534233093,0.01000702939927578,0.050006866455078125,0.10094697028398514,0,589824,0.4196607801649306,-9.212333977561318,0.09430152409418824,0.09430152409418824
44,589824,7.658644274322057e-10,251264,338560,1.4735841751098633,0.7220275402069092,0.9877659678459167,0.739578127861023,0.010009393095970154,0.051447879523038864,0.09796469658613205,0,589824,0.4259982638888889,-9.115848101945833,0.09648587561548538,0.09648587561548538
46,589824,9.739885564741257e-10,261180,328644,1.5949459075927734,0.7185249924659729,0.9759941697120667,0.8161947727203369,0.00873344112187624,0.045872580260038376,0.09739643335342407,0,589824,0.44281005859375,-9.011446145677171,0.10440195626866178,0.10440195626866178
48,589824,1.1416195766500437e-09,254882,334942,1.706852912902832,0.7604692578315735,0.987393856048584,0.7816031575202942,0.01294324453920126,0.06335873156785965,0.11865098029375076,0,589824,0.4321322970920139,-8.942478592487847,0.06896755318932435,0.06896755318932435
50,589824,1.3308045776483368e-09,242416,347408,1.525467872619629,0.7336795330047607,0.9996504783630371,0.7552480101585388,0.01203303411602974,0.056205034255981445,0.10297174751758575,0,589824,0.4109971788194444,-8.875885713931865,0.06659287855598173,0.06659287855598173
52,589824,1.6196071150886837e-09,249912,339912,1.4734550714492798,0.6870163083076477,0.9631940126419067,0.7452366948127747,0.01244437973946333,0.0640745535492897,0.12171083688735962,0,589824,0.4237060546875,-8.790590324002311,0.08529538992955388,0.08529538992955388
54,589824,1.8972403648120917e-09,254272,335552,1.513373851776123,0.7259749174118042,0.9725083708763123,0.7626254558563232,0.013992889784276485,0.06771095842123032,0.11206503957509995,0,589824,0.4310980902777778,-8.721877644072523,0.06871267992978858,0.06871267992978858
56,589824,2.264420873032691e-09,256346,333478,1.4277832508087158,0.7362600564956665,0.9733917117118835,0.7685122489929199,0.010337590239942074,0.053747665137052536,0.11274604499340057,0,589824,0.4346143934461806,-8.645042850518967,0.07683479355355516,0.07683479355355516
58,589824,2.5920712243276967e-09,259208,330616,1.5251024961471558,0.7371174693107605,0.9986454844474792,0.7721402645111084,0.012109965085983276,0.06321949511766434,0.12121153622865677,0,589824,0.4394666883680556,-8.58635306919515,0.058689781323817414,0.058689781323817414
60,589824,2.8824458375709128e-09,246984,342840,1.5093755722045898,0.7492582201957703,0.9961459636688232,0.7642380595207214,0.011543258093297482,0.05649353936314583,0.11384138464927673,0,589824,0.4187418619791667,-8.540238844541529,0.04611422465362125,0.04611422465362125
62,589824,3.2342502009896634e-09,241624,348200,1.3956063985824585,0.7128639817237854,0.9920495748519897,0.7559692859649658,0.011886236257851124,0.05668724700808525,0.10733618587255478,0,589824,0.4096544053819444,-8.490226386190262,0.050012458351266886,0.050012458351266886
64,589824,3.7130594154888286e-09,251684,338140,1.244652271270752,0.6840235590934753,0.9711253643035889,0.7366991639137268,0.011860109865665436,0.05919327586889267,0.1149536743760109,0,589824,0.4267103407118056,-8.430268101241795,0.059958284948466556,0.059958284948466556
66,589824,4.260240604736509e-09,259318,330506,1.4524388313293457,0.7329695820808411,0.9688084721565247,0.7652770280838013,0.014133227057754993,0.06493572145700455,0.12218975275754929,0,589824,0.4396531846788194,-8.370565872644088,0.059702228597707574,0.059702228597707574
68,589824,4.6904640171874235e-09,254494,335330,1.371886968612671,0.7530674934387207,0.9868184924125671,0.7584187984466553,0.01572139374911785,0.06771083176136017,0.1214999258518219,0,589824,0.4314744737413194,-8.328784191371119,0.041781681272968996,0.041781681272968996
70,589824,5.2194173427722035e-09,251482,338342,1.4031968116760254,0.7261220812797546,0.9922899603843689,0.7989667654037476,0.012545629404485226,0.06842637062072754,0.12449002265930176,0,589824,0.4263678656684028,-8.282377975722332,0.046406215648787,0.046406215648787
72,589824,5.557856397331307e-09,245378,344446,1.402401089668274,0.7411913275718689,0.9941586256027222,0.7384287118911743,0.011822575703263283,0.06508733332157135,0.12970192730426788,0,589824,0.4160190158420139,-8.255092678618793,0.027285297103539108,0.027285297103539108
74,589824,6.078681114018991e-09,243048,346776,1.3394157886505127,0.715218186378479,0.9870784878730774,0.7233932018280029,0.012384384870529175,0.0616709440946579,0.11841282248497009,0,589824,0.4120686848958333,-8.216190638990033,0.038902039628759155,0.038902039628759155
76,589824,6.780042749454651e-09,256467,333357,1.222045660018921,0.6953203082084656,0.9882975816726685,0.7431029677391052,0.015308012254536152,0.06986473500728607,0.1277279257774353,0,589824,0.4348195393880208,-8.168767567815278,0.047423071174755194,0.047423071174755194
78,589824,7.494979747946218e-09,262403,327421,1.3022778034210205,0.7366353273391724,1.0038870573043823,0.7879912853240967,0.013829872012138367,0.06333769112825394,0.12146583199501038,0,589824,0.4448835584852431,-8.125229536313645,0.043538031501633156,0.043538031501633156
80,589824,8.032653653344823e-09,255450,334374,1.384661078453064,0.7533584237098694,0.9981558322906494,0.7801554799079895,0.01516539417207241,0.0739283561706543,0.14146798849105835,0,589824,0.4330952962239583,-8.095140958255556,0.03008857805808951,0.03008857805808951
82,589824,8.506009230302425e-09,246390,343434,1.3600023984909058,0.7360610365867615,1.0131375789642334,0.7737646102905273,0.01824343577027321,0.07229189574718475,0.1305166631937027,0,589824,0.4177347819010417,-8.07027415034675,0.02486680790880591,0.02486680790880591
84,589824,9.056949856756091e-09,245626,344198,1.0914725065231323,0.7209692597389221,1.0127652883529663,0.7455601096153259,0.01590629667043686,0.07402310520410538,0.1355963945388794,0,589824,0.4164394802517361,-8.043018036695178,0.027256113651571212,0.027256113651571212
86,589824,9.703548187189881e-09,249564,340260,1.132951021194458,0.7251644134521484,0.9818517565727234,0.7366266250610352,0.01415268238633871,0.07537545263767242,0.13939109444618225,0,589824,0.4231160481770833,-8.013069433120293,0.02994860357488527,0.02994860357488527
88,589824,1.009178607347394e-08,248278,341546,1.2487837076187134,0.7323901057243347,0.9429569840431213,0.7338642477989197,0.015587366186082363,0.07535907626152039,0.14296475052833557,0,589824,0.4209357367621528,-7.996031964267673,0.01703746885262003,0.01703746885262003
90,589824,1.0755794477290692e-08,250040,339784,1.0625410079956055,0.7237012386322021,0.9576321244239807,0.7481886148452759,0.014277716167271137,0.06854503601789474,0.12896336615085602,0,589824,0.4239230685763889,-7.968357504908323,0.027674459359349868,0.027674459359349868
92,589824,1.1710362457506562e-08,263272,326552,1.0630264282226562,0.7158223390579224,0.9363372921943665,0.744674563407898,0.012663708999752998,0.07250676304101944,0.14633914828300476,0,589824,0.4463568793402778,-7.931429662497331,0.03692784241099201,0.03692784241099201
94,589824,1.2345931388324516e-08,263612,326212,1.2250090837478638,0.7520720362663269,0.9392725229263306,0.8194799423217773,0.0132239805534482,0.06805835664272308,0.1364467442035675,0,589824,0.4469333224826389,-7.9084761409243,0.02295352157303121,0.02295352157303121
96,589824,1.2672852101047738e-08,248464,341360,1.1118206977844238,0.7497024536132812,0.9342356324195862,0.803008496761322,0.020550260320305824,0.08390752226114273,0.15265792608261108,0,589824,0.4212510850694444,-7.897125633549596,0.011350507374704222,0.011350507374704222
98,589824,1.2793958781287529e-08,236666,353158,1.0528287887573242,0.7423741817474365,0.9063024520874023,0.7560673952102661,0.016943709924817085,0.07400725036859512,0.14218772947788239,0,589824,0.4012485080295139,-7.892995052796838,0.004130580752757851,0.004130580752757851
0,589824,3.6817252669968034e-14,148434,441390,0.1206410601735115,0.03229689970612526,0.2139979749917984,0.03480766713619232,0.13289408385753632,0.7351483106613159,0.8256868720054626,1,589824,0.2516581217447917,-13.43394862199139,,
2,589824,2.3804000220603583e-13,159690,430134,0.3951265215873718,0.12049148976802826,0.4453878104686737,0.17351685464382172,0.0385371670126915,0.19318680465221405,0.403682142496109,1,589824,0.2707417805989583,-12.623350054382419,0.810598567608972,0.810598567608972
4,589824,2.2022642498682743e-13,75252,514572,0.13953335583209991,0.08235442638397217,0.6600655317306519,0.17086730897426605,0.06843671947717667,0.30987879633903503,0.6094057559967041,1,589824,0.12758382161458334,-12.65713057120705,-0.033780516824631235,0.033780516824631235
6,589824,3.6638069965053144e-13,59128,530696,0.12573854625225067,0.06471530348062515,0.7248638868331909,0.24422021210193634,0.08764037489891052,0.3962251543998718,0.70639967918396,1,589824,0.1002468532986111,-12.436067412340556,0.2210631588664942,0.2210631588664942
8,589824,5.877388419700535e-13,92862,496962,0.16349048912525177,0.10428158938884735,0.8291553854942322,0.32786715030670166,0.05196958780288696,0.2510068714618683,0.4825439751148224,1,589824,0.157440185546875,-12.230815607063649,0.205251805276907,0.205251805276907
10,589824,8.844839465872723e-13,124686,465138,0.24475573003292084,0.19015184044837952,0.8969910144805908,0.40811991691589355,0.030308132991194725,0.14521276950836182,0.28228509426116943,1,589824,0.211395263671875,-12.05331004514186,0.17750556192178912,0.17750556192178912
12,589824,1.2453263247003132e-12,146334,443490,0.3334181606769562,0.2777794897556305,0.9359689950942993,0.46796804666519165,0.0220591239631176,0.1081635132431984,0.2075389176607132,1,589824,0.24809773763020834,-11.904716831341915,0.14859321379994483,0.14859321379994483
14,589824,1.4838233723321603e-12,160460,429364,0.3264065086841583,0.3007134795188904,0.9247215390205383,0.48766177892684937,0.0244609247893095,0.11424653977155685,0.21160413324832916,1,589824,0.2720472547743056,-11.82861779244434,0.07609903889757419,0.07609903889757419
16,589824,1.9093969027411672e-12,178062,411762,0.40392404794692993,0.3470477759838104,1.0204472541809082,0.5219718217849731,0.018403703346848488,0.08837933093309402,0.16913771629333496,1,589824,0.3018900553385417,-11.719103786245563,0.10951400619877738,0.10951400619877738
18,589824,2.366706873882518e-12,189702,400122,0.4566555619239807,0.4057324528694153,1.07705819606781,0.5396674871444702,0.015360934659838676,0.07587690651416779,0.14607121050357819,1,589824,0.321624755859375,-11.62585552784975,0.09324825839581408,0.09324825839581408
20,589824,2.701738355606609e-12,196864,392960,0.45823362469673157,0.41333261132240295,1.0791503190994263,0.5380638241767883,0.015919620171189308,0.076265849173069,0.1445464938879013,1,589824,0.3337673611111111,-11.568356711649391,0.057498816200357794,0.057498816200357794
22,589824,3.111839128391858e-12,207350,382474,0.48829635977745056,0.4469905197620392,1.0592105388641357,0.5451370477676392,0.014502049423754215,0.07066795229911804,0.1356932669878006,1,589824,0.3515455457899306,-11.506982862664865,0.0613738489845268,0.0613738489845268
24,589824,3.4357410579749503e-12,214680,375144,0.5062212347984314,0.46324172616004944,1.045670986175537,0.5489757061004639,0.014426122419536114,0.06818986684083939,0.12990497052669525,1,589824,0.3639729817708333,-11.463979575146467,0.043003287518397215,0.043003287518397215
26,589824,3.8624680710752646e-12,221190,368634,0.5301581025123596,0.4874422252178192,1.0263582468032837,0.556175172328949,0.012921017594635487,0.06379131227731705,0.12282652407884598,1,589824,0.3750101725260417,-11.413135097628762,0.050844477517705045,0.050844477517705045
28,589824,4.437225760434149e-12,226066,363758,0.5774593353271484,0.5159609317779541,1.053128719329834,0.5646744966506958,0.012744066305458546,0.059292420744895935,0.11509028822183609,1,589824,0.3832770453559028,-11.352888474367399,0.06024662326136365,0.06024662326136365
30,589824,4.981971866296897e-12,228704,361120,0.5836703181266785,0.5296083092689514,1.0255707502365112,0.5718718767166138,0.01173132099211216,0.0577034056186676,0.11217993497848511,1,589824,0.3877495659722222,-11.30259872929781,0.05028974506958939,0.05028974506958939
32,589824,5.3188104962020866e-12,232434,357390,0.5789911150932312,0.5351552963256836,1.0726510286331177,0.5699452757835388,0.011999105103313923,0.05850692838430405,0.11287505179643631,1,589824,0.394073486328125,-11.274185482873602,0.028413246424207728,0.028413246424207728
34,589824,5.587461049394449e-12,237684,352140,0.5866425037384033,0.5446114540100098,1.0461317300796509,0.5668208003044128,0.012116928584873676,0.057946689426898956,0.11179129034280777,1,589824,0.4029744466145833,-11.252785491348511,0.0213999915250902,0.0213999915250902
36,589824,5.857628184585684e-12,242431,347393,0.6068369150161743,0.5563361048698425,1.0305320024490356,0.5670441389083862,0.011508429422974586,0.057785514742136,0.11106665432453156,1,589824,0.4110226101345486,-11.232278198804563,0.020507292543948452,0.020507292543948452
38,589824,6.2062629341275155e-12,245141,344683,0.6272078156471252,0.5687629580497742,1.0091776847839355,0.5686302185058594,0.011438315734267235,0.055988188832998276,0.10733823478221893,1,589824,0.4156172010633681,-11.207169829070617,0.025108369733946034,0.025108369733946034
40,589824,6.606538666825701e-12,247258,342566,0.6409450173377991,0.5744566917419434,0.9794761538505554,0.5736229419708252,0.01168010663241148,0.05596987530589104,0.10642324388027191,1,589824,0.4192064073350694,-11.18002601882315,0.02714381024746615,0.02714381024746615
42,589824,7.142135407395278e-12,248722,341102,0.6614998579025269,0.5862662196159363,0.9673810601234436,0.5786730647087097,0.010566013865172863,0.05408046022057533,0.10441377013921738,1,589824,0.4216885036892361,-11.146171920297379,0.03385409852577226,0.03385409852577226
44,589824,7.376910714229634e-12,249396,340428,0.6663346290588379,0.5907101035118103,0.9479274749755859,0.5787052512168884,0.011323357000946999,0.05514122173190117,0.1066737249493599,1,589824,0.4228312174479167,-11.132125472953717,0.014046447343661228,0.014046447343661228
46,589824,7.698328086114259e-12,250552,339272,0.6762168407440186,0.595115602016449,0.9249821901321411,0.5835862159729004,0.011247166432440281,0.055944472551345825,0.1074986457824707,1,589824,0.4247911241319444,-11.113603584154296,0.018521888799421404,0.018521888799421404
48,589824,8.054378344835023e-12,251430,338394,0.6936106085777283,0.6026362180709839,0.9039760231971741,0.5869942307472229,0.011263572610914707,0.055236052721738815,0.10654257982969284,1,589824,0.4262797037760417,-11.093967973783114,0.01963561037118211,0.01963561037118211
50,589824,8.385661089127527e-12,252226,337598,0.7039027810096741,0.6054108142852783,0.8881438374519348,0.5914050936698914,0.011791013181209564,0.05596964806318283,0.10770896077156067,1,589824,0.4276292588975694,-11.076462693816072,0.01750527996704143,0.01750527996704143
52,589824,8.85237889935997e-12,252986,336838,0.7249606847763062,0.6118033528327942,0.8758218288421631,0.5963723659515381,0.011451227590441704,0.05505838617682457,0.10680433362722397,1,589824,0.4289177788628472,-11.052940005682471,0.023522688133601477,0.023522688133601477
54,589824,9.311201983053241e-12,251592,338232,0.7424303293228149,0.6181296706199646,0.8799571990966797,0.598892867565155,0.010986041277647018,0.05549461022019386,0.10716159641742706,1,589824,0.4265543619791667,-11.030994252325588,0.021945753356883202,0.021945753356883202
56,589824,9.9062581054854e-12,250546,339278,0.7527336478233337,0.6246548295021057,0.8759819269180298,0.6057862639427185,0.011538798920810223,0.05458478629589081,0.10658720880746841,1,589824,0.4247809516059028,-11.004090360754153,0.026903891571434357,0.026903891571434357
58,589824,1.0370130101855501e-11,249996,339828,0.757898211479187,0.6276554465293884,0.8841167688369751,0.6130428910255432,0.01118817925453186,0.055956896394491196,0.10830573737621307,1,589824,0.4238484700520833,-10.984215794993457,0.019874565760696683,0.019874565760696683
60,589824,1.0796579776040094e-11,249782,340042,0.7653443813323975,0.6290592551231384,0.8680488467216492,0.6173383593559265,0.01149402279406786,0.05652128532528877,0.11015205085277557,1,589824,0.4234856499565972,-10.966713801887456,0.017501993106000313,0.017501993106000313
62,589824,1.1565278248970579e-11,250040,339784,0.7900988459587097,0.6375247836112976,0.8874326944351196,0.6265631914138794,0.010918253101408482,0.05524716153740883,0.10913453996181488,1,589824,0.4239230685763889,-10.936843914078935,0.02986988780852151,0.02986988780852151
64,589824,1.20103597206489e-11,248518,341306,0.7952755093574524,0.6403921246528625,0.8856152296066284,0.6318657398223877,0.011431767605245113,0.05801993981003761,0.11173838376998901,1,589824,0.4213426378038194,-10.920443984907395,0.01639992917153954,0.01639992917153954
66,589824,1.26181001411374e-11,246998,342826,0.7939079999923706,0.6409505605697632,0.865111231803894,0.6359086632728577,0.01098389457911253,0.057044994086027145,0.112239770591259,1,589824,0.4187655978732639,-10.899006030221301,0.02143795468609433,0.02143795468609433
68,589824,1.3123536111991907e-11,247644,342180,0.8039457201957703,0.6452814340591431,0.8579329252243042,0.6423784494400024,0.011774967424571514,0.05886272341012955,0.11376815289258957,1,589824,0.41986083984375,-10.881949129365138,0.017056900856163182,0.017056900856163182
70,589824,1.3596019275696758e-11,248296,341528,0.8107151389122009,0.6443065404891968,0.8520117998123169,0.6512560248374939,0.011659471318125725,0.0583215206861496,0.11568048596382141,1,589824,0.4209662543402778,-10.866588228369443,0.015360900995695204,0.015360900995695204
72,589824,1.401772621589803e-11,247226,342598,0.827839732170105,0.650000274181366,0.8434701561927795,0.6556575298309326,0.011616901494562626,0.05937886983156204,0.11688091605901718,1,589824,0.4191521538628472,-10.853322426595724,0.013265801773718167,0.013265801773718167
74,589824,1.4380532355195985e-11,245972,343852,0.8280814290046692,0.6496469378471375,0.8325724005699158,0.6610808372497559,0.012245296500623226,0.06153952702879906,0.12081050872802734,1,589824,0.4170260959201389,-10.842225036439604,0.011097390156120213,0.011097390156120213
76,589824,1.4912829651714254e-11,245840,343984,0.8386420011520386,0.6549006700515747,0.8268682360649109,0.6663593649864197,0.011820696294307709,0.060311585664749146,0.1191791445016861,1,589824,0.4168023003472222,-10.8264399430307,0.01578509340890477,0.01578509340890477
78,589824,1.545819722226227e-11,245256,344568,0.8465682864189148,0.6559094190597534,0.8350026607513428,0.6727806925773621,0.01197524182498455,0.060899630188941956,0.118667833507061,1,589824,0.4158121744791667,-10.81084115608884,0.015598786941859899,0.015598786941859899
80,589824,1.595916974961309e-11,245162,344662,0.8469817638397217,0.6585289835929871,0.8244333863258362,0.6804194450378418,0.012338779866695404,0.06157153099775314,0.12174806743860245,1,589824,0.4156528049045139,-10.796989705876303,0.01385145021253642,0.01385145021253642
82,589824,1.643994836098006e-11,245434,344390,0.8546774983406067,0.6613491773605347,0.8257635235786438,0.6878700852394104,0.012488082982599735,0.06289675086736679,0.12425336986780167,1,589824,0.4161139594184028,-10.784099550942965,0.012890154933337783,0.012890154933337783
84,589824,1.702767787881143e-11,244904,344920,0.8691673278808594,0.6682483553886414,0.8190242648124695,0.6963590979576111,0.012466108426451683,0.06299202889204025,0.1232074573636055,1,589824,0.4152153862847222,-10.768844574185406,0.015254976757558936,0.015254976757558936
86,589824,1.7475342353745482e-11,243258,346566,0.8703676462173462,0.6665858626365662,0.8113153576850891,0.7008128762245178,0.012702563777565956,0.06354981660842896,0.12440290302038193,1,589824,0.4124247233072917,-10.757574307377066,0.011270266808340423,0.011270266808340423
88,589824,1.8138428259373285e-11,243004,346820,0.8653057813644409,0.668319821357727,0.8132961988449097,0.7056515216827393,0.012510081753134727,0.06241872161626816,0.12350001931190491,1,589824,0.4119940863715278,-10.741400348359427,0.01617395901763885,0.01617395901763885
90,589824,1.8651826610982525e-11,243314,346510,0.8684461116790771,0.6693305373191833,0.8080852627754211,0.7111170291900635,0.013151729479432106,0.06435305625200272,0.1250811666250229,1,589824,0.4125196668836806,-10.729278630438408,0.012121717921019126,0.012121717921019126
92,589824,1.910030814067376e-11,243766,346058,0.8627753257751465,0.6710794568061829,0.8026170134544373,0.7163759469985962,0.013188878074288368,0.06515675038099289,0.1277700811624527,1,589824,0.4132859971788194,-10.718959626327415,0.01031900411099329,0.01031900411099329
94,589824,1.9898069303359023e-11,244490,345334,0.8803678154945374,0.6755653023719788,0.8219020962715149,0.7236368656158447,0.012487218715250492,0.06361814588308334,0.12427502125501633,1,589824,0.4145134819878472,-10.701189060855379,0.017770565472035926,0.017770565472035926
96,589824,2.022655654076999e-11,243856,345968,0.876802384853363,0.6775758862495422,0.8111861348152161,0.724958598613739,0.013114296831190586,0.06599386036396027,0.12901875376701355,1,589824,0.4134385850694444,-10.694078047166578,0.007111013688801293,0.007111013688801293
98,589824,2.057035965175036e-11,242206,347618,0.873830258846283,0.6764312386512756,0.8011445999145508,0.7216696739196777,0.013467873446643353,0.0681733712553978,0.1302279829978943,1,589824,0.4106411404079861,-10.686758115042995,0.007319932123582618,0.007319932123582618
0,589824,5.430139760016555e-15,142341,447483,0.01720188744366169,0.004906596150249243,0.056022897362709045,0.005302594508975744,0.7658790946006775,0.935036301612854,0.9715823531150818,2,589824,0.24132792154947916,-14.265188992469556,,
2,589824,3.526389250052553e-14,146114,443710,0.0876295417547226,0.021187040954828262,0.10862036794424057,0.03115982748568058,0.2208891659975052,0.7833472490310669,0.8665973544120789,2,589824,0.24772474500868055,-13.452669751078227,0.8125192413913283,0.8125192413913283
4,589824,3.7623326492024906e-14,76240,513584,0.03784124553203583,0.017865857109427452,0.1899985373020172,0.03448566794395447,0.2860965430736542,0.8619097471237183,0.9334994554519653,2,589824,0.12925889756944445,-13.424542808645752,0.028126942432475488,0.028126942432475488
6,589824,8.112431624900107e-14,89876,499948,0.07232725620269775,0.02764322981238365,0.2301277220249176,0.06963582336902618,0.18110507726669312,0.7353464961051941,0.8316903114318848,2,589824,0.1523776584201389,-13.090848950598813,0.33369385804693863,0.33369385804693863
8,589824,1.7707211565076708e-13,151616,438208,0.2688969373703003,0.07308264076709747,0.3147676885128021,0.1384718418121338,0.0628429725766182,0.32742586731910706,0.6656487584114075,2,589824,0.2570529513888889,-12.751849823747605,0.33899912685120803,0.33899912685120803
10,589824,4.193604556494701e-13,202810,387014,0.9674763083457947,0.188441663980484,0.4322282671928406,0.27266472578048706,0.021473299711942673,0.10983186215162277,0.23246388137340546,2,589824,0.3438483344184028,-12.377412524521418,0.3744372992261873,0.3744372992261873
12,589824,1.05446120585162e-12,221204,368620,1.947206974029541,0.3567115068435669,0.589424729347229,0.47189486026763916,0.012201406992971897,0.061685141175985336,0.1251017153263092,2,589824,0.3750339084201389,-11.976969393538997,0.40044313098242057,0.40044313098242057
14,589824,2.1034979313938607e-12,230812,359012,3.3283369541168213,0.4693026542663574,0.7918151021003723,0.6147785186767578,0.009466579183936119,0.04750186204910278,0.0950167253613472,2,589824,0.3913235134548611,-11.677057910737393,0.29991148280160473,0.29991148280160473
16,589824,5.0110258824342946e-12,237446,352378,3.261685371398926,0.6222017407417297,0.9934201240539551,0.7540913224220276,0.006991063244640827,0.03685469552874565,0.0746317058801651,2,589824,0.4025709364149306,-11.300073354078645,0.37698455665874775,0.37698455665874775
18,589824,9.087857202882965e-12,234634,355190,4.815117359161377,0.6455566883087158,1.1033846139907837,0.7862749695777893,0.007935763336718082,0.03974700719118118,0.07846688479185104,2,589824,0.3978034125434028,-11.041538505630326,0.25853484844831875,0.25853484844831875
20,589824,1.670083515925569e-11,239156,350668,4.47249698638916,0.7085140347480774,1.3200572729110718,0.8249229192733765,0.0073341247625648975,0.03630684316158295,0.07402699440717697,2,589824,0.4054701063368056,-10.77726181052983,0.2642766951004969,0.2642766951004969
22,589824,3.0112672771975824e-11,241284,348540,4.717287540435791,0.7026166319847107,1.3933488130569458,0.8321559429168701,0.007758492138236761,0.039310522377491,0.07787918299436569,2,589824,0.4090779622395833,-10.521250695214423,0.2560111153154061,0.2560111153154061
24,589824,4.943972314874756e-11,237068,352756,3.633568048477173,0.7370778322219849,1.5061655044555664,0.8359327912330627,0.0080187963321805,0.04045252874493599,0.08044949173927307,2,589824,0.4019300672743056,-10.305923969863171,0.21532672535125208,0.21532672535125208
26,589824,7.294659321033237e-11,240140,349684,3.156773567199707,0.7332039475440979,1.5270169973373413,0.8105106949806213,0.007191637996584177,0.03666194528341293,0.0741775631904602,2,589824,0.4071384006076389,-10.136994985943284,0.1689289839198871,0.1689289839198871
28,589824,1.1615201161996325e-10,244436,345388,2.196201801300049,0.6965368986129761,1.3809915781021118,0.8196170926094055,0.009380778297781944,0.0467279776930809,0.09254365414381027,2,589824,0.4144219292534722,-9.93497326431502,0.20202172162826315,0.20202172162826315
30,589824,1.6933257573903404e-10,243246,346578,2.136532783508301,0.7458112239837646,1.2358773946762085,0.8238457441329956,0.008300239220261574,0.04261118173599243,0.08770544826984406,2,589824,0.4124043782552083,-9.771259485465821,0.1637137788491998,0.1637137788491998
32,589824,2.2946687605607252e-10,239624,350200,1.9436452388763428,0.744199812412262,1.1479912996292114,0.7980632185935974,0.009894668124616146,0.04920625686645508,0.09483607858419418,2,589824,0.4062635633680556,-9.639279996768575,0.13197948869724563,0.13197948869724563
34,589824,3.1848310100279775e-10,243838,345986,1.7973936796188354,0.7267260551452637,1.0718517303466797,0.7954341769218445,0.008640983141958714,0.04093701392412186,0.08027461171150208,2,589824,0.4134080674913194,-9.496913606769578,0.14236638999899753,0.14236638999899753
36,589824,4.329289704507744e-10,249820,340004,1.6096733808517456,0.7222416400909424,1.0191847085952759,0.8056936264038086,0.009314706549048424,0.04799855872988701,0.09556881338357925,2,589824,0.4235500759548611,-9.363583351387275,0.1333302553823028,0.1333302553823028
38,589824,5.579463557836561e-10,244916,344908,1.879953384399414,0.7460811138153076,0.9666523337364197,0.7844163179397583,0.011514152400195599,0.056141700595617294,0.10783697664737701,2,589824,0.4152357313368056,-9.253407554659342,0.11017579672793332,0.11017579672793332
40,589824,7.128035384162956e-10,237902,351922,1.6530754566192627,0.7172538042068481,0.9467813968658447,0.7777018547058105,0.011496330611407757,0.05790199711918831,0.11269346624612808,2,589824,0.4033440483940972,-9.147030153091752,0.10637740156759001,0.10637740156759001
42,589824,8.97997454174515e-10,243106,346718,1.5568733215332031,0.7264090180397034,0.9381946325302124,0.7759767770767212,0.010045001283288002,0.05045535787940025,0.10210361331701279,2,589824,0.4121670193142361,-9.046724894557114,0.10030525853463779,0.10030525853463779
44,589824,1.1329320814823518e-09,250382,339442,1.5618832111358643,0.7209718227386475,0.9166770577430725,0.7676376700401306,0.009836968965828419,0.04916487634181976,0.09916847199201584,2,589824,0.4245029025607639,-8.945796125018834,0.1009287695382799,0.1009287695382799
46,589824,1.417938433334598e-09,250974,338850,1.6439151763916016,0.7460275292396545,0.9192281365394592,0.8177259564399719,0.00933164358139038,0.049746185541152954,0.10670825839042664,2,589824,0.425506591796875,-8.84834262574218,0.09745349927665359,0.09745349927665359
48,589824,1.6583696638150514e-09,241274,348550,1.5329208374023438,0.7453789114952087,0.9286325573921204,0.7721388936042786,0.012906488962471485,0.062277745455503464,0.11518440395593643,2,589824,0.4090610080295139,-8.780318655293252,0.0680239704489285,0.0680239704489285
50,589824,1.970370311354941e-09,235462,354362,1.5398728847503662,0.7382439374923706,0.903003454208374,0.7583096027374268,0.013394942507147789,0.059703897684812546,0.10552870482206345,2,589824,0.3992072211371528,-8.705452144871684,0.07486651042156822,0.07486651042156822
52,589824,2.385263764281831e-09,244692,345132,1.3382259607315063,0.6832128167152405,0.8947306275367737,0.7586299180984497,0.012975496239960194,0.06748484075069427,0.12347768247127533,2,589824,0.41485595703125,-8.62246358935414,0.08298855551754336,0.08298855551754336
54,589824,2.8196998069773827e-09,247334,342490,1.5451569557189941,0.7447205781936646,0.8777559399604797,0.7592101693153381,0.01351209357380867,0.060149434953927994,0.10536764562129974,2,589824,0.4193352593315972,-8.549797125408608,0.07266646394553256,0.07266646394553256
56,589824,3.3222491424567124e-09,246430,343394,1.3107002973556519,0.7379496693611145,0.8961437940597534,0.7671346664428711,0.011492107063531876,0.0589173398911953,0.11488860845565796,2,589824,0.4178025987413194,-8.478567802005955,0.07122932340265287,0.07122932340265287
58,589824,3.823706684613626e-09,252138,337686,1.45793879032135,0.7328945398330688,0.8994593620300293,0.7862460613250732,0.01162062119692564,0.06572195142507553,0.13055549561977386,2,589824,0.4274800618489583,-8.41751542971693,0.0610523722890246,0.0610523722890246
60,589824,4.273081444239324e-09,242174,347650,1.504650592803955,0.7455843091011047,0.9001643061637878,0.75432288646698,0.013395327143371105,0.06558920443058014,0.12296117842197418,2,589824,0.4105868869357639,-8.369258829521526,0.048256600195404786,0.048256600195404786
62,589824,4.793332841757092e-09,231832,357992,1.380746841430664,0.7265933156013489,0.8931633830070496,0.7527183294296265,0.012612581253051758,0.06217001751065254,0.10905741900205612,2,589824,0.3930528428819444,-8.319362413211504,0.04989641631002151,0.04989641631002151
64,589824,5.5106066376708895e-09,242694,347130,1.2015339136123657,0.6766217947006226,0.879632294178009,0.7331746220588684,0.014487378299236298,0.06762012839317322,0.12432527542114258,2,589824,0.411468505859375,-8.2588005890083,0.06056182420320333,0.06056182420320333
66,589824,6.356006831964578e-09,256282,333542,1.3777813911437988,0.7421979308128357,0.8853596448898315,0.7677471041679382,0.01346953772008419,0.06417150050401688,0.12300903350114822,2,589824,0.4345058865017361,-8.196815644648591,0.06198494435970936,0.06198494435970936
68,589824,7.043583050148072e-09,249218,340606,1.4152668714523315,0.7572782635688782,0.899881899356842,0.7721545696258545,0.012631512247025967,0.06081021577119827,0.12031234055757523,2,589824,0.4225294325086806,-8.152206360311144,0.044609284337447264,0.044609284337447264
70,589824,7.654751499330814e-09,237266,352558,1.3514758348464966,0.7410895824432373,0.902567982673645,0.7840173244476318,0.013803073205053806,0.07145145535469055,0.13093742728233337,2,589824,0.4022657606336806,-8.116068903492321,0.036137456818822855,0.036137456818822855
72,589824,8.258853156917212e-09,235562,354262,1.2777379751205444,0.7199891209602356,0.8956490159034729,0.7293174266815186,0.01143223512917757,0.06282847374677658,0.1277540624141693,2,589824,0.3993767632378472,-8.083080255609675,0.03298864788264666,0.03298864788264666
74,589824,9.256118538303326e-09,244914,344910,1.21037757396698,0.7147232890129089,0.8894292712211609,0.7326019406318665,0.012383938767015934,0.06998375058174133,0.13013139367103577,2,589824,0.4152323404947917,-8.033571092236796,0.04950916337287836,0.04950916337287836
76,589824,1.0099138414432218e-08,251606,338218,1.2165383100509644,0.7205734252929688,0.8845862746238708,0.7444397211074829,0.014765148982405663,0.07414767891168594,0.13592681288719177,2,589824,0.4265780978732639,-7.995715675506324,0.03785541673047188,0.03785541673047188
78,589824,1.1122288867682073e-08,249802,340022,1.2457959651947021,0.7449739575386047,0.8849971294403076,0.7818982005119324,0.014955844730138779,0.06654870510101318,0.12478683143854141,2,589824,0.4235195583767361,-7.953805829632148,0.041909845874176455,0.041909845874176455
80,589824,1.1971696523005448e-08,245422,344402,1.2652192115783691,0.7461849451065063,0.8800950646400452,0.7692646980285645,0.01470528356730938,0.07585709542036057,0.13809683918952942,2,589824,0.4160936143663194,-7.921844300857457,0.031961528774690606,0.031961528774690606
82,589824,1.2686867556510606e-08,239724,350100,1.1662378311157227,0.7384263873100281,0.8792513012886047,0.7715503573417664,0.0179289523512125,0.07449400424957275,0.14011946320533752,2,589824,0.40643310546875,-7.896645593890578,0.025198706966879314,0.025198706966879314
84,589824,1.3659805730981134e-08,240618,349206,1.0615171194076538,0.7260445952415466,0.8601413369178772,0.7439832091331482,0.013914171606302261,0.06966228783130646,0.12935025990009308,2,589824,0.4079488118489583,-7.864555477123216,0.032090116767362176,0.032090116767362176
86,589824,1.4569497608363235e-08,241576,348248,1.1529004573822021,0.7403178215026855,0.8339258432388306,0.7289674282073975,0.013445044867694378,0.0718531683087349,0.13753022253513336,2,589824,0.4095730251736111,-7.8365554234995605,0.02800005362365532,0.02800005362365532
88,589824,1.5164937750000718e-08,240136,349688,1.1382311582565308,0.7227440476417542,0.815735399723053,0.7433866262435913,0.017644168809056282,0.08360262960195541,0.1639820784330368,2,589824,0.4071316189236111,-7.819159368069221,0.017396055430339175,0.017396055430339175
90,589824,1.617023492883618e-08,246210,343614,1.0383375883102417,0.7211803793907166,0.8181342482566833,0.7465048432350159,0.016132568940520287,0.07102473080158234,0.13783760368824005,2,589824,0.4174296061197917,-7.791283670411717,0.027875697657504084,0.027875697657504084
92,589824,1.7641532679135707e-08,258654,331170,1.069540023803711,0.7171761989593506,0.8142653107643127,0.7605863213539124,0.01422750111669302,0.07892783731222153,0.14735515415668488,2,589824,0.4385274251302083,-7.7534636864844995,0.03781998392721775,0.03781998392721775
94,589824,1.8453652828043232e-08,254552,335272,1.2340315580368042,0.7639012336730957,0.8208053708076477,0.8015934824943542,0.015462459996342659,0.07054354250431061,0.14177849888801575,2,589824,0.4315728081597222,-7.733917654109743,0.019546032374756273,0.019546032374756273
96,589824,1.8940454538096674e-08,236910,352914,1.071003794670105,0.7510700225830078,0.8229176998138428,0.7700672149658203,0.01746232807636261,0.08434004336595535,0.1509307324886322,2,589824,0.4016621907552083,-7.722609602892486,0.011308051217256754,0.011308051217256754
98,589824,1.9409435836337252e-08,232388,357436,1.0163829326629639,0.7359206080436707,0.7968050837516785,0.7601962685585022,0.020487288013100624,0.09254781156778336,0.16279670596122742,2,589824,0.3939954969618056,-7.711987087832988,0.010622515059498738,0.010622515059498738
0,589824,2.097411125529837e-14,140628,449196,0.09330084174871445,0.01839122362434864,0.29859939217567444,0.02015145681798458,0.24035753309726715,0.8188269734382629,0.8988679051399231,3,589824,0.23842366536458334,-13.678316432649307,,
2,589824,1.6279599196478145e-13,165122,424702,0.37888669967651367,0.09274709224700928,0.7223803997039795,0.1270020753145218,0.049084920436143875,0.24833154678344727,0.5507261157035828,3,589824,0.2799513075086806,-12.78835629163973,0.8899601410095777,0.8899601410095777
4,589824,1.5003788684554709e-13,75984,513840,0.10234969854354858,0.05969712883234024,0.9362676739692688,0.12360718846321106,0.09278269112110138,0.41973310708999634,0.7992472052574158,3,589824,0.12882486979166666,-12.82379906114209,-0.03544276950236025,0.03544276950236025
6,589824,2.527527612119357e-13,58930,530894,0.0995054692029953,0.049970291554927826,1.1026095151901245,0.18399854004383087,0.11186152696609497,0.5003563165664673,0.7913795709609985,3,589824,0.0999111599392361,-12.597304091236243,0.22649496990584694,0.22649496990584694
8,589824,4.0934131626847725e-13,91908,497916,0.13174065947532654,0.08299759775400162,1.2817375659942627,0.2568666636943817,0.06435783952474594,0.31566351652145386,0.5847042798995972,3,589824,0.15582275390625,-12.387914418262536,0.2093896729737068,0.2093896729737068
10,589824,6.253333354605539e-13,124188,465636,0.20374588668346405,0.15472841262817383,1.4943609237670898,0.3333864212036133,0.03752375394105911,0.1765146404504776,0.34142589569091797,3,589824,0.21055094401041666,-12.203888419199261,0.18402599906327488,0.18402599906327488
12,589824,8.747136044998105e-13,145836,443988,0.27732276916503906,0.23278284072875977,1.5665720701217651,0.39234939217567444,0.02678351104259491,0.1282605081796646,0.24332812428474426,3,589824,0.24725341796875,-12.058134118800739,0.14575430039852222,0.14575430039852222
14,589824,1.063929977104805e-12,160588,429236,0.28883251547813416,0.2624439299106598,1.5718177556991577,0.4187999963760376,0.02716890349984169,0.12704560160636902,0.23369739949703217,3,589824,0.2722642686631944,-11.97308695433205,0.08504716446868876,0.08504716446868876
16,589824,1.3667661837371559e-12,178030,411794,0.35718920826911926,0.30826717615127563,1.6264504194259644,0.4555768370628357,0.020198842510581017,0.09911812096834183,0.1907992959022522,3,589824,0.3018358018663194,-11.864305774969875,0.10878117936217535,0.10878117936217535
18,589824,1.6733413699815403e-12,189684,400140,0.4025230407714844,0.357112318277359,1.7025911808013916,0.47581323981285095,0.0180668905377388,0.08664410561323166,0.1648636758327484,3,589824,0.32159423828125,-11.77641545175975,0.08789032321012513,0.08789032321012513
20,589824,1.904094720436844e-12,196468,393356,0.4184029996395111,0.3734128177165985,1.7321078777313232,0.47943034768104553,0.017432864755392075,0.0847110003232956,0.15960359573364258,3,589824,0.3330959743923611,-11.720311451151206,0.056104000608543814,0.056104000608543814
22,589824,2.1876387420322052e-12,205030,384794,0.44832515716552734,0.40228745341300964,1.6887201070785522,0.49126628041267395,0.016368336975574493,0.07812027633190155,0.14829537272453308,3,589824,0.3476121690538194,-11.660024394082452,0.060287057068753924,0.060287057068753924
24,589824,2.416256431048147e-12,210934,378890,0.4659232795238495,0.4237486720085144,1.7102279663085938,0.4980146884918213,0.016166193410754204,0.07573458552360535,0.14193539321422577,3,589824,0.3576219346788194,-11.616856977054438,0.0431674170280143,0.0431674170280143
26,589824,2.723069165988523e-12,217018,372806,0.48677539825439453,0.44259944558143616,1.6723030805587769,0.5080994963645935,0.014597867615520954,0.07079596817493439,0.13561086356639862,3,589824,0.3679368760850694,-11.564941327435042,0.051915649619395765,0.051915649619395765
28,589824,3.110404078396356e-12,222672,367152,0.5395882725715637,0.4766087532043457,1.7129950523376465,0.519096851348877,0.014029603451490402,0.06519005447626114,0.1254311203956604,3,589824,0.3775227864583333,-11.5071831873017,0.05775814013334113,0.05775814013334113
30,589824,3.459165029071065e-12,225358,364466,0.549716591835022,0.4903191924095154,1.7149187326431274,0.5282500982284546,0.013112470507621765,0.06445300579071045,0.12259604781866074,3,589824,0.3820766872829861,-11.461028718267439,0.04615446903426168,0.04615446903426168
32,589824,3.6869322699029095e-12,228310,361514,0.543198823928833,0.4980293810367584,1.6660889387130737,0.5296455025672913,0.012903508730232716,0.06294073909521103,0.12009110301733017,3,589824,0.3870815700954861,-11.43333484044585,0.02769387782158894,0.02769387782158894
34,589824,3.8373419025683475e-12,232300,357524,0.5476658344268799,0.5041455626487732,1.6437346935272217,0.527025580406189,0.013426603749394417,0.0645415410399437,0.12193284928798676,3,589824,0.3938462999131944,-11.415969503959461,0.017365336486388827,0.017365336486388827
36,589824,4.016437356313407e-12,236147,353677,0.5658577680587769,0.5155988931655884,1.7228796482086182,0.5274142026901245,0.012869102880358696,0.06299889832735062,0.11928163468837738,3,589824,0.4003685845269097,-11.396159002264518,0.019810501694943028,0.019810501694943028
38,589824,4.236765452358959e-12,239187,350637,0.5805786848068237,0.5265713930130005,1.6663376092910767,0.5328071117401123,0.01293130498379469,0.06255356967449188,0.11804571747779846,3,589824,0.4055226643880208,-11.37296557790738,0.02319342435713878,0.02319342435713878
40,589824,4.466939838854156e-12,240512,349312,0.6049202680587769,0.540066659450531,1.624031662940979,0.5374264121055603,0.012302921153604984,0.06000948324799538,0.11427704989910126,3,589824,0.4077690972222222,-11.349989896605754,0.022975681301625528,0.022975681301625528
42,589824,4.776269657558174e-12,241376,348448,0.6314136385917664,0.5492057800292969,1.5802679061889648,0.5450562834739685,0.012147023342549801,0.05881694704294205,0.11283640563488007,3,589824,0.4092339409722222,-11.32091116188632,0.029078734719433896,0.029078734719433896
44,589824,4.920619467441156e-12,241686,348138,0.6278102397918701,0.555192768573761,1.5323563814163208,0.5472270250320435,0.012251433916389942,0.0606282539665699,0.11422672867774963,3,589824,0.409759521484375,-11.307980219517958,0.012930942368361897,0.012930942368361897
46,589824,5.088473913061886e-12,242286,347538,0.6503843069076538,0.5582165718078613,1.516723871231079,0.5499511361122131,0.012311896309256554,0.060440968722105026,0.11456295847892761,3,589824,0.4107767740885417,-11.293412447626348,0.014567771891609738,0.014567771891609738
48,589824,5.28011488698521e-12,243570,346254,0.7191972732543945,0.5657914876937866,1.5104873180389404,0.5533708930015564,0.012238781899213791,0.06007308140397072,0.11437779664993286,3,589824,0.4129536946614583,-11.277356627799351,0.01605581982699711,0.01605581982699711
50,589824,5.496040254848733e-12,244538,345286,0.6669014692306519,0.5720045566558838,1.540592074394226,0.5594078898429871,0.012542018666863441,0.060918960720300674,0.11511094868183136,3,589824,0.4145948621961806,-11.259950095017892,0.017406532781459205,0.017406532781459205
52,589824,5.7647502223201474e-12,243988,345836,0.7017750144004822,0.5827046632766724,1.515143632888794,0.565718948841095,0.011685001663863659,0.05788399651646614,0.11170221865177155,3,589824,0.4136623806423611,-11.239219505267478,0.020730589750414197,0.020730589750414197
54,589824,6.024381948160906e-12,242292,347532,0.7049274444580078,0.5852465629577637,1.4820733070373535,0.5708236694335938,0.012129992246627808,0.05982038378715515,0.1130206510424614,3,589824,0.4107869466145833,-11.220087501495241,0.019132003772236672,0.019132003772236672
56,589824,6.35381114041933e-12,241890,347934,0.7206616401672363,0.5930636525154114,1.4526447057724,0.5797348618507385,0.011794617399573326,0.057774193584918976,0.11140600591897964,3,589824,0.4101053873697917,-11.196965698210903,0.023121803284338327,0.023121803284338327
58,589824,6.614533573645609e-12,241248,348576,0.7209356427192688,0.5964891910552979,1.4206769466400146,0.585814356803894,0.01209543738514185,0.05973106622695923,0.11343099176883698,3,589824,0.4090169270833333,-11.179500774837596,0.017464923373307073,0.017464923373307073
60,589824,6.8409761362631105e-12,240686,349138,0.7365885972976685,0.5996480584144592,1.3932393789291382,0.5905805826187134,0.011550319381058216,0.05934703350067139,0.11370416730642319,3,589824,0.4080641004774306,-11.164881924545092,0.014618850292503538,0.014618850292503538
62,589824,7.248603627052486e-12,240642,349182,0.7612282633781433,0.606415331363678,1.3808424472808838,0.5993921160697937,0.01169371884316206,0.05797823891043663,0.11264865845441818,3,589824,0.407989501953125,-11.139745647977163,0.025136276567929272,0.025136276567929272
64,589824,7.4833837043764e-12,239532,350292,0.7799516916275024,0.6107118725776672,1.3679442405700684,0.6047671437263489,0.012069368734955788,0.05949100852012634,0.11332514882087708,3,589824,0.4061075846354167,-11.125901986111845,0.013843661865317713,0.013843661865317713
66,589824,7.801463468293246e-12,238556,351268,0.7624492645263672,0.611876904964447,1.3315523862838745,0.6118568778038025,0.01206006109714508,0.05968829244375229,0.11437985301017761,3,589824,0.4044528537326389,-11.107823920824016,0.018078065287829403,0.018078065287829403
68,589824,8.071820122024231e-12,238596,351228,0.8228327035903931,0.6165826320648193,1.3008440732955933,0.6189765334129333,0.01243524719029665,0.05998005345463753,0.11562641710042953,3,589824,0.4045206705729167,-11.093028524779411,0.014795396044604558,0.014795396044604558
70,589824,8.291352847356048e-12,238032,351792,0.9071051478385925,0.6182039976119995,1.2848633527755737,0.6264760494232178,0.012691570445895195,0.06182361766695976,0.11751360446214676,3,589824,0.403564453125,-11.081374602597268,0.011653922182143006,0.011653922182143006
72,589824,8.528679498742697e-12,237500,352324,0.8048127293586731,0.62082439661026,1.2959470748901367,0.6346188187599182,0.012294736690819263,0.06178947165608406,0.11962104588747025,3,589824,0.4026624891493056,-11.069118205737958,0.01225639685931057,0.01225639685931057
74,589824,8.710437753023381e-12,236630,353194,0.8504309058189392,0.6243347525596619,1.2781938314437866,0.6401008367538452,0.013003422878682613,0.06524109095335007,0.12194987386465073,3,589824,0.4011874728732639,-11.059960018477387,0.009158187260570827,0.009158187260570827
76,589824,8.992024139176102e-12,236210,353614,0.8650787472724915,0.6257712841033936,1.2680580615997314,0.6487557888031006,0.012637060135602951,0.06419287621974945,0.12290334701538086,3,589824,0.4004753960503472,-11.046142535905696,0.013817482571690576,0.013817482571690576
78,589824,9.292361151380657e-12,236148,353676,0.8957048058509827,0.6309372186660767,1.2555960416793823,0.6586083173751831,0.012953740544617176,0.06368886679410934,0.1221691444516182,3,589824,0.4003702799479167,-11.031873919512808,0.014268616392888234,0.014268616392888234
80,589824,9.534550232670469e-12,235672,354152,0.8498959541320801,0.6321321725845337,1.243789792060852,0.6675962805747986,0.012559828348457813,0.06487829983234406,0.12517397105693817,3,589824,0.3995632595486111,-11.020699788834694,0.011174130678114125,0.011174130678114125
82,589824,9.772889962567088e-12,234482,355342,0.9200939536094666,0.6368427276611328,1.2248501777648926,0.6732699275016785,0.013322984799742699,0.06507962197065353,0.12414173036813736,3,589824,0.3975457085503472,-11.009976991122159,0.010722797712535481,0.010722797712535481
84,589824,1.0107459140484831e-11,234420,355404,1.0302026271820068,0.6373982429504395,1.2272059917449951,0.6837279200553894,0.01276768185198307,0.06538264453411102,0.12576144933700562,3,589824,0.3974405924479167,-10.995358005630978,0.01461898549118068,0.01461898549118068
86,589824,1.0373387045181648e-11,233692,356132,0.9532588124275208,0.6443089842796326,1.2399168014526367,0.6893084645271301,0.012507916428148746,0.06347671151161194,0.12264861166477203,3,589824,0.3962063259548611,-10.984079417684246,0.011278587946732088,0.011278587946732088
88,589824,1.0764828264897552e-11,233022,356802,0.8590906858444214,0.6423282623291016,1.2169057130813599,0.696910560131073,0.012775617651641369,0.06455613672733307,0.12467063218355179,3,589824,0.3950703938802083,-10.96799289423829,0.016086523445956402,0.016086523445956402
90,589824,1.1035305481910118e-11,233584,356240,0.9099315404891968,0.6467620134353638,1.1926567554473877,0.7024306654930115,0.012796253897249699,0.06598910689353943,0.12588191032409668,3,589824,0.3960232204861111,-10.95721564009439,0.01077725414389974,0.01077725414389974
92,589824,1.1266621316452508e-11,233334,356490,0.888319730758667,0.6471653580665588,1.1933590173721313,0.7081891894340515,0.013225675560534,0.06652694940567017,0.1283739060163498,3,589824,0.395599365234375,-10.948206302553315,0.009009337541074913,0.009009337541074913
94,589824,1.1617643479178152e-11,233322,356502,0.8471011519432068,0.650050699710846,1.2026172876358032,0.7117463946342468,0.01317921094596386,0.06563461571931839,0.12607897818088531,3,589824,0.3955790201822917,-10.934881955231228,0.013324347322086538,0.013324347322086538
96,589824,1.1793788168290575e-11,233208,356616,0.8868584632873535,0.6503709554672241,1.1774500608444214,0.7140384912490845,0.013310005888342857,0.0686039924621582,0.13123905658721924,3,589824,0.3953857421875,-10.928346676979501,0.00653527825172695,0.00653527825172695
98,589824,1.1981903316748976e-11,233520,356304,0.8643248677253723,0.650972306728363,1.1709680557250977,0.7154178023338318,0.014011647552251816,0.06909472495317459,0.13074682652950287,3,589824,0.3959147135416667,-10.921474189099836,0.006872487879665101,0.006872487879665101
0,2359296,4.0950922530367737e-14,614965,1744331,0.0988277867436409,0.036318544298410416,0.16299229860305786,0.03847663104534149,0.12028326839208603,0.7301114797592163,0.8227508664131165,4,2359296,0.26065614488389754,-13.387736310134693,,
2,2359296,2.8240062198425786e-13,714648,1644648,0.5280091166496277,0.14469578862190247,0.315287709236145,0.19438457489013672,0.03132731094956398,0.15557308495044708,0.32284143567085266,4,2359296,0.3029073079427083,-12.54913435109037,0.8386019590443237,0.8386019590443237
4,2359296,2.824947036277753e-13,351772,2007524,0.2424566000699997,0.10823425650596619,0.41508251428604126,0.20298956334590912,0.05511809140443802,0.23991109430789948,0.4615660309791565,4,2359296,0.1491004096137153,-12.548989690169476,0.0001446609208937133,0.0001446609208937133
6,2359296,4.96610619380583e-13,307934,2051362,0.2739282548427582,0.09515255689620972,0.5156657695770264,0.28960612416267395,0.05721355602145195,0.27365604043006897,0.5226054787635803,4,2359296,0.13051944308810765,-12.30398399785218,0.24500569231729585,0.24500569231729585
8,2359296,8.006154875346561e-13,437814,1921482,0.2957192659378052,0.13189908862113953,0.5899777412414551,0.37204399704933167,0.04109279438853264,0.20018775761127472,0.39071157574653625,4,2359296,0.18556976318359375,-12.096576012924666,0.20740798492751367,0.20740798492751367
10,2359296,1.2682528638396917e-12,589082,1770214,0.40296387672424316,0.21901917457580566,0.6605789661407471,0.45517098903656006,0.024208853021264076,0.11905982345342636,0.23524059355258942,4,2359296,0.2496854994032118,-11.8967941483298,0.19978186459486658,0.19978186459486658
12,2359296,1.8072730811891091e-12,695422,1663874,0.6119124293327332,0.33262959122657776,0.6796713471412659,0.5033575892448425,0.017730241641402245,0.08736709505319595,0.17008665204048157,4,2359296,0.29475826687282985,-11.742976220049492,0.15381792828030783,0.15381792828030783
14,2359296,2.213942570938876e-12,755572,1603724,0.844045102596283,0.3669063448905945,0.69010990858078,0.5124109387397766,0.018760619685053825,0.09009068459272385,0.1715468466281891,4,2359296,0.3202531602647569,-11.654833648790552,0.0881425712589401,0.0881425712589401
16,2359296,2.9623070489648295e-12,843056,1516240,1.0831594467163086,0.41930150985717773,0.762161374092102,0.5380222797393799,0.014888690784573555,0.07211146503686905,0.14058378338813782,4,2359296,0.3573337131076389,-11.528369928002562,0.1264637207879904,0.1264637207879904
18,2359296,3.792510576416941e-12,899090,1460206,1.6517047882080078,0.47831785678863525,0.8451605439186096,0.5509774684906006,0.012649456970393658,0.062140610069036484,0.12153177708387375,4,2359296,0.38108401828342015,-11.42107319939473,0.10729672860783168,0.10729672860783168
20,2359296,4.537636325713246e-12,931654,1427642,2.045693874359131,0.49366340041160583,1.013343095779419,0.5536690950393677,0.01224488951265812,0.059991154819726944,0.11743737012147903,4,2359296,0.39488644070095485,-11.343170314106656,0.07790288528807388,0.07790288528807388
22,2359296,5.471193376821448e-12,973128,1386168,1.8204365968704224,0.5288190245628357,1.2362632751464844,0.5620182156562805,0.011377743445336819,0.05550554767251015,0.10965567082166672,4,2359296,0.4124654134114583,-11.26191793501191,0.08125237909474592,0.08125237909474592
24,2359296,6.4168895891336675e-12,1003388,1355908,1.2065708637237549,0.5522370934486389,1.366669774055481,0.5680995583534241,0.01087615080177784,0.05358445271849632,0.1056281253695488,4,2359296,0.4252912733289931,-11.192675433241538,0.06924250177037194,0.06924250177037194
26,2359296,7.699433972330194e-12,1027398,1331898,1.9522902965545654,0.5800540447235107,1.3217297792434692,0.5774393081665039,0.010186898522078991,0.050226882100105286,0.09930620342493057,4,2359296,0.43546803792317706,-11.113541201026125,0.07913423221541294,0.07913423221541294
28,2359296,9.205953707680514e-12,1045524,1313772,1.9208779335021973,0.6039639711380005,1.4493902921676636,0.5896847248077393,0.009791262447834015,0.04875641316175461,0.09631342440843582,4,2359296,0.4431508382161458,-11.035931213294907,0.07760998773121841,0.07760998773121841
30,2359296,1.0959257806808509e-11,1053542,1305754,2.2376644611358643,0.6206334829330444,1.5197830200195312,0.5984132885932922,0.009396872483193874,0.04734789952635765,0.09433416277170181,4,2359296,0.44654930962456596,-10.960218856556203,0.07571235673870369,0.07571235673870369
32,2359296,1.2643809610413115e-11,1062906,1296390,1.9401087760925293,0.6282470226287842,1.6636837720870972,0.6047511696815491,0.009663131088018417,0.04834764450788498,0.09631896018981934,4,2359296,0.45051829020182294,-10.898122052358678,0.062096804197524946,0.062096804197524946
34,2359296,1.4453113185430855e-11,1077226,1282070,2.126801013946533,0.6378730535507202,1.7218748331069946,0.611757218837738,0.009543958120048046,0.04806141182780266,0.09644030034542084,4,2359296,0.45658789740668404,-10.84003859625488,0.05808345610379817,0.05808345610379817
36,2359296,1.65647755928644e-11,1086678,1272618,1.79429292678833,0.6509954333305359,1.8089754581451416,0.619091272354126,0.009464625269174576,0.04752189666032791,0.09551863372325897,4,2359296,0.46059417724609375,-10.780814443237551,0.05922415301732897,0.05922415301732897
38,2359296,1.9116109736816433e-11,1088346,1270950,1.7307454347610474,0.66066974401474,1.7760217189788818,0.6279425024986267,0.009309539571404457,0.046501755714416504,0.09390395879745483,4,2359296,0.46130116780598956,-10.718600485058701,0.06221395817884989,0.06221395817884989
40,2359296,2.2217649595090982e-11,1086676,1272620,1.5571743249893188,0.6701417565345764,1.717098355293274,0.6356452703475952,0.009219859726727009,0.0465778186917305,0.09386514127254486,4,2359296,0.4605933295355903,-10.653301886973631,0.06529859808506977,0.06529859808506977
42,2359296,2.5945511364366958e-11,1083058,1276238,1.458042860031128,0.6784128546714783,1.617859959602356,0.6431304216384888,0.00916109699755907,0.045975375920534134,0.09240871667861938,4,2359296,0.45905982123480904,-10.585937765303058,0.0673641216705736,0.0673641216705736
44,2359296,2.971609069923886e-11,1083930,1275366,1.5727887153625488,0.6813325881958008,1.5288963317871094,0.6526438593864441,0.009443414397537708,0.04678530991077423,0.09441477060317993,4,2359296,0.45942942301432294,-10.527008324770817,0.05892944053224092,0.05892944053224092
46,2359296,3.3932467946584666e-11,1084248,1275048,1.8302761316299438,0.6860514283180237,1.4879170656204224,0.6599984169006348,0.009334580041468143,0.04740704968571663,0.09511569142341614,4,2359296,0.459564208984375,-10.469384552479692,0.05762377229112481,0.05762377229112481
48,2359296,3.875226528560205e-11,1081126,1278170,1.60623300075531,0.690500020980835,1.5079034566879272,0.6660059690475464,0.009640874341130257,0.047856587916612625,0.09638654440641403,4,2359296,0.45824093288845485,-10.411702905485877,0.057681646993815505,0.057681646993815505
50,2359296,4.406458531391877e-11,1079286,1280010,1.5464714765548706,0.6946485638618469,1.4748408794403076,0.670536458492279,0.009471076540648937,0.048140157014131546,0.09698263555765152,4,2359296,0.45746103922526044,-10.355910312611513,0.05579259287436322,0.05579259287436322
52,2359296,5.019575033404777e-11,1074316,1284980,1.655771017074585,0.6991417407989502,1.4261351823806763,0.6748579144477844,0.009623797610402107,0.04804452136158943,0.09703196585178375,4,2359296,0.4553544786241319,-10.299333049480419,0.05657726313109457,0.05657726313109457
54,2359296,5.6501501394246034e-11,1071614,1287682,1.6977992057800293,0.7000564932823181,1.4218302965164185,0.6811026334762573,0.009732048958539963,0.04947490245103836,0.09948824346065521,4,2359296,0.45420922173394096,-10.247940011674848,0.05139303780557114,0.05139303780557114
56,2359296,6.364632432198647e-11,1070076,1289220,1.6690971851348877,0.7031917572021484,1.4262806177139282,0.6858201622962952,0.009752578102052212,0.04916473478078842,0.09959293156862259,4,2359296,0.4535573323567708,-10.196226672493795,0.051713339181052476,0.051713339181052476
58,2359296,7.097790410970362e-11,1066492,1292804,1.9881439208984375,0.7042340040206909,1.4280401468276978,0.6900189518928528,0.00988005567342043,0.05029105022549629,0.10138285160064697,4,2359296,0.4520382351345486,-10.148876828981512,0.047349843512282774,0.047349843512282774
60,2359296,7.866501200437526e-11,1062556,1296740,1.8963470458984375,0.7065920829772949,1.5031678676605225,0.691928505897522,0.010061587207019329,0.051383644342422485,0.10289716720581055,4,2359296,0.4503699408637153,-10.10421838672744,0.04465844225407167,0.04465844225407167
62,2359296,8.727813610720503e-11,1060722,1298574,1.8385733366012573,0.7063407301902771,1.5431749820709229,0.6947237253189087,0.010186458006501198,0.051347099244594574,0.10347103327512741,4,2359296,0.44959259033203125,-10.059094537018696,0.0451238497087445,0.0451238497087445
64,2359296,9.62672094817485e-11,1061476,1297820,2.10971999168396,0.7091102600097656,1.5705317258834839,0.7007846832275391,0.01021596323698759,0.05201718956232071,0.10485870391130447,4,2359296,0.4499121771918403,-10.016521616989685,0.04257292002901103,0.04257292002901103
66,2359296,1.0540487233035023e-10,1056344,1302952,1.8189083337783813,0.7110735177993774,1.654776930809021,0.704138994216919,0.010711472481489182,0.05371734872460365,0.10784460604190826,4,2359296,0.4477369520399306,-9.977139313437725,0.03938230355196026,0.03938230355196026
68,2359296,1.148491093894144e-10,1052200,1307096,2.0337343215942383,0.7116535305976868,1.661136507987976,0.7071558833122253,0.010691883973777294,0.05427580326795578,0.10917696356773376,4,2359296,0.4459804958767361,-9.939872368242247,0.03726694519547813,0.03726694519547813
70,2359296,1.24586993499598e-10,1051696,1307600,2.1804561614990234,0.7107220888137817,1.7212631702423096,0.7102040648460388,0.010981310158967972,0.05518990382552147,0.11078201234340668,4,2359296,0.4457668728298611,-9.904527294323673,0.03534507391857389,0.03534507391857389
72,2359296,1.3502875206850007e-10,1050388,1308908,1.8586742877960205,0.713295042514801,1.803218126296997,0.7119220495223999,0.010962615720927715,0.055131055414676666,0.11148356646299362,4,2359296,0.4452124701605903,-9.869573746059318,0.034953548264354595,0.034953548264354595
74,2359296,1.4537360204514016e-10,1050398,1308898,2.06535267829895,0.7134774327278137,1.8099486827850342,0.7162414789199829,0.011255733668804169,0.057146910578012466,0.11499736458063126,4,2359296,0.44521670871310765,-9.83751444854553,0.03205929751378811,0.03205929751378811
76,2359296,1.5654656737584816e-10,1048750,1310546,1.9636483192443848,0.7169141173362732,1.8596272468566895,0.7206451892852783,0.011297258548438549,0.05726722255349159,0.11504647880792618,4,2359296,0.44451819525824654,-9.80535645079425,0.032157997751280476,0.032157997751280476
78,2359296,1.67116875893214e-10,1042758,1316538,2.027299165725708,0.7171351909637451,1.8825271129608154,0.7220422029495239,0.011442732065916061,0.05842391401529312,0.11705784499645233,4,2359296,0.44197845458984375,-9.776979691715038,0.028376759079211666,0.028376759079211666
80,2359296,1.7811850605564672e-10,1041542,1317754,2.4787919521331787,0.7161807417869568,1.919792890548706,0.7235554456710815,0.011607789434492588,0.059172842651605606,0.11863947659730911,4,2359296,0.44146304660373265,-9.749290956110485,0.02768873560455276,0.02768873560455276
82,2359296,1.8914744770448522e-10,1044128,1315168,1.8425002098083496,0.7163175940513611,2.061337471008301,0.7268065810203552,0.011846248991787434,0.06029720604419708,0.12089131772518158,4,2359296,0.4425591362847222,-9.723199514563342,0.026091441547142935,0.026091441547142935
84,2359296,2.0082167873081147e-10,1043528,1315768,1.9851511716842651,0.7191951274871826,2.038900136947632,0.7294657230377197,0.011952721513807774,0.06051969528198242,0.12161436676979065,4,2359296,0.4423048231336806,-9.697189406840888,0.02601010772245438,0.02601010772245438
86,2359296,2.1191147447918723e-10,1044058,1315238,2.0816352367401123,0.7192964553833008,2.0616438388824463,0.7334107160568237,0.012228247709572315,0.06228772550821304,0.12461471557617188,4,2359296,0.44252946641710067,-9.673845526686682,0.023343880154206076,0.023343880154206076
88,2359296,2.2337826033336228e-10,1041624,1317672,2.315039873123169,0.7222113609313965,2.099949836730957,0.7353520393371582,0.012386427260935307,0.062223028391599655,0.1245497390627861,4,2359296,0.441497802734375,-9.650959095663893,0.022886431022788756,0.022886431022788756
90,2359296,2.335327486946426e-10,1037880,1321416,1.7510958909988403,0.7200182676315308,2.192326068878174,0.7342395782470703,0.012626701034605503,0.06398138403892517,0.12828169763088226,4,2359296,0.439910888671875,-9.631652208973252,0.01930688669064118,0.01930688669064118
92,2359296,2.441182811452336e-10,1039958,1319338,2.0395689010620117,0.7207567095756531,2.154451370239258,0.7344878315925598,0.012736090458929539,0.0644804835319519,0.12926867604255676,4,2359296,0.44079165988498265,-9.612399696604058,0.019252512369194008,0.019252512369194008
94,2359296,2.5479465759481457e-10,1042958,1316338,1.893262505531311,0.7204397320747375,2.1910171508789062,0.737465500831604,0.012743561528623104,0.06558173894882202,0.13108964264392853,4,2359296,0.44206322564019096,-9.593809682307707,0.018590014296350432,0.018590014296350432
96,2359296,2.6520094453807985e-10,1045542,1313754,2.5785388946533203,0.7233245968818665,2.1952924728393555,0.740780234336853,0.013102294877171516,0.06654060631990433,0.13373063504695892,4,2359296,0.44315846761067706,-9.57642493348391,0.01738474882379748,0.01738474882379748
98,2359296,2.746319838209388e-10,1044124,1315172,2.001589059829712,0.7250959873199463,2.355644702911377,0.7429835796356201,0.013412199914455414,0.06817389279603958,0.13542549312114716,4,2359296,0.4425574408637153,-9.561248885933677,0.015176047550232497,0.015176047550232497
0,2359296,1.5143632807706857e-14,705890,1653406,0.1216295138001442,0.01451835222542286,0.09444677084684372,0.014651856385171413,0.2634929120540619,0.8147459626197815,0.8912110924720764,5,2359296,0.29919518364800346,-13.819769929387633,,
2,2359296,1.2263745520404296e-13,686992,1672304,0.3598124086856842,0.0758880078792572,0.24399496614933014,0.10000177472829819,0.05719280615448952,0.3010369837284088,0.6847750544548035,5,2359296,0.2911851671006944,-12.911376869914186,0.9083930594734468,0.9083930594734468
4,2359296,1.1713453286748415e-13,318816,2040480,0.10163899511098862,0.050646692514419556,0.701897144317627,0.09842304140329361,0.10918210446834564,0.49353545904159546,0.8106525540351868,5,2359296,0.1351318359375,-12.931315050078357,-0.01993818016417137,0.01993818016417137
6,2359296,2.046336461825754e-13,287172,2072124,0.12621727585792542,0.049477797001600266,0.8799321055412292,0.1523573100566864,0.10826265066862106,0.5047741532325745,0.7655969262123108,5,2359296,0.1217193603515625,-12.689022957378155,0.24229209270020213,0.24229209270020213
8,2359296,3.3447531311465994e-13,416004,1943292,0.15535399317741394,0.0764557495713234,1.1351397037506104,0.2163994312286377,0.06984788924455643,0.3407154977321625,0.625220000743866,5,2359296,0.17632548014322916,-12.475635931031373,0.21338702634678164,0.21338702634678164
10,2359296,5.316330058471874e-13,570782,1788514,0.2312093824148178,0.13780270516872406,1.1105687618255615,0.2917892038822174,0.03785157948732376,0.18675605952739716,0.3701535761356354,5,2359296,0.24192894829644096,-12.274388064199712,0.20124786683166107,0.20124786683166107
12,2359296,7.74496948779263e-13,692530,1666766,0.3200974762439728,0.22991420328617096,1.057788610458374,0.3537020981311798,0.025518028065562248,0.12268637865781784,0.24040980637073517,5,2359296,0.29353247748480904,-12.110980288854988,0.16340777534472473,0.16340777534472473
14,2359296,9.950992937643455e-13,770760,1588536,0.39797186851501465,0.2801286280155182,1.0102941989898682,0.38637396693229675,0.022454459220170975,0.10822045058012009,0.20827624201774597,5,2359296,0.326690673828125,-12.002133581985513,0.10884670686947473,0.10884670686947473
16,2359296,1.3485846554056602e-12,856602,1502694,0.487051784992218,0.33216309547424316,0.9608656167984009,0.4300158619880676,0.01812860555946827,0.08884406089782715,0.17370961606502533,5,2359296,0.36307525634765625,-11.870121786162095,0.13201179582341815,0.13201179582341815
18,2359296,1.8084060724593565e-12,921488,1437808,0.5527718663215637,0.40151435136795044,0.9167812466621399,0.466493159532547,0.014359383843839169,0.07152779400348663,0.14057698845863342,5,2359296,0.3905775282118056,-11.742704043314827,0.1274177428472676,0.1274177428472676
20,2359296,2.2677059882680872e-12,955084,1404212,0.6331557035446167,0.43834736943244934,0.8654384613037109,0.4875231981277466,0.013177898712456226,0.06487911194562912,0.12855938076972961,5,2359296,0.4048173692491319,-11.644413253108004,0.09829079020682308,0.09829079020682308
22,2359296,2.8382227124090775e-12,989718,1369578,0.8284413814544678,0.47414523363113403,0.9004811644554138,0.5114644169807434,0.01230552513152361,0.05999486520886421,0.11877322942018509,5,2359296,0.41949717203776044,-11.546953528901327,0.09745972420667748,0.09745972420667748
24,2359296,3.4605423995109907e-12,1011422,1347874,1.0510904788970947,0.5109438896179199,0.8752245306968689,0.5313940048217773,0.011525358073413372,0.05706916004419327,0.11294593662023544,5,2359296,0.42869652642144096,-11.460855825295974,0.0860977036053523,0.0860977036053523
26,2359296,4.269183964678014e-12,1024680,1334616,1.1528675556182861,0.5426972508430481,0.8963239192962646,0.5497589111328125,0.01057793665677309,0.053390324115753174,0.10572764277458191,5,2359296,0.4343159993489583,-11.369655130479934,0.09120069481603998,0.09120069481603998
28,2359296,5.295296319485221e-12,1043576,1315720,1.078932762145996,0.5694294571876526,0.9206483364105225,0.5714560747146606,0.010032810270786285,0.04992257431149483,0.09981736540794373,5,2359296,0.4423251681857639,-11.276109732191706,0.09354539828822794,0.09354539828822794
30,2359296,6.414236329577161e-12,1045340,1313956,1.2832465171813965,0.5926287174224854,0.9103341698646545,0.5885929465293884,0.009806378744542599,0.04930644482374191,0.09842634946107864,5,2359296,0.4430728488498264,-11.192855042733047,0.08325468945865921,0.08325468945865921
32,2359296,7.663886886222215e-12,1046126,1313170,1.1721667051315308,0.6060133576393127,0.9382667541503906,0.6044756770133972,0.009820041246712208,0.04880005121231079,0.09826063364744186,5,2359296,0.44340599907769096,-11.115550913774507,0.07730412895853966,0.07730412895853966
34,2359296,9.039987508563385e-12,1049632,1309664,1.2341781854629517,0.6245908737182617,0.9323490858078003,0.616898238658905,0.009762468747794628,0.04906100407242775,0.09846021980047226,5,2359296,0.4448920355902778,-11.043832169631466,0.07171874414304114,0.07171874414304114
36,2359296,1.0750267863401941e-11,1052074,1307222,1.3836979866027832,0.638271689414978,0.9393386244773865,0.6350242495536804,0.009285468608140945,0.0465746708214283,0.09434792399406433,5,2359296,0.44592709011501735,-10.968580714339256,0.07525145529221078,0.07525145529221078
38,2359296,1.2780979399829029e-11,1050172,1309124,1.7614922523498535,0.6472523212432861,0.9672396779060364,0.6490970849990845,0.009646991267800331,0.04809974133968353,0.09710504859685898,5,2359296,0.4451209174262153,-10.893435865141326,0.07514484919792963,0.07514484919792963
40,2359296,1.5078749013297532e-11,1038430,1320866,1.121700406074524,0.6648972034454346,1.0601190328598022,0.6546931862831116,0.009688664227724075,0.04810338839888573,0.097068652510643,5,2359296,0.44014400906032985,-10.821634687588135,0.0718011775531906,0.0718011775531906
42,2359296,1.786031045281078e-11,1033416,1325880,2.7517335414886475,0.6702421307563782,0.9936433434486389,0.6668712496757507,0.009507304057478905,0.04743104428052902,0.09528882801532745,5,2359296,0.438018798828125,-10.748110996356163,0.07352369123197278,0.07352369123197278
44,2359296,2.0896291641481213e-11,1034992,1324304,1.2634367942810059,0.6793273687362671,1.282433271408081,0.6808250546455383,0.009779785759747028,0.04824191704392433,0.09656112641096115,5,2359296,0.4386867947048611,-10.679930779082177,0.06818021727398538,0.06818021727398538
46,2359296,2.4196922243646668e-11,1030818,1328478,1.1540412902832031,0.680030345916748,1.1938799619674683,0.6897417902946472,0.009925127029418945,0.0498545803129673,0.09948409348726273,5,2359296,0.43691762288411456,-10.61623987111072,0.06369090797145738,0.06369090797145738
48,2359296,2.7962084037103097e-11,1025120,1334176,1.1673228740692139,0.6912538409233093,1.0977091789245605,0.6953415274620056,0.009985173121094704,0.05016583576798439,0.10005755722522736,5,2359296,0.4345024956597222,-10.55343046339543,0.06280940771529053,0.06280940771529053
50,2359296,3.2219529128019175e-11,1022702,1336594,1.1826915740966797,0.69144606590271,1.0514689683914185,0.7002054452896118,0.0098591772839427,0.050050750374794006,0.09972602128982544,5,2359296,0.43347761366102433,-10.491880810862712,0.06154965253271705,0.06154965253271705
52,2359296,3.6918166440580436e-11,1016628,1342668,1.154143214225769,0.7011908292770386,0.9910724759101868,0.7065088152885437,0.010043988935649395,0.05052782595157623,0.10049497336149216,5,2359296,0.4309031168619792,-10.432759876565743,0.05912093429696874,0.05912093429696874
54,2359296,4.201814590709674e-11,1015632,1343664,1.2493318319320679,0.6960799694061279,0.9443780183792114,0.7162190079689026,0.010332482866942883,0.051146477460861206,0.10158896446228027,5,2359296,0.43048095703125,-10.376563115187615,0.05619676137812846,0.05619676137812846
56,2359296,4.752903626226157e-11,1015728,1343568,1.168610692024231,0.7054670453071594,0.9286786317825317,0.7219480872154236,0.010491982102394104,0.05289900302886963,0.10534906387329102,5,2359296,0.4305216471354167,-10.32304099172723,0.05352212346038421,0.05352212346038421
58,2359296,5.2792156063352635e-11,1003152,1356144,1.2612919807434082,0.7060892581939697,0.8978064060211182,0.7235247492790222,0.010932540521025658,0.05363394692540169,0.10573571920394897,5,2359296,0.4251912434895833,-10.277430600789428,0.04561039093780295,0.04561039093780295
60,2359296,5.898095206680054e-11,997321,1361975,1.143619179725647,0.7053307294845581,0.8881927728652954,0.7249538898468018,0.010632484219968319,0.05268413946032524,0.10486794263124466,5,2359296,0.42271974351671004,-10.229288221373562,0.04814237941586619,0.04814237941586619
62,2359296,6.596564267047356e-11,1006313,1352983,1.2063106298446655,0.7007274627685547,0.8661424517631531,0.7311824560165405,0.010859444737434387,0.054232630878686905,0.10770009458065033,5,2359296,0.4265310499403212,-10.18068220209004,0.04860601928352182,0.04860601928352182
64,2359296,7.293384646223089e-11,1005794,1353502,1.1792821884155273,0.715054452419281,0.8660997152328491,0.7372071743011475,0.010948563925921917,0.05471597611904144,0.10959599912166595,5,2359296,0.42631106906467015,-10.137070881551896,0.04361132053814387,0.04361132053814387
66,2359296,7.94260629488619e-11,991052,1368244,1.157849669456482,0.7138926982879639,0.8546246290206909,0.7389140725135803,0.011473665945231915,0.05663779377937317,0.11222317069768906,5,2359296,0.4200625949435764,-10.100036964354308,0.037033917197588195,0.037033917197588195
68,2359296,8.684464952724014e-11,988318,1370978,1.1253663301467896,0.7100715637207031,0.839552640914917,0.7440146803855896,0.011406248435378075,0.056930061429739,0.11300614476203918,5,2359296,0.41890377468532985,-10.0612569331452,0.038780031209107335,0.038780031209107335
70,2359296,9.439760084717363e-11,991650,1367646,1.193833827972412,0.7075453996658325,0.8270575404167175,0.7467023134231567,0.011609943583607674,0.057526346296072006,0.11446578800678253,5,2359296,0.42031606038411456,-10.025039043329837,0.036217889815363336,0.036217889815363336
72,2359296,1.0249438103793196e-10,990928,1368368,1.244258999824524,0.7156032919883728,0.829914927482605,0.750262975692749,0.011647667735815048,0.05814247205853462,0.1164090633392334,5,2359296,0.4200100368923611,-9.989299942911737,0.03573910041810002,0.03573910041810002
74,2359296,1.108103470093269e-10,990260,1369036,1.2384452819824219,0.7135854363441467,0.8459101915359497,0.7557300925254822,0.011751459911465645,0.059110742062330246,0.11812756955623627,5,2359296,0.4197269015842014,-9.95541968510173,0.03388025781000792,0.03388025781000792
76,2359296,1.1888673379090164e-10,982628,1376668,1.1410446166992188,0.7222694754600525,0.856489360332489,0.7580577731132507,0.012301704846322536,0.060663849115371704,0.12044842541217804,5,2359296,0.4164920383029514,-9.924866604278249,0.030553080823480627,0.030553080823480627
78,2359296,1.2665374304887678e-10,977316,1381980,1.3564438819885254,0.714758038520813,0.8473296761512756,0.76016765832901,0.012285688892006874,0.0615113228559494,0.12158811092376709,5,2359296,0.4142405192057292,-9.897381970804727,0.027484633473521924,0.027484633473521924
80,2359296,1.351088824153024e-10,981682,1377614,1.09762704372406,0.716210663318634,0.8841257095336914,0.7608944773674011,0.012496917508542538,0.062149450182914734,0.12309891730546951,5,2359296,0.41609107123480904,-9.869316098371417,0.02806587243330938,0.02806587243330938
82,2359296,1.4313616958361308e-10,980514,1378782,1.1602996587753296,0.715357780456543,0.8654629588127136,0.7618768811225891,0.012882019393146038,0.06359011679887772,0.1261267066001892,5,2359296,0.41559600830078125,-9.844250608967533,0.0250654894038842,0.0250654894038842
84,2359296,1.5257371754895388e-10,982728,1376568,1.0824716091156006,0.7190710306167603,0.8617865443229675,0.7693471908569336,0.013067704625427723,0.06504037231206894,0.12806899845600128,5,2359296,0.416534423828125,-9.816520271797412,0.02773033717012119,0.02773033717012119
86,2359296,1.6124486468260812e-10,986646,1372650,1.1614269018173218,0.7209579348564148,0.851662278175354,0.7802558541297913,0.012979325838387012,0.06410911679267883,0.1275685578584671,5,2359296,0.41819508870442706,-9.792514107858711,0.02400616393870081,0.02400616393870081
88,2359296,1.693861301221844e-10,975704,1383592,1.0800180435180664,0.7263826727867126,0.8508434891700745,0.7800936698913574,0.013390330597758293,0.06646277755498886,0.13023518025875092,5,2359296,0.4135572645399306,-9.77112215396995,0.02139195388876125,0.02139195388876125
90,2359296,1.7655275852401786e-10,967878,1391418,1.156604290008545,0.7198399901390076,0.8348598480224609,0.7702088356018066,0.013732101768255234,0.06736179441213608,0.13373172283172607,5,2359296,0.41024017333984375,-9.75312549247415,0.01799666149580048,0.01799666149580048
92,2359296,1.8531397250054482e-10,977698,1381598,1.0498011112213135,0.7184322476387024,0.8410413265228271,0.7734228372573853,0.013438710011541843,0.06753312051296234,0.13361793756484985,5,2359296,0.41440243191189235,-9.732091834048012,0.02103365842613769,0.02103365842613769
94,2359296,1.93590060648674e-10,986092,1373204,1.0667674541473389,0.7197234034538269,0.8309146165847778,0.7810812592506409,0.013582912273705006,0.06886376440525055,0.13588084280490875,5,2359296,0.4179602728949653,-9.713116944115667,0.018974889932344752,0.018974889932344752
96,2359296,2.0124389654707642e-10,980949,1378347,1.053706169128418,0.7292011380195618,0.8208852410316467,0.7836451530456543,0.01425048615783453,0.0713023841381073,0.13966679573059082,5,2359296,0.41578038533528644,-9.6962772823197,0.01683966179596652,0.01683966179596652
98,2359296,2.0810081435840289e-10,976935,1382361,1.103890299797058,0.7231188416481018,0.8109455704689026,0.7864967584609985,0.014545491896569729,0.07229345291852951,0.1422663778066635,5,2359296,0.4140790303548177,-9.681726220265698,0.014551062054001918,0.014551062054001918
0,589824,1.1800621616756945e-15,143823,446001,0.005161854904145002,0.0011099891271442175,0.02708226814866066,0.0011673691915348172,0.9144504070281982,0.9888474345207214,0.9961619973182678,6,589824,0.24384053548177084,-14.928095114929734,,
2,589824,1.0390991080002233e-14,133848,455976,0.05414332449436188,0.007186187896877527,0.06447950005531311,0.009911878034472466,0.6848962903022766,0.8669012188911438,0.9246159791946411,6,589824,0.2269287109375,-13.983343027991529,0.9447520869382053,0.9447520869382053
4,589824,1.3285417010218056e-14,73352,516472,0.017979517579078674,0.007281987927854061,0.0871700569987297,0.012823753990232944,0.7064293026924133,0.9254144430160522,0.9679354429244995,6,589824,0.1243625217013889,-13.876624809157788,0.10671821883374122,0.10671821883374122
6,589824,2.958396060678131e-14,92850,496974,0.03770424425601959,0.01161895226687193,0.11870227754116058,0.02762773260474205,0.42873451113700867,0.8358750343322754,0.9191814661026001,6,589824,0.15741984049479166,-13.52894368447955,0.3476811246782372,0.3476811246782372
8,589824,7.451023576344334e-14,157304,432520,0.23425203561782837,0.036916136741638184,0.19587308168411255,0.06557312607765198,0.12269872426986694,0.663282573223114,0.7717858552932739,6,589824,0.2666965060763889,-13.127784062416392,0.40115962206315814,0.40115962206315814
10,589824,1.8411396810347896e-13,212680,377144,0.8711198568344116,0.1025204211473465,0.3097739815711975,0.14711911976337433,0.0368817001581192,0.2002444863319397,0.48804304003715515,6,589824,0.3605821397569444,-12.734913261793954,0.39287080062243795,0.39287080062243795
12,589824,4.859979064152087e-13,228132,361692,2.307615280151367,0.23157086968421936,0.5282297134399414,0.3068365752696991,0.01878298446536064,0.09299440681934357,0.1926559954881668,6,589824,0.38677978515625,-12.313365601590135,0.42154766020381906,0.42154766020381906
14,589824,1.0291340262619242e-12,233742,356082,4.382260322570801,0.3577262759208679,0.8981755375862122,0.4770265817642212,0.011264556087553501,0.05662225931882858,0.1162264347076416,6,589824,0.3962910970052083,-11.987528062481864,0.32583753910827085,0.32583753910827085
16,589824,2.6890406134433276e-12,231170,358654,3.699012041091919,0.5507936477661133,1.2127933502197266,0.6834929585456848,0.008314227685332298,0.044257473200559616,0.08861877024173737,6,589824,0.3919304741753472,-11.570402638438233,0.41712542404363084,0.41712542404363084
18,589824,5.07219526796332e-12,217378,372446,4.169971942901611,0.6336157917976379,1.2577979564666748,0.7553554177284241,0.008763535879552364,0.04200517013669014,0.08087754994630814,6,589824,0.3685472276475694,-11.29480403545626,0.27559860298197414,0.27559860298197414
20,589824,9.735036561597799e-12,232644,357180,2.9971446990966797,0.6198133826255798,1.2874561548233032,0.8212507367134094,0.006645346526056528,0.03435291722416878,0.07263887673616409,6,589824,0.3944295247395833,-11.011662413073548,0.28314162238271123,0.28314162238271123
22,589824,1.739706642633898e-11,239642,350182,3.3508400917053223,0.715424120426178,1.1945481300354004,0.8358478546142578,0.008946678601205349,0.043539948761463165,0.08705485612154007,6,589824,0.4062940809461806,-10.759523978284298,0.25213843478925035,0.25213843478925035
24,589824,2.7996121046425237e-11,233940,355884,3.1137702465057373,0.6713379621505737,1.2166372537612915,0.8371229767799377,0.007775498554110527,0.03951440751552582,0.07928101718425751,6,589824,0.3966267903645833,-10.552902137401768,0.20662184088253,0.20662184088253
26,589824,4.2832272451054365e-11,239852,349972,3.586855411529541,0.7468593120574951,1.2479822635650635,0.846010684967041,0.006574888247996569,0.03642662987112999,0.07844837754964828,6,589824,0.4066501193576389,-10.368228883652165,0.18467325374960275,0.18467325374960275
28,589824,6.596635043765176e-11,240200,349624,3.0867159366607666,0.6480770707130432,1.3051451444625854,0.848254382610321,0.00927976705133915,0.04689009115099907,0.09437135607004166,6,589824,0.4072401258680556,-10.18067754242603,0.18755134122613448,0.18755134122613448
30,589824,9.641946269178803e-11,236020,353804,3.000060558319092,0.7681702375411987,1.310785174369812,0.8350491523742676,0.008393356576561928,0.041178714483976364,0.08392085880041122,6,589824,0.4001532660590278,-10.015835293000716,0.16484224942531434,0.16484224942531434
32,589824,1.299340496307977e-10,230684,359140,2.7241082191467285,0.7245593070983887,1.323230504989624,0.81074059009552,0.010265124030411243,0.050345923751592636,0.0971762165427208,6,589824,0.3911064995659722,-9.88627702576275,0.12955826723796626,0.12955826723796626
34,589824,1.834904450603858e-10,242496,347328,2.46146559715271,0.7145791053771973,1.3028075695037842,0.8361807465553284,0.008371272124350071,0.04379453882575035,0.08503645658493042,6,589824,0.4111328125,-9.73638654593827,0.14989047982447978,0.14989047982447978
36,589824,2.478166560848649e-10,248988,340836,2.137871503829956,0.7225525379180908,1.3020097017288208,0.8475161194801331,0.01046636700630188,0.04978954792022705,0.09976785629987717,6,589824,0.4221394856770833,-9.60586950747307,0.13051703846520013,0.13051703846520013
38,589824,3.194845776821609e-10,234010,355814,2.1570041179656982,0.7666207551956177,1.2260997295379639,0.8198080062866211,0.011153370141983032,0.0533139631152153,0.09746164828538895,6,589824,0.3967454698350694,-9.495550101478017,0.11031940599505319,0.11031940599505319
40,589824,4.0288153368983615e-10,225246,364578,1.7554030418395996,0.6735028624534607,1.1591789722442627,0.8005673289299011,0.011174449697136879,0.05553928017616272,0.11327171325683594,6,589824,0.3818868001302083,-9.394822638296406,0.1007274631816113,0.1007274631816113
42,589824,5.198472208256533e-10,236739,353085,1.472208023071289,0.7235221862792969,1.0861784219741821,0.7977982759475708,0.010403863154351711,0.05533520132303238,0.108651302754879,6,589824,0.4013722737630208,-9.284124273483403,0.11069836481300221,0.11069836481300221
44,589824,6.630117010963943e-10,253411,336413,1.5789061784744263,0.6840445399284363,1.0358766317367554,0.8212516903877258,0.009131411090493202,0.04915335401892662,0.10653839260339737,6,589824,0.4296383327907986,-9.178478806924407,0.10564546655899676,0.10564546655899676
46,589824,8.116529115476112e-10,246826,342998,1.8520711660385132,0.7788175344467163,1.0143678188323975,0.8388806581497192,0.008686280809342861,0.04709795489907265,0.10551156848669052,6,589824,0.4184739854600694,-9.090629649115115,0.08784915780929126,0.08784915780929126
48,589824,9.298472547492054e-10,225800,364024,1.5486012697219849,0.7240563631057739,1.014362096786499,0.7911410331726074,0.01432240940630436,0.05838795378804207,0.1105978786945343,6,589824,0.3828260633680556,-9.031588386787757,0.05904126232735862,0.05904126232735862
50,589824,1.1406370292732504e-09,229748,360076,1.3892123699188232,0.7219743728637695,0.9564268589019775,0.7869695425033569,0.01237442810088396,0.054472729563713074,0.09919129312038422,6,589824,0.3895195855034722,-8.942852533725835,0.08873585306192133,0.08873585306192133
52,589824,1.3505025986404462e-09,239740,350084,1.5073637962341309,0.6843432188034058,0.9234519600868225,0.8053026795387268,0.014052724465727806,0.0700342059135437,0.12620756030082703,6,589824,0.4064602322048611,-8.869504575805209,0.07334795792062643,0.07334795792062643
54,589824,1.6476348063676483e-09,243780,346044,1.3793400526046753,0.7417662143707275,0.9163359999656677,0.798287034034729,0.010152596980333328,0.049881041049957275,0.1039215698838234,6,589824,0.4133097330729167,-8.783139042126074,0.08636553367913535,0.08636553367913535
56,589824,1.901226287515101e-09,243038,346786,1.4579724073410034,0.7365565299987793,0.9156803488731384,0.8035104274749756,0.012965049594640732,0.05990421026945114,0.11063289642333984,6,589824,0.4120517306857639,-8.72096618951518,0.062172852610894225,0.062172852610894225
58,589824,2.155617240262586e-09,239168,350656,1.564446210861206,0.737124502658844,0.9175671339035034,0.8238176703453064,0.0133797163143754,0.07206231355667114,0.14369815587997437,6,589824,0.4054904513888889,-8.666428351648213,0.054537837866966754,0.054537837866966754
60,589824,2.4102602136366613e-09,234882,354942,1.5107653141021729,0.705450713634491,0.9362267255783081,0.774931013584137,0.010694731958210468,0.06001737341284752,0.11957493424415588,6,589824,0.398223876953125,-8.617936068111435,0.04849228353677759,0.04849228353677759
62,589824,2.7201856322989215e-09,228902,360922,1.3069770336151123,0.7338130474090576,0.9185460805892944,0.793069064617157,0.012948772870004177,0.06561759859323502,0.11768355220556259,6,589824,0.3880852593315972,-8.565401457608376,0.0525346105030593,0.0525346105030593
64,589824,3.1569702407807654e-09,237642,352182,1.2806192636489868,0.6566821336746216,0.8921345472335815,0.7763965725898743,0.014290403574705124,0.06522837281227112,0.12278974801301956,6,589824,0.4029032389322917,-8.500729511970821,0.06467194563755463,0.06467194563755463
66,589824,3.601491549432012e-09,245376,344448,1.4672404527664185,0.7634327411651611,0.8903087973594666,0.7902900576591492,0.013599536381661892,0.059561651200056076,0.1167881041765213,6,589824,0.416015625,-8.44351759991807,0.057211912052750336,0.057211912052750336
68,589824,3.966469819260965e-09,239614,350210,1.411935806274414,0.7296891808509827,0.9236910343170166,0.81520015001297,0.011151268146932125,0.051545400172472,0.10990175604820251,6,589824,0.4062466091579861,-8.401595845897731,0.04192175402033982,0.04192175402033982
70,589824,4.303760459123396e-09,231752,358072,1.3390625715255737,0.7490748167037964,0.9179821014404297,0.8196070194244385,0.014265249483287334,0.07029929012060165,0.12553074955940247,6,589824,0.3929172092013889,-8.366151908850952,0.03544393704677873,0.03544393704677873
72,589824,4.653972762724834e-09,228980,360844,1.3255292177200317,0.6876276135444641,0.9038959741592407,0.7624337077140808,0.011979212053120136,0.064263254404068,0.1277884542942047,6,589824,0.3882175021701389,-8.332176162740936,0.0339757461100163,0.0339757461100163
74,589824,5.321957097237373e-09,241970,347854,1.221170425415039,0.710254430770874,0.8982251882553101,0.7663527727127075,0.014179443940520287,0.07721618562936783,0.1374509334564209,6,589824,0.4102410210503472,-8.273928630819611,0.05824753192132448,0.05824753192132448
76,589824,5.696940252875038e-09,243736,346088,1.3561662435531616,0.7256216406822205,0.9041154384613037,0.8163259029388428,0.016165031120181084,0.07918813824653625,0.1402624100446701,6,589824,0.4132351345486111,-8.244358335218191,0.029570295601420327,0.029570295601420327
78,589824,6.321041912116243e-09,239884,349940,1.1829465627670288,0.7431311011314392,0.9056378602981567,0.8270886540412903,0.013089660555124283,0.06288456171751022,0.13187624514102936,6,589824,0.4067043728298611,-8.199211330042358,0.045147005175833144,0.045147005175833144
80,589824,6.687713938191564e-09,238008,351816,1.4545243978500366,0.7389892935752869,0.8991271257400513,0.7920740246772766,0.01727673038840294,0.07772007584571838,0.1375499963760376,6,589824,0.4035237630208333,-8.174722311783436,0.024489018258922357,0.024489018258922357
82,589824,7.0888983572103825e-09,228638,361186,1.2254472970962524,0.7394618988037109,0.9110921621322632,0.803490400314331,0.01771359145641327,0.07089810073375702,0.13099747896194458,6,589824,0.3876376681857639,-8.149421250650242,0.025301061133193414,0.025301061133193414
84,589824,7.729180850901685e-09,235324,354500,1.1354349851608276,0.6738423705101013,0.9002543687820435,0.7831292748451233,0.015604018233716488,0.07603134214878082,0.1344614177942276,6,589824,0.3989732530381944,-8.111866530762674,0.03755471988756831,0.03755471988756831
86,589824,8.181538113660736e-09,235554,354270,1.2874126434326172,0.7530861496925354,0.880092203617096,0.7616151571273804,0.015104817226529121,0.07537125796079636,0.13223294913768768,6,589824,0.3993631998697917,-8.08716504211344,0.024701488649233383,0.024701488649233383
88,589824,8.493945991006058e-09,227344,362480,1.2083115577697754,0.7013163566589355,0.8748317360877991,0.7797403931617737,0.012826377525925636,0.06625641882419586,0.13744810223579407,6,589824,0.3854437934027778,-8.07089050481021,0.016274537303230474,0.016274537303230474
90,589824,9.191886363169033e-09,242196,347628,1.1058290004730225,0.709900975227356,0.8780499696731567,0.7645425200462341,0.012456852942705154,0.0725817084312439,0.1482146680355072,6,589824,0.4106241861979167,-8.036595353353027,0.03429515145718298,0.03429515145718298
92,589824,9.888154295367713e-09,255744,334080,1.1690174341201782,0.7077779769897461,0.8942403793334961,0.8180639743804932,0.017001375555992126,0.08733733743429184,0.16487190127372742,6,589824,0.43359375,-8.004884765444583,0.031710587908444055,0.031710587908444055
94,589824,1.0374333392348944e-08,246026,343798,1.2826361656188965,0.7670955061912537,0.892609179019928,0.8477464318275452,0.012612488120794296,0.06042450666427612,0.13890402019023895,6,589824,0.4171176486545139,-7.984039799514699,0.02084496592988394,0.02084496592988394
96,589824,1.0465517341629038e-08,223390,366434,1.2239742279052734,0.7447888851165771,0.8878530859947205,0.7896007299423218,0.016885267570614815,0.0737096518278122,0.1393258422613144,6,589824,0.3787400987413194,-7.98023929832755,0.003800501187148697,0.003800501187148697
98,589824,1.0948049578018981e-08,223388,366436,0.9795577526092529,0.7075251340866089,0.864473283290863,0.790888249874115,0.01593639701604843,0.07764517515897751,0.14708489179611206,6,589824,0.3787367078993056,-7.960663244563767,0.019576053763783463,0.019576053763783463
0,589824,1.0836588855531355e-14,147385,442439,0.09535466134548187,0.010023809969425201,0.08161653578281403,0.010588331148028374,0.4971197843551636,0.8546731472015381,0.920460045337677,7,589824,0.24987962510850695,-13.965107403624152,,
2,589824,8.365653818547675e-14,148652,441172,0.22614403069019318,0.052485015243291855,0.22185875475406647,0.07297564297914505,0.084748275578022,0.46982887387275696,0.7266232967376709,7,589824,0.2520277235243056,-13.077500111044555,0.887607292579597,0.887607292579597
4,589824,8.766438638375951e-14,68384,521440,0.08382187783718109,0.04064393788576126,0.32562562823295593,0.07821263372898102,0.137049600481987,0.6212125420570374,0.8322999477386475,7,589824,0.1159396701388889,-13.057176802737473,0.0203233083070824,0.0203233083070824
6,589824,1.464468195148949e-13,52124,537700,0.07465708255767822,0.033126961439847946,0.4171324372291565,0.12174945324659348,0.16458828747272491,0.698622465133667,0.83504718542099,7,589824,0.08837212456597222,-12.834320055748377,0.22285674698909652,0.22285674698909652
8,589824,2.8631825100926267e-13,90600,499224,0.2824361026287079,0.08269426226615906,0.646575927734375,0.2070682793855667,0.06812362372875214,0.31333333253860474,0.5898234248161316,7,589824,0.15360514322916666,-12.543150967521608,0.2911690882267681,0.2911690882267681
10,589824,4.2332589799028153e-13,106782,483042,0.15840473771095276,0.11658322811126709,0.6970303654670715,0.27297160029411316,0.049427807331085205,0.2368844896554947,0.44395121932029724,7,589824,0.18104044596354166,-12.373325161693193,0.169825805828415,0.169825805828415
12,589824,5.625790089856808e-13,125980,463844,0.20737743377685547,0.17498914897441864,0.7300102114677429,0.32444554567337036,0.03670423850417137,0.17360691726207733,0.3237021565437317,7,589824,0.2135891384548611,-12.249816476315432,0.12350868537776094,0.12350868537776094
14,589824,7.441401011012982e-13,146114,443710,0.2697041630744934,0.22702394425868988,0.7546234726905823,0.3758143484592438,0.028772056102752686,0.13946644961833954,0.26199406385421753,7,589824,0.24772474500868055,-12.128345291057467,0.12147118525796508,0.12147118525796508
16,589824,9.513519529449899e-13,161222,428602,0.32281410694122314,0.27080342173576355,0.8011701107025146,0.42098575830459595,0.0242522731423378,0.11595191806554794,0.2189527451992035,7,589824,0.2733391655815972,-12.021658785959817,0.10668650509765065,0.10668650509765065
18,589824,1.1758705988074158e-12,173708,416116,0.35381609201431274,0.30929872393608093,0.8195580244064331,0.45418182015419006,0.020638082176446915,0.0995924174785614,0.18970917165279388,7,589824,0.2945081922743056,-11.929640468494577,0.09201831746523936,0.09201831746523936
20,589824,1.389790301072058e-12,185222,404602,0.38883036375045776,0.34214967489242554,0.8212522268295288,0.4724368751049042,0.018253769725561142,0.08962217718362808,0.17221495509147644,7,589824,0.3140292697482639,-11.857050723456384,0.0725897450381936,0.0725897450381936
22,589824,1.6659535079580068e-12,197796,392028,0.438219279050827,0.3795675039291382,0.8611087799072266,0.49142351746559143,0.016436126083135605,0.08018362522125244,0.15608000755310059,7,589824,0.3353474934895833,-11.778337122688551,0.0787136007678324,0.0787136007678324
24,589824,1.91368166972683e-12,207114,382710,0.46590203046798706,0.4113008975982666,0.8478009104728699,0.5050894021987915,0.015537336468696594,0.0752628967165947,0.14484776556491852,7,589824,0.3511454264322917,-11.718130303016283,0.06020681967226871,0.06020681967226871
26,589824,2.1748059082782323e-12,214962,374862,0.5005360245704651,0.43632087111473083,0.8194293975830078,0.5176116228103638,0.01465375255793333,0.07107767462730408,0.1369544416666031,7,589824,0.3644510904947917,-11.662579495824296,0.05555080719198635,0.05555080719198635
28,589824,2.507517631034073e-12,222270,367554,0.5482850074768066,0.46659666299819946,0.8093127608299255,0.5335531234741211,0.01304719503968954,0.06529446691274643,0.12766006588935852,7,589824,0.3768412272135417,-11.600756004654947,0.061823491169349154,0.061823491169349154
30,589824,2.8216476464365536e-12,227382,362442,0.5741859674453735,0.48474568128585815,0.7933111786842346,0.5415114760398865,0.013039729557931423,0.06448619067668915,0.12494391947984695,7,589824,0.3855082194010417,-11.549497219767499,0.05125878488744817,0.05125878488744817
32,589824,3.147495068397954e-12,231640,358184,0.6063308715820312,0.5043856501579285,0.7924138307571411,0.5497173070907593,0.012730961665511131,0.0612976998090744,0.12089017033576965,7,589824,0.3927273220486111,-11.502034941686894,0.0474622780806051,0.0474622780806051
34,589824,3.4354563464844556e-12,236340,353484,0.6238042712211609,0.5125148296356201,0.7686806321144104,0.556243360042572,0.012702038511633873,0.0632055476307869,0.12425742298364639,7,589824,0.40069580078125,-11.46401556556329,0.03801937612360362,0.03801937612360362
36,589824,3.818590409154776e-12,239340,350484,0.6805989146232605,0.5405226945877075,0.7743315100669861,0.5654492974281311,0.01213754527270794,0.059985797852277756,0.1175566166639328,7,589824,0.4057820638020833,-11.418096922559819,0.04591864300347126,0.04591864300347126
38,589824,4.212348352072848e-12,240766,349058,0.702487587928772,0.5517637729644775,0.7571243047714233,0.5773985981941223,0.011342964135110378,0.05691833421587944,0.11303506046533585,7,589824,0.4081997341579861,-11.375475720789671,0.04262120177014772,0.04262120177014772
40,589824,4.636489109310915e-12,242734,347090,0.7250081300735474,0.5578906536102295,0.7490893602371216,0.590384304523468,0.011514661833643913,0.058409616351127625,0.11580577492713928,7,589824,0.4115363226996528,-11.333810755997854,0.04166496479181703,0.04166496479181703
42,589824,5.089851283501812e-12,243122,346702,0.7605893611907959,0.5717449188232422,0.7424737215042114,0.5961936712265015,0.01147160679101944,0.059394046664237976,0.11687547713518143,7,589824,0.4121941460503472,-11.293294906798424,0.040515849199429965,0.040515849199429965
44,589824,5.481735725065828e-12,243066,346758,0.7861025929450989,0.5819439888000488,0.7299706935882568,0.601058840751648,0.011898002587258816,0.06029226630926132,0.12002089619636536,7,589824,0.4120992024739583,-11.26108190566485,0.032213001133573727,0.032213001133573727
46,589824,5.9138874353159565e-12,243290,346534,0.8132388591766357,0.5916011333465576,0.7242966294288635,0.6073339581489563,0.011747297830879688,0.058859799057245255,0.11636319756507874,7,589824,0.4124789767795139,-11.228126946074084,0.03295495959076611,0.03295495959076611
48,589824,6.4554863191124134e-12,244554,345270,0.832908034324646,0.5948607325553894,0.7292261123657227,0.6248601675033569,0.011645689606666565,0.058657798916101456,0.1169639378786087,7,589824,0.4146219889322917,-11.190071034923315,0.038055911150769006,0.038055911150769006
50,589824,7.104138024377482e-12,243754,346070,0.8855533599853516,0.6121925115585327,0.7473003268241882,0.639838695526123,0.011573143303394318,0.05789443477988243,0.1143530011177063,7,589824,0.4132656521267361,-11.148488609357385,0.04158242556593095,0.04158242556593095
52,589824,7.671502322281754e-12,241444,348380,0.8832008838653564,0.617447555065155,0.7414249777793884,0.6449470520019531,0.012226437218487263,0.060266561806201935,0.11896339803934097,7,589824,0.4093492296006944,-11.115119579155627,0.033369030201757965,0.033369030201757965
54,589824,8.248131344590348e-12,238968,350856,0.9187180399894714,0.6251242756843567,0.7335646748542786,0.6459016799926758,0.012357302941381931,0.0605771467089653,0.12052659690380096,7,589824,0.4051513671875,-11.08364443189323,0.03147514726239642,0.03147514726239642
56,589824,8.899406385431963e-12,237710,352114,0.913231372833252,0.6260273456573486,0.7306119799613953,0.6600422263145447,0.01175802480429411,0.06016154587268829,0.11910311132669449,7,589824,0.4030185275607639,-11.050638961010051,0.033005470883178845,0.033005470883178845
58,589824,9.677959822429472e-12,240958,348866,0.9256579279899597,0.6318504214286804,0.7398583292961121,0.6737076640129089,0.011761385016143322,0.05895218253135681,0.11853102594614029,7,589824,0.4085252549913194,-11.01421618517567,0.03642277583438158,0.03642277583438158
60,589824,1.0309859736767901e-11,239166,350658,0.9892758131027222,0.6472958326339722,0.7380553483963013,0.6828342080116272,0.01223836187273264,0.06129634007811546,0.12330348044633865,7,589824,0.405487060546875,-10.986747243151216,0.027468942024453824,0.027468942024453824
62,589824,1.1041491505825451e-11,233516,356308,0.9879353642463684,0.6482961177825928,0.7451158761978149,0.6929971575737,0.012277531437575817,0.06174309179186821,0.12278816103935242,7,589824,0.3959079318576389,-10.95697225731353,0.02977498583768501,0.02977498583768501
64,589824,1.1861638407606456e-11,232840,356984,0.9754469990730286,0.6476526856422424,0.7553279399871826,0.6980366110801697,0.012111320160329342,0.06172478571534157,0.12418828159570694,7,589824,0.3947618272569444,-10.925855319214737,0.031116938098794122,0.031116938098794122
66,589824,1.2809023806903408e-11,235458,354366,0.9793599843978882,0.6539760828018188,0.7591965794563293,0.7092369198799133,0.012129551731050014,0.06038019433617592,0.12179242074489594,7,589824,0.399200439453125,-10.892483967166307,0.033371352048430225,0.033371352048430225
68,589824,1.3683458012503369e-11,235780,354044,1.0044941902160645,0.6589860916137695,0.7628465294837952,0.7261152863502502,0.012380184605717659,0.062015436589717865,0.12425989657640457,7,589824,0.3997463650173611,-10.86380413609766,0.028679831068647132,0.028679831068647132
70,589824,1.4383792767969084e-11,231170,358654,1.0361970663070679,0.6706364154815674,0.7595486640930176,0.7292927503585815,0.012497296556830406,0.06465804576873779,0.12840335071086884,7,589824,0.3919304741753472,-10.842126582589144,0.021677553508515857,0.021677553508515857
72,589824,1.5203269199126623e-11,229874,359950,1.0070388317108154,0.662539541721344,0.7605278491973877,0.739121675491333,0.013015825301408768,0.0659317672252655,0.13213324546813965,7,589824,0.3897332085503472,-10.818063014523725,0.02406356806541865,0.02406356806541865
74,589824,1.5985306828225632e-11,231440,358384,1.0297242403030396,0.665761411190033,0.7623953819274902,0.7486859560012817,0.012482716701924801,0.06380919367074966,0.1289578229188919,7,589824,0.3923882378472222,-10.7962790232943,0.02178399122942487,0.02178399122942487
76,589824,1.692433693190054e-11,231498,358326,1.033310890197754,0.6681500673294067,0.7677446603775024,0.7640529870986938,0.013226896524429321,0.06588826328516006,0.1315087080001831,7,589824,0.392486572265625,-10.771488337263657,0.024790686030643272,0.024790686030643272
78,589824,1.779062661078079e-11,231024,358800,1.041956901550293,0.6784826517105103,0.7722887992858887,0.7757720947265625,0.013357918709516525,0.0684690773487091,0.13717621564865112,7,589824,0.3916829427083333,-10.749808755186908,0.02167958207674836,0.02167958207674836
80,589824,1.8550857031063295e-11,228580,361244,1.0464733839035034,0.6797698140144348,0.7730982899665833,0.7837055921554565,0.013474495150148869,0.06819931417703629,0.13603989779949188,7,589824,0.3875393337673611,-10.731636021614232,0.018172733572676236,0.018172733572676236
82,589824,1.9374260876170446e-11,227238,362586,1.0409470796585083,0.6775915026664734,0.7765479683876038,0.7880768179893494,0.013430852442979813,0.06845685839653015,0.13612599670886993,7,589824,0.3852640787760417,-10.712774856745447,0.01886116486878464,0.01886116486878464
84,589824,2.0209842480078954e-11,226998,362826,1.0542640686035156,0.6816887855529785,0.7732959389686584,0.7940255999565125,0.01381069328635931,0.06897417455911636,0.13807609677314758,7,589824,0.384857177734375,-10.694437071457438,0.018337785288009556,0.018337785288009556
86,589824,2.107938996964709e-11,227266,362558,1.045933485031128,0.6798622608184814,0.7754188776016235,0.80464768409729,0.014533630572259426,0.07192452996969223,0.14268742501735687,7,589824,0.3853115505642361,-10.676141961611748,0.01829510984569005,0.01829510984569005
88,589824,2.2131865784480453e-11,228924,360900,1.0378923416137695,0.6825270652770996,0.7814552187919617,0.8152136206626892,0.013716342858970165,0.0705430656671524,0.13957907259464264,7,589824,0.38812255859375,-10.654981972166373,0.02115998944537445,0.02115998944537445
90,589824,2.2996280227283172e-11,228782,361042,1.0530390739440918,0.6961593627929688,0.7851086854934692,0.8214015960693359,0.013794791884720325,0.07077480107545853,0.14111687242984772,7,589824,0.3878818088107639,-10.638342407783009,0.016639564383364558,0.016639564383364558
92,589824,2.3725172867972155e-11,225764,364060,1.046149730682373,0.6932227611541748,0.7830982208251953,0.8224303126335144,0.01439556386321783,0.07203982770442963,0.14115183055400848,7,589824,0.3827650282118056,-10.624790614503077,0.013551793279932056,0.013551793279932056
94,589824,2.4456603409106492e-11,222848,366976,1.038999080657959,0.6901191473007202,0.7769520282745361,0.8142959475517273,0.014287766069173813,0.07276708632707596,0.1443181037902832,7,589824,0.3778211805555556,-10.611603858955977,0.013186755547099693,0.013186755547099693
96,589824,2.5224466612683294e-11,224726,365098,1.0006701946258545,0.686174213886261,0.7718538641929626,0.8095449805259705,0.015360928140580654,0.07497129589319229,0.14838959276676178,7,589824,0.3810051812065972,-10.59817800842574,0.01342585053023626,0.01342585053023626
98,589824,2.6143981077253464e-11,229492,360332,1.017528772354126,0.6889718174934387,0.7709744572639465,0.8083578944206238,0.01468025054782629,0.07368449121713638,0.1485106348991394,7,589824,0.3890855577256944,-10.582628279485476,0.015549728940264629,0.015549728940264629
0,589824,2.9775888955266717e-15,127343,462481,0.009781500324606895,0.0026234020479023457,0.03766414150595665,0.002922518877312541,0.8518332839012146,0.972892165184021,0.9890296459197998,8,589824,0.2158999972873264,-14.526135263846733,,
2,589824,2.2634468626638038e-14,150158,439666,0.0636877566576004,0.014649218879640102,0.0857723280787468,0.020613111555576324,0.32054901123046875,0.8082219958305359,0.8848546147346497,8,589824,0.2545810275607639,-13.645229696672494,0.8809055671742385,0.8809055671742385
4,589824,2.3244520389975425e-14,70266,519558,0.019755380228161812,0.010860146954655647,0.11467810720205307,0.021803345531225204,0.4597102403640747,0.9213702082633972,0.9713659286499023,8,589824,0.11913045247395833,-13.633679410295521,0.011550286376973418,0.011550286376973418
6,589824,4.417442499575659e-14,69784,520040,0.033677272498607635,0.012955944053828716,0.15524400770664215,0.03961200639605522,0.3920382857322693,0.8533044457435608,0.9284506440162659,8,589824,0.1183132595486111,-13.354829094855612,0.2788503154399091,0.2788503154399091
8,589824,8.390574205482254e-14,119032,470792,0.10492217540740967,0.03188537061214447,0.23539738357067108,0.07177734375,0.15836918354034424,0.7034579515457153,0.8112356662750244,8,589824,0.2018093532986111,-13.076208317390691,0.278620777464921,0.278620777464921
10,589824,1.6123404965751736e-13,165130,424694,0.35896050930023193,0.07627789676189423,0.308651864528656,0.1282188594341278,0.0635741576552391,0.3358868956565857,0.6431297063827515,8,589824,0.2799648708767361,-12.792543237860775,0.28366507952991604,0.28366507952991604
12,589824,3.159026317443858e-13,194118,395706,1.0119853019714355,0.15545237064361572,0.4376952648162842,0.22216865420341492,0.031125398352742195,0.1592639535665512,0.33393606543540955,8,589824,0.3291117350260417,-12.500446756028046,0.2920964818327292,0.2920964818327292
14,589824,5.804610264670274e-13,205794,384030,2.502795457839966,0.2432403266429901,0.5962455868721008,0.33948490023612976,0.020083190873265266,0.1026512011885643,0.2110460102558136,8,589824,0.348907470703125,-12.236226934510288,0.2642198215177576,0.2642198215177576
16,589824,1.1091502065754821e-12,209978,379846,4.767993927001953,0.3878846764564514,0.9046950936317444,0.48921626806259155,0.01175837405025959,0.058720435947179794,0.12028878927230835,8,589824,0.3560011121961806,-11.955009635573536,0.2812172989367525,0.2812172989367525
18,589824,2.093009359577236e-12,206456,383368,6.525838851928711,0.46929028630256653,1.3258103132247925,0.6297925710678101,0.010321812704205513,0.05151218920946121,0.10489402711391449,8,589824,0.3500298394097222,-11.679228829566876,0.2757808060066598,0.2757808060066598
20,589824,3.692576626412869e-12,201224,388600,7.016332626342773,0.5946365594863892,1.697615623474121,0.7274041771888733,0.009193734265863895,0.04539716616272926,0.09051603823900223,8,589824,0.3411593967013889,-11.432670483671263,0.24655834589561287,0.24655834589561287
22,589824,6.347610371354451e-12,204596,385228,5.253734111785889,0.5986170768737793,1.901902675628662,0.7942603230476379,0.00837748497724533,0.04414064809679985,0.08877983689308167,8,589824,0.3468763563368056,-11.19738973893735,0.23528074473391314,0.23528074473391314
24,589824,1.0393142076126072e-11,208630,381194,3.9836807250976562,0.6855740547180176,1.8221269845962524,0.8310794234275818,0.00880985427647829,0.04334947094321251,0.08677083998918533,8,589824,0.3537156846788194,-10.98325313578929,0.21413660314805938,0.21413660314805938
26,589824,1.5639425518521044e-11,205916,383908,3.916158437728882,0.6759519577026367,1.666139006614685,0.8409535884857178,0.008736572228372097,0.04534858837723732,0.09050292521715164,8,589824,0.3491143120659722,-10.805779203879657,0.177473931909633,0.177473931909633
28,589824,2.3512138416781347e-11,209020,380804,3.6384072303771973,0.7122915983200073,1.5558243989944458,0.8575730323791504,0.008759927935898304,0.04311070963740349,0.08806812763214111,8,589824,0.3543768988715278,-10.628707870221112,0.17707133365854588,0.17707133365854588
30,589824,3.420277255861137e-11,214228,375596,3.472813367843628,0.6762879490852356,1.4956406354904175,0.870966374874115,0.009331179782748222,0.047654833644628525,0.09432006627321243,8,589824,0.3632066514756944,-10.46593868756666,0.1627691826544524,0.1627691826544524
32,589824,4.7054075913433024e-11,210594,379230,3.800462007522583,0.7547347545623779,1.4658277034759521,0.8583532571792603,0.009791351854801178,0.04952182620763779,0.09803697466850281,8,589824,0.3570454915364583,-10.32740275119435,0.13853593637230865,0.13853593637230865
34,589824,6.247243694579296e-11,205006,384818,3.6278717517852783,0.7106504440307617,1.4972292184829712,0.8522883653640747,0.009868004359304905,0.048486385494470596,0.09448504447937012,8,589824,0.3475714789496528,-10.2043115526186,0.12309119857575013,0.12309119857575013
36,589824,8.643367271909952e-11,212746,377078,3.185335397720337,0.7034168243408203,1.4797638654708862,0.8687055110931396,0.010120049118995667,0.05169074982404709,0.10096076875925064,8,589824,0.3606940375434028,-10.063317032669831,0.14099451994876944,0.14099451994876944
38,589824,1.105538993684263e-10,214516,375308,3.3608553409576416,0.7325752377510071,1.4971619844436646,0.8727993369102478,0.010656547732651234,0.05398198589682579,0.10697104036808014,8,589824,0.3636949327256944,-9.956425934728644,0.10689109794118679,0.10689109794118679
40,589824,1.4144080351385924e-10,206760,383064,3.092560291290283,0.7416151762008667,1.494226336479187,0.8618013262748718,0.01009866502135992,0.051610562950372696,0.1026165634393692,8,589824,0.3505452473958333,-9.849425285131879,0.10700064959676503,0.10700064959676503
42,589824,1.7767322335604518e-10,204494,385330,2.832549571990967,0.7107672691345215,1.4697768688201904,0.8527500033378601,0.011374416761100292,0.05703345686197281,0.11348988115787506,8,589824,0.3467034233940972,-9.750378018592858,0.09904726653902074,0.09904726653902074
44,589824,2.208220550858897e-10,208124,381700,2.717580795288086,0.7320480942726135,1.4393575191497803,0.852025032043457,0.01100786030292511,0.05559185892343521,0.11047740280628204,8,589824,0.3528578016493056,-9.655957552664976,0.09442046592788245,0.09442046592788245
46,589824,2.7420979376024945e-10,215434,374390,2.61989426612854,0.7102931141853333,1.4344402551651,0.8651295304298401,0.011001048609614372,0.05802705138921738,0.11385388672351837,8,589824,0.3652513292100694,-9.561917037875919,0.09404051478905728,0.09404051478905728
48,589824,3.289571670617164e-10,210212,379612,2.689229965209961,0.7599869966506958,1.4183369874954224,0.8655363917350769,0.011797614395618439,0.05969212204217911,0.11290031671524048,8,589824,0.3563978407118056,-9.482860647094894,0.07905639078102489,0.07905639078102489
50,589824,3.8698663717973147e-10,200790,389034,2.5303356647491455,0.7223478555679321,1.4094504117965698,0.8545001745223999,0.012640071101486683,0.059998005628585815,0.11276457458734512,8,589824,0.340423583984375,-9.412304031103314,0.07055661599157936,0.07055661599157936
52,589824,4.6135803510871654e-10,203134,386690,2.240497589111328,0.7234092354774475,1.3752483129501343,0.8534737229347229,0.014231984503567219,0.06455837190151215,0.11751848459243774,8,589824,0.3443976508246528,-9.335961911222743,0.0763421198805716,0.0763421198805716
54,589824,5.467137298431624e-10,209068,380756,2.2452242374420166,0.7001553773880005,1.3436191082000732,0.8652360439300537,0.012866626493632793,0.06465838849544525,0.11559875309467316,8,589824,0.3544582790798611,-9.2622400193584,0.07372189186434319,0.07372189186434319
56,589824,6.42035979936395e-10,211696,378128,1.8653407096862793,0.7498736381530762,1.3279742002487183,0.8579344749450684,0.013108420185744762,0.06783784180879593,0.12692730128765106,8,589824,0.3589138454861111,-9.192440633224003,0.06979938613439707,0.06979938613439707
58,589824,7.269792545727682e-10,207614,382210,2.142662763595581,0.7346042990684509,1.2808672189712524,0.8580745458602905,0.012976002879440784,0.06475478410720825,0.120786651968956,8,589824,0.3519931369357639,-9.138477982198902,0.05396265102510078,0.05396265102510078
60,589824,8.253117633749696e-10,203346,386478,2.060807943344116,0.7275256514549255,1.2621161937713623,0.8612200021743774,0.013036892749369144,0.06485989689826965,0.12473813444375992,8,589824,0.344757080078125,-9.083381964738674,0.05509601746022774,0.05509601746022774
62,589824,9.33366384181511e-10,202196,387628,1.8214378356933594,0.71587735414505,1.246573805809021,0.8620260953903198,0.012270272709429264,0.06294387578964233,0.11688658595085144,8,589824,0.3428073459201389,-9.02994784457725,0.05343412016142324,0.05343412016142324
64,589824,1.0674173767100115e-09,206686,383138,1.612380027770996,0.7190438508987427,1.2026766538619995,0.8633419275283813,0.014287373051047325,0.07176102697849274,0.13514703512191772,8,589824,0.3504197862413194,-8.971665731504471,0.05828211307277975,0.05828211307277975
66,589824,1.192826948326342e-09,209272,380552,2.0233957767486572,0.7311325073242188,1.166443109512329,0.8688920140266418,0.013690317049622536,0.06609102338552475,0.121048204600811,8,589824,0.3548041449652778,-8.923422557870602,0.04824317363386932,0.04824317363386932
68,589824,1.326490361996946e-09,204474,385350,1.7786214351654053,0.7458617091178894,1.1778004169464111,0.8640239834785461,0.014437043108046055,0.07050774246454239,0.12972308695316315,8,589824,0.3466695149739583,-8.877295901163558,0.04612665670704352,0.04612665670704352
70,589824,1.4518286572950956e-09,203028,386796,1.679720401763916,0.7202873229980469,1.166719675064087,0.8635545969009399,0.015209725126624107,0.07242351025342941,0.13155820965766907,8,589824,0.3442179361979167,-8.838084635414265,0.03921126574929268,0.03921126574929268
72,589824,1.5982778434064926e-09,203290,386534,1.748729944229126,0.7343473434448242,1.1377559900283813,0.8456801176071167,0.01641005463898182,0.07515372335910797,0.13562890887260437,8,589824,0.3446621365017361,-8.796347721036149,0.04173691437811655,0.04173691437811655
74,589824,1.7242516303639377e-09,200230,389594,1.7454720735549927,0.727619469165802,1.1307802200317383,0.8488046526908875,0.01623133383691311,0.07336562871932983,0.1316835582256317,8,589824,0.3394741482204861,-8.76339935469223,0.03294836634391807,0.03294836634391807
76,589824,1.9284909225092406e-09,207356,382468,1.3875716924667358,0.7024113535881042,1.120092511177063,0.8727232217788696,0.015890546143054962,0.07657362520694733,0.14190088212490082,8,589824,0.3515557183159722,-8.71478240103617,0.04861695365606167,0.04861695365606167
78,589824,2.075817073787789e-09,211462,378362,1.7072927951812744,0.7403067350387573,1.0961315631866455,0.8738080263137817,0.01709526963531971,0.07799982279539108,0.14236599206924438,8,589824,0.3585171169704861,-8.682810920257516,0.03197148077865286,0.03197148077865286
80,589824,2.233271345630783e-09,204454,385370,1.791399598121643,0.7484576106071472,1.0974476337432861,0.8723044991493225,0.016355756670236588,0.06993260234594345,0.132734015583992,8,589824,0.3466356065538194,-8.651058506328138,0.031752413929378775,0.031752413929378775
82,589824,2.3820503347593558e-09,199278,390546,1.628095030784607,0.7285844683647156,1.109371304512024,0.8696027398109436,0.017954817041754723,0.07572335749864578,0.13916237652301788,8,589824,0.337860107421875,-8.623049065742714,0.028009440585423206,0.028009440585423206
84,589824,2.556614253634848e-09,199480,390344,1.3367949724197388,0.7223784327507019,1.0937814712524414,0.8694764971733093,0.015690796077251434,0.07121014595031738,0.1359785497188568,8,589824,0.3382025824652778,-8.592334794130718,0.03071427161199658,0.03071427161199658
86,589824,2.7309734473845992e-09,204060,385764,1.5494111776351929,0.721047043800354,1.063230276107788,0.8653091192245483,0.016583357006311417,0.07870233803987503,0.13900813460350037,8,589824,0.3459676106770833,-8.563682522383301,0.02865227174741669,0.02865227174741669
88,589824,2.9142801505344096e-09,205638,384186,1.515112280845642,0.7356142401695251,1.058753252029419,0.854259729385376,0.01644151471555233,0.07948920130729675,0.1493546962738037,8,589824,0.3486429850260417,-8.535468701713926,0.028213820669375167,0.028213820669375167
90,589824,3.058899356034317e-09,204368,385456,1.4843966960906982,0.7291995882987976,1.0615088939666748,0.8689849376678467,0.019528497010469437,0.08884462714195251,0.16129237413406372,8,589824,0.3464898003472222,-8.514434811945685,0.0210338897682405,0.0210338897682405
92,589824,3.2288023366078278e-09,207334,382490,1.4541444778442383,0.7266643643379211,1.0598299503326416,0.8751670122146606,0.018067466095089912,0.08386468142271042,0.15063616633415222,8,589824,0.3515184190538194,-8.490958541154432,0.02347627079125303,0.02347627079125303
94,589824,3.3730287452016228e-09,208256,381568,1.6677501201629639,0.733393132686615,1.0655124187469482,0.8819476962089539,0.01766095496714115,0.08245620876550674,0.15202443301677704,8,589824,0.3530815972222222,-8.47197995770518,0.018978583449252184,0.018978583449252184
96,589824,3.5213012505863617e-09,202438,387386,1.427964210510254,0.7401342391967773,1.0779392719268799,0.8730905652046204,0.01725466549396515,0.08404548466205597,0.15301969647407532,8,589824,0.3432176378038194,-8.4532968190449,0.018683138660280818,0.018683138660280818
98,589824,3.664289094373885e-09,199616,390208,1.2831180095672607,0.7333537340164185,1.0636889934539795,0.8625220656394958,0.018330194056034088,0.08371573686599731,0.15377025306224823,8,589824,0.3384331597222222,-8.436010269955476,0.017286549089423175,0.017286549089423175
0,589824,8.973282390029556e-15,132606,457218,0.034251533448696136,0.00819031149148941,0.10145380347967148,0.008801857940852642,0.6875706911087036,0.8788893222808838,0.9382380843162537,9,589824,0.224822998046875,-14.04704866474631,,
2,589824,8.375240876257878e-14,143630,446194,0.2773410975933075,0.05460365489125252,0.25438234210014343,0.0738900825381279,0.08044976741075516,0.446494460105896,0.7146905064582825,9,589824,0.24351331922743055,-13.077002693577652,0.9700459711686573,0.9700459711686573
4,589824,9.260845671051066e-14,64838,524986,0.09094272553920746,0.04334065318107605,0.3638203740119934,0.08265068382024765,0.1309880018234253,0.5795521140098572,0.8230050206184387,9,589824,0.1099277072482639,-13.03334935311272,0.043653340464931745,0.043653340464931745
6,589824,1.5767077856006229e-13,50062,539762,0.08357594162225723,0.03596610948443413,0.46553948521614075,0.13071727752685547,0.1519116312265396,0.6554073095321655,0.8203228116035461,9,589824,0.08487616644965278,-12.802248787876188,0.23110056523653277,0.23110056523653277
8,589824,3.134215705979243e-13,86492,503332,0.2141244113445282,0.08963077515363693,0.7711501717567444,0.22377663850784302,0.06304629147052765,0.2924894690513611,0.5525251030921936,9,589824,0.1466403537326389,-12.503871117410261,0.29837767046592667,0.29837767046592667
10,589824,4.589101993378308e-13,102636,487188,0.16276203095912933,0.12315002083778381,0.8050307035446167,0.290672242641449,0.04699131101369858,0.2230309098958969,0.42466580867767334,9,589824,0.17401123046875,-12.338272289947714,0.1655988274625475,0.1655988274625475
12,589824,6.079553093590873e-13,121176,468648,0.21956679224967957,0.18406663835048676,0.8211237192153931,0.34344783425331116,0.03561761602759361,0.16784676909446716,0.30960750579833984,9,589824,0.2054443359375,-12.21612834443137,0.12214394551634378,0.12214394551634378
14,589824,8.066804060673227e-13,140450,449374,0.2893916666507721,0.23762619495391846,0.8488529920578003,0.3970756530761719,0.028074048459529877,0.13369882106781006,0.2512851655483246,9,589824,0.2381218804253472,-12.093298491761866,0.12282985266950419,0.12282985266950419
16,589824,1.0151695022803109e-12,153024,436800,0.3261297047138214,0.27802157402038574,0.873165488243103,0.4394852817058563,0.024140004068613052,0.11305416375398636,0.213888019323349,9,589824,0.2594401041666667,-11.993461437791131,0.0998370539707345,0.0998370539707345
18,589824,1.2180450875351467e-12,163376,426448,0.3548594117164612,0.3057013750076294,0.8859285116195679,0.46790313720703125,0.021606601774692535,0.10157550871372223,0.19245177507400513,9,589824,0.2769911024305556,-11.914336635426215,0.07912480236491604,0.07912480236491604
20,589824,1.4021885865952988e-12,172728,417096,0.38047176599502563,0.3353622555732727,0.8850111365318298,0.4838046729564667,0.019435182213783264,0.09409013390541077,0.17715714871883392,9,589824,0.2928466796875,-11.853193572239716,0.06114306318649909,0.06114306318649909
22,589824,1.6477353335930811e-12,182496,407328,0.4280330240726471,0.3709852993488312,0.8972299695014954,0.4998897612094879,0.017244214192032814,0.08321278542280197,0.15918157994747162,9,589824,0.3094075520833333,-11.78311254530329,0.07008102693642648,0.07008102693642648
24,589824,1.850967729782882e-12,189568,400256,0.442606121301651,0.3943670988082886,0.8886277079582214,0.5100849270820618,0.016500676050782204,0.08087335526943207,0.1537073850631714,9,589824,0.3213975694444444,-11.73260115277567,0.05051139252761949,0.05051139252761949
26,589824,2.091844709603552e-12,196512,393312,0.4706268012523651,0.41453009843826294,0.885088324546814,0.5233487486839294,0.015505414456129074,0.07652459293603897,0.1453651785850525,9,589824,0.3331705729166667,-11.67947055893742,0.05313059383825092,0.05313059383825092
28,589824,2.368028950011647e-12,202574,387250,0.5109813809394836,0.4471052885055542,0.8861507773399353,0.5358876585960388,0.014903195202350616,0.07119867205619812,0.13563932478427887,9,589824,0.3434482150607639,-11.625612992509314,0.05385756642810513,0.05385756642810513
30,589824,2.6042295490219525e-12,206484,383340,0.521568238735199,0.457658052444458,0.8834996819496155,0.5435916185379028,0.014436953701078892,0.06979233026504517,0.13463027775287628,9,589824,0.3500773111979167,-11.584320737661535,0.041292254847778764,0.041292254847778764
32,589824,2.8167119244665306e-12,211652,378172,0.5325739979743958,0.47370195388793945,0.8857628107070923,0.5478312373161316,0.014486042782664299,0.06942528486251831,0.1325666606426239,9,589824,0.3588392469618056,-11.550257567643992,0.03406317001754289,0.03406317001754289
34,589824,2.973132157135794e-12,216352,373472,0.5498940348625183,0.4841035008430481,0.8612298965454102,0.5494406223297119,0.014157485216856003,0.06918355822563171,0.13110579550266266,9,589824,0.3668077256944444,-11.52678578577011,0.02347178187388188,0.02347178187388188
36,589824,3.194909831485959e-12,220120,369704,0.584177553653717,0.5039724111557007,0.8755292296409607,0.5542613863945007,0.013201889581978321,0.06609122455120087,0.1264219433069229,9,589824,0.3731960720486111,-11.495541394231928,0.03124439153818237,0.03124439153818237
38,589824,3.3854548938533346e-12,222020,367804,0.600807785987854,0.5133172869682312,0.8558744788169861,0.5597693920135498,0.01393117755651474,0.06647148728370667,0.12679488956928253,9,589824,0.3764173719618056,-11.470382968155464,0.025158426076464124,0.025158426076464124
40,589824,3.6220987147117523e-12,224258,365566,0.6203856468200684,0.5243680477142334,0.8412800431251526,0.5671274065971375,0.013457713648676872,0.0645551085472107,0.12480268627405167,9,589824,0.3802117241753472,-11.441039717834661,0.029343250320803094,0.029343250320803094
42,589824,3.890551509427853e-12,225502,364322,0.6530158519744873,0.5387470722198486,0.8341987729072571,0.5741007328033447,0.013166180811822414,0.06387526541948318,0.12255767732858658,9,589824,0.3823208279079861,-11.409988830416221,0.031050887418439643,0.031050887418439643
44,589824,4.0642727898443365e-12,225962,363862,0.6617343425750732,0.541667103767395,0.8172966241836548,0.5763669013977051,0.013254441320896149,0.06541807949542999,0.12649472057819366,9,589824,0.3831007215711806,-11.391017150343183,0.0189716800730384,0.0189716800730384
46,589824,4.256020449261433e-12,226746,363078,0.6783109307289124,0.55112224817276,0.8070865869522095,0.5810942649841309,0.013349739834666252,0.0659901425242424,0.12668360769748688,9,589824,0.384429931640625,-11.370996294016564,0.020020856326619096,0.020020856326619096
48,589824,4.478663100104807e-12,227238,362586,0.7005943655967712,0.55559241771698,0.7934992909431458,0.5880513787269592,0.013334037736058235,0.06481309980154037,0.12554238736629486,9,589824,0.3852640787760417,-11.348851605398224,0.02214468861834007,0.02214468861834007
50,589824,4.805431660231951e-12,228414,361410,0.7420848608016968,0.5697192549705505,0.8167775869369507,0.6032681465148926,0.01283196359872818,0.06400220841169357,0.12363515794277191,9,589824,0.3872578938802083,-11.318267594626723,0.030584010771500303,0.030584010771500303
52,589824,5.03814047772555e-12,227136,362688,0.7562181353569031,0.5762124061584473,0.8036829829216003,0.6106446385383606,0.012516730464994907,0.06426546722650528,0.12480628490447998,9,589824,0.3850911458333333,-11.297729727300295,0.020537867326428483,0.020537867326428483
54,589824,5.287110593082955e-12,224440,365384,0.7705087065696716,0.5809124708175659,0.7939931154251099,0.6152967810630798,0.013428978621959686,0.06636963039636612,0.12620298564434052,9,589824,0.3805202907986111,-11.276781605149395,0.020948122150899806,0.020948122150899806
56,589824,5.5931630854599845e-12,224278,365546,0.7857305407524109,0.5830587148666382,0.7891547083854675,0.6250853538513184,0.012894711457192898,0.0653742253780365,0.12722603976726532,9,589824,0.3802456325954861,-11.252342517327795,0.02443908782159987,0.02443908782159987
58,589824,5.8718585549399904e-12,223702,366122,0.8099716305732727,0.5934470295906067,0.7879555821418762,0.6346155405044556,0.01312907412648201,0.06491225212812424,0.12564483284950256,9,589824,0.3792690700954861,-11.231224414527428,0.021118102800366856,0.021118102800366856
60,589824,6.156202284057777e-12,223260,366564,0.8236691951751709,0.593484103679657,0.7853398323059082,0.6439003348350525,0.013441727496683598,0.06629937887191772,0.129714235663414,9,589824,0.3785196940104167,-11.210687118306653,0.020537296220775048,0.020537296220775048
62,589824,6.4990192047420514e-12,222306,367518,0.854958713054657,0.6060994863510132,0.7858256101608276,0.6546115875244141,0.013269996270537376,0.06554029136896133,0.128696471452713,9,589824,0.3769022623697917,-11.187152179681464,0.02353493862518974,0.02353493862518974
64,589824,6.8927316111688786e-12,220358,369466,0.8640285134315491,0.608679473400116,0.7905905842781067,0.6657299399375916,0.012856352142989635,0.06472648680210114,0.12734732031822205,9,589824,0.3735995822482639,-11.161608631712927,0.025543547968537084,0.025543547968537084
66,589824,7.25297816597803e-12,218896,370928,0.876245379447937,0.6155800223350525,0.7887641191482544,0.6751435399055481,0.012540201656520367,0.06480246782302856,0.12740297615528107,9,589824,0.3711208767361111,-11.139483629915826,0.022125001797100197,0.022125001797100197
68,589824,7.612245903065862e-12,219460,370364,0.8692137598991394,0.6140165328979492,0.7911105155944824,0.6869290471076965,0.013537773862481117,0.06654515862464905,0.1311628520488739,9,589824,0.3720770941840278,-11.118487190876394,0.0209964390394326,0.0209964390394326
70,589824,7.954862463188661e-12,219930,369894,0.9119837880134583,0.6233611702919006,0.7918016314506531,0.6989781260490417,0.013108717277646065,0.0670713409781456,0.13215114176273346,9,589824,0.3728739420572917,-11.099367324753363,0.01911986612303096,0.01911986612303096
72,589824,8.275874777141645e-12,217844,371980,0.9204241037368774,0.6258774399757385,0.7921839356422424,0.7095355987548828,0.014014615677297115,0.06868217140436172,0.13535372912883759,9,589824,0.3693372938368056,-11.082186089297728,0.017181235455634436,0.017181235455634436
74,589824,8.539564888554452e-12,216424,373400,0.9278095364570618,0.6294401288032532,0.7896196842193604,0.7182468771934509,0.014143533073365688,0.07082855701446533,0.1391296684741974,9,589824,0.3669297960069444,-11.068564257099506,0.013621832198221995,0.013621832198221995
76,589824,8.930166502107983e-12,216462,373362,0.9339360594749451,0.629869282245636,0.7951980829238892,0.7331479787826538,0.013600539416074753,0.06966118514537811,0.1362178921699524,9,589824,0.3669942220052083,-11.049140443656515,0.019423813442990934,0.019423813442990934
78,589824,9.275278461950975e-12,216972,372852,0.974827766418457,0.635426938533783,0.7973639965057373,0.7475197315216064,0.013918845914304256,0.06997215747833252,0.13805928826332092,9,589824,0.36785888671875,-11.03267304314975,0.016467400506765983,0.016467400506765983
80,589824,9.579715493091001e-12,215756,374068,0.9749698638916016,0.6409146785736084,0.8033791780471802,0.7570829391479492,0.014071451500058174,0.07146962732076645,0.14189641177654266,9,589824,0.3657972547743056,-11.018647388793628,0.014025654356121464,0.014025654356121464
82,589824,9.9022647720437e-12,213914,375910,0.994406521320343,0.6429768204689026,0.8081550598144531,0.7646774649620056,0.01401497796177864,0.07236552983522415,0.1417485624551773,9,589824,0.3626742892795139,-11.004265465451494,0.014381923342133618,0.014381923342133618
84,589824,1.0235712451234225e-11,213199,376625,0.9653915762901306,0.6434578895568848,0.8101410269737244,0.772443950176239,0.014592000283300877,0.07274892926216125,0.14203162491321564,9,589824,0.3614620632595486,-10.989881923116657,0.014383542334837074,0.014383542334837074
86,589824,1.0562672264624595e-11,213485,376339,0.9795231223106384,0.6460537314414978,0.8104342222213745,0.7808581590652466,0.014534978196024895,0.07302620261907578,0.14293275773525238,9,589824,0.3619469536675347,-10.976226195157913,0.013655727958743924,0.013655727958743924
88,589824,1.09599516961989e-11,213536,376288,1.0040215253829956,0.6495611071586609,0.8121525645256042,0.7889384031295776,0.014873369596898556,0.07242338359355927,0.14277216792106628,9,589824,0.3620334201388889,-10.96019135991374,0.016034835244173706,0.016034835244173706
90,589824,1.1326366060326887e-11,213502,376322,0.9877493381500244,0.6517753005027771,0.8146238923072815,0.7928738594055176,0.014693070203065872,0.07345130294561386,0.14446234703063965,9,589824,0.3619757758246528,-10.945909406385018,0.014281953528721303,0.014281953528721303
92,589824,1.165951623444128e-11,212996,376828,0.9839112758636475,0.6566108465194702,0.8141065239906311,0.7934187054634094,0.015188079327344894,0.07454600185155869,0.14577269554138184,9,589824,0.3611178927951389,-10.933319468536798,0.0125899378482206,0.0125899378482206
94,589824,1.2001975802089504e-11,212120,377704,0.9937583804130554,0.6591936945915222,0.8142871260643005,0.7921290993690491,0.015019799582660198,0.07440128177404404,0.1453469693660736,9,589824,0.3596327039930556,-10.920747253176454,0.012572215360343364,0.012572215360343364
96,589824,1.226135425830277e-11,211958,377866,0.9732958078384399,0.6581449508666992,0.8114854097366333,0.7871960401535034,0.015281329862773418,0.077505923807621,0.14989762008190155,9,589824,0.3593580457899306,-10.911461559635992,0.009285693540462603,0.009285693540462603
98,589824,1.2535200308305683e-11,212538,377286,0.9793257117271423,0.6597028374671936,0.8054622411727905,0.7802010178565979,0.015263153240084648,0.07704505324363708,0.14985086023807526,9,589824,0.3603413899739583,-10.901868721769842,0.009592837866149395,0.009592837866149395
0,2359296,6.210205753065339e-16,900346,1458950,0.06793951988220215,0.0006206351681612432,0.175469309091568,0.0006206351681612432,0.7707359194755554,0.8931133151054382,0.9312419891357422,10,2359296,0.38161638047960067,-15.206894010783062,,
2,2359296,1.7271355854287136e-14,563482,1795814,0.6354405879974365,0.0153358681127429,0.351142555475235,0.016978120431303978,0.25023338198661804,0.7025033831596375,0.771769106388092,10,2359296,0.23883480495876735,-13.762673567648426,1.4442204431346362,1.4442204431346362
4,2359296,3.106212796743016e-14,326520,2032776,0.1489640474319458,0.02070440724492073,1.0377637147903442,0.030015282332897186,0.2528604567050934,0.727881908416748,0.8086365461349487,10,2359296,0.138397216796875,-13.50776879545691,0.25490477219151586,0.25490477219151586
6,2359296,6.898035745037112e-14,290936,2068360,0.2547205686569214,0.02968592569231987,1.8048617839813232,0.0635261982679367,0.16246528923511505,0.6778604388237,0.7583730220794678,10,2359296,0.12331475151909722,-13.161274559485568,0.3464942359713419,0.3464942359713419
8,2359296,1.314874993824447e-13,353051,2006245,0.22640730440616608,0.049025245010852814,1.9138026237487793,0.11169188469648361,0.10789092630147934,0.5100226402282715,0.7520556449890137,10,2359296,0.14964252048068577,-12.881115533921628,0.2801590255639397,0.2801590255639397
10,2359296,2.6190792698672916e-13,490813,1868483,0.3174809217453003,0.09810163080692291,2.030012369155884,0.1947508156299591,0.054933346807956696,0.262024462223053,0.5095790028572083,10,2359296,0.20803366767035592,-12.581851356884062,0.2992641770375659,0.2992641770375659
12,2359296,4.921933628894426e-13,639334,1719962,0.5059749484062195,0.18527130782604218,1.9217873811721802,0.3006115257740021,0.02770695649087429,0.1380092352628708,0.2779470384120941,10,2359296,0.27098507351345485,-12.307864246951635,0.2739871099324276,0.2739871099324276
14,2359296,8.04061949400553e-13,730074,1629222,0.59372878074646,0.26451024413108826,1.7691439390182495,0.3937094509601593,0.020252741873264313,0.10077197849750519,0.19980987906455994,10,2359296,0.30944569905598956,-12.094710489502342,0.21315375744929277,0.21315375744929277
16,2359296,1.1918039255140456e-12,809646,1549650,0.7690359950065613,0.35069721937179565,1.6676268577575684,0.46490269899368286,0.014908984303474426,0.07463261485099792,0.14937762916088104,10,2359296,0.34317270914713544,-11.923795188447832,0.17091530105451014,0.17091530105451014
18,2359296,1.7218907506430514e-12,860740,1498556,1.0008158683776855,0.4332365095615387,1.5534573793411255,0.5175351500511169,0.011955991387367249,0.05925947427749634,0.11775565147399902,10,2359296,0.3648291693793403,-11.763994406830108,0.15980078161772404,0.15980078161772404
20,2359296,2.3823107115489295e-12,920864,1438432,1.0326581001281738,0.44663193821907043,1.6234803199768066,0.5595000386238098,0.011188405565917492,0.055778052657842636,0.11116516590118408,10,2359296,0.3903130425347222,-11.623001596542988,0.14099281028711985,0.14099281028711985
22,2359296,3.21201225339518e-12,970264,1389032,1.230405330657959,0.5121265053749084,1.5704840421676636,0.5899747610092163,0.010586809366941452,0.05245479568839073,0.10475499927997589,10,2359296,0.4112514919704861,-11.4932228066151,0.12977878992788838,0.12977878992788838
24,2359296,4.151974337257558e-12,972524,1386772,1.3424142599105835,0.5551385879516602,1.4753975868225098,0.6114377379417419,0.01021568663418293,0.05105786770582199,0.10161498188972473,10,2359296,0.4122094048394097,-11.381745339461592,0.1114774671535077,0.1114774671535077
26,2359296,5.570413921796025e-12,1017322,1341974,1.2375082969665527,0.5911561846733093,1.4224286079406738,0.6509056687355042,0.008297273889183998,0.04214594513177872,0.08665299415588379,10,2359296,0.43119727240668404,-11.25411253242539,0.1276328070362016,0.1276328070362016
28,2359296,7.138946551965564e-12,1027590,1331706,1.5080839395523071,0.6106919050216675,1.3830368518829346,0.6602936387062073,0.009383119642734528,0.04709466174244881,0.09466908127069473,10,2359296,0.43554941813151044,-11.146365869515465,0.10774666290992485,0.10774666290992485
30,2359296,9.170811679504176e-12,1023176,1336120,1.464876651763916,0.6256752610206604,1.335307002067566,0.667736828327179,0.008475570008158684,0.042547907680273056,0.08545058965682983,10,2359296,0.4336785210503472,-11.03759222459938,0.1087736449160861,0.1087736449160861
32,2359296,1.144326647328775e-11,1026924,1332372,1.9097909927368164,0.6455634236335754,1.3992022275924683,0.6832014322280884,0.009346358478069305,0.04724692180752754,0.09700425714254379,10,2359296,0.4352671305338542,-10.941449988756803,0.09614223584257608,0.09614223584257608
34,2359296,1.4168026127303612e-11,1037264,1322032,1.6817975044250488,0.6641762852668762,1.464783787727356,0.6939342021942139,0.008238982409238815,0.04103584215044975,0.082514189183712,10,2359296,0.4396497938368056,-10.84869065093336,0.09275933782344303,0.09275933782344303
36,2359296,1.785535087839296e-11,1044526,1314770,1.853664517402649,0.6563254594802856,1.4100701808929443,0.7180196046829224,0.008588585071265697,0.0440448597073555,0.09050516784191132,10,2359296,0.44272783067491317,-10.748231610996116,0.10045903993724359,0.10045903993724359
38,2359296,2.121267571320029e-11,1026992,1332304,1.7774780988693237,0.6798737645149231,1.4202852249145508,0.7006418704986572,0.010229875333607197,0.05201501026749611,0.1021663248538971,10,2359296,0.4352959526909722,-10.673404547221953,0.0748270637741637,0.0748270637741637
40,2359296,2.5607412024175602e-11,1024214,1335082,1.3794344663619995,0.6838405728340149,1.3901891708374023,0.7067654728889465,0.009097708389163017,0.045394811779260635,0.08988355845212936,10,2359296,0.43411848280164933,-10.591634310653506,0.08177023656844717,0.08177023656844717
42,2359296,3.0855255850337215e-11,1049646,1309650,1.4149631261825562,0.6865940690040588,1.3094630241394043,0.7216835021972656,0.009252643212676048,0.04634610190987587,0.09334861487150192,10,2359296,0.44489796956380206,-10.51067084808515,0.08096346256835574,0.08096346256835574
44,2359296,3.655203917318772e-11,1037274,1322022,1.5288974046707153,0.6931707262992859,1.2311065196990967,0.7314437031745911,0.008668876253068447,0.04427855834364891,0.0898239016532898,10,2359296,0.43965403238932294,-10.437088389514342,0.07358245857080803,0.07358245857080803
46,2359296,4.297430120092649e-11,1015776,1343520,1.2416088581085205,0.6999647617340088,1.1874401569366455,0.7371553182601929,0.010634234175086021,0.05485756695270538,0.10929574817419052,10,2359296,0.4305419921875,-10.366791176585041,0.07029721292930091,0.07029721292930091
48,2359296,5.055135129938826e-11,1024626,1334670,1.3052254915237427,0.6973997950553894,1.1279404163360596,0.7356530427932739,0.009749899618327618,0.04877487197518349,0.09796062856912613,10,2359296,0.43429311116536456,-10.296267230695653,0.07052394588938782,0.07052394588938782
50,2359296,5.781368092594441e-11,1015876,1343420,1.2890129089355469,0.7123737335205078,1.1430083513259888,0.7316333651542664,0.010788719169795513,0.056474413722753525,0.11165142804384232,10,2359296,0.4305843777126736,-10.237969378749185,0.058297851946468526,0.058297851946468526
52,2359296,6.681356856663712e-11,1023524,1335772,1.2165790796279907,0.6991243362426758,1.0941768884658813,0.747218906879425,0.010457009077072144,0.05108135938644409,0.09908707439899445,10,2359296,0.4338260226779514,-10.175135331607924,0.06283404714126029,0.06283404714126029
54,2359296,7.767374937683869e-11,1031422,1327874,1.2939528226852417,0.7148894667625427,1.0367517471313477,0.7513139247894287,0.010349788703024387,0.05072026699781418,0.10240230709314346,10,2359296,0.43717363145616317,-10.109725730581651,0.06540960102627302,0.06540960102627302
56,2359296,8.68801003361952e-11,1000770,1358526,1.3566150665283203,0.7208864092826843,1.0032933950424194,0.7525091767311096,0.012434424832463264,0.05784545838832855,0.10933680832386017,10,2359296,0.42418162027994794,-10.061079686196402,0.048646044385249,0.048646044385249
58,2359296,9.595932382033823e-11,979938,1379358,1.2928200960159302,0.7170429229736328,0.9808913469314575,0.7365359663963318,0.010939467698335648,0.05530145764350891,0.10827828198671341,10,2359296,0.41535186767578125,-10.01791282095984,0.04316686523656266,0.04316686523656266
60,2359296,1.1043840147939576e-10,1017402,1341894,1.2090297937393188,0.6846949458122253,0.9724935293197632,0.7600194215774536,0.010883604176342487,0.053340766578912735,0.10345468670129776,10,2359296,0.43123118082682294,-9.95687988810396,0.06103293285587874,0.06103293285587874
62,2359296,1.2431175533400562e-10,1032393,1326903,1.2921100854873657,0.7242216467857361,0.9592782855033875,0.7650848031044006,0.010981283150613308,0.05446956306695938,0.1094515323638916,10,2359296,0.43758519490559894,-9.905487801082426,0.05139208702153475,0.05139208702153475
64,2359296,1.3603046467025592e-10,996609,1362687,1.3023334741592407,0.7280582785606384,0.9518913626670837,0.7627703547477722,0.012357905507087708,0.060107823461294174,0.11633649468421936,10,2359296,0.42241795857747394,-9.866363818419913,0.03912398266251316,0.03912398266251316
66,2359296,1.4848930418587258e-10,983684,1375612,1.2603955268859863,0.7198199033737183,0.9440723657608032,0.75764000415802,0.011770040728151798,0.05857470631599426,0.11577498912811279,10,2359296,0.4169396294487847,-9.828304827830591,0.03805899058932205,0.03805899058932205
68,2359296,1.628584211932349e-10,996462,1362834,1.1946295499801636,0.7005231976509094,0.9383478164672852,0.7658753395080566,0.012330625206232071,0.06103895604610443,0.11501090973615646,10,2359296,0.42235565185546875,-9.788189779726098,0.040115048104492956,0.040115048104492956
70,2359296,1.7902172799733052e-10,992988,1366308,1.2628130912780762,0.7280344367027283,0.9136649370193481,0.7595597505569458,0.011592285707592964,0.05736927315592766,0.11488255858421326,10,2359296,0.4208831787109375,-9.747094255183951,0.04109552454214693,0.04109552454214693
72,2359296,1.9755364011331267e-10,1001898,1357398,1.2197766304016113,0.7080343961715698,0.9188042879104614,0.778232753276825,0.012463345192372799,0.05972065404057503,0.11314026266336441,10,2359296,0.42465972900390625,-9.704314963620801,0.04277929156314997,0.04277929156314997
74,2359296,2.1284612961025573e-10,1002992,1356304,1.3017730712890625,0.7379042506217957,0.9195166230201721,0.7814021706581116,0.012367995455861092,0.06045611947774887,0.12131203711032867,10,2359296,0.4251234266493056,-9.671934242617178,0.03238072100362288,0.03238072100362288
76,2359296,2.2724098991400155e-10,977472,1381824,1.218254566192627,0.7214894890785217,0.9268866777420044,0.7816745042800903,0.013238230720162392,0.06575533002614975,0.12443629652261734,10,2359296,0.414306640625,-9.643513327504039,0.0284209151131396,0.0284209151131396
78,2359296,2.437229584817402e-10,984416,1374880,1.1576582193374634,0.7193908095359802,0.9203616976737976,0.7723205089569092,0.012981300242245197,0.06308715045452118,0.12437322735786438,10,2359296,0.4172498914930556,-9.613103558741823,0.03040976876221535,0.03040976876221535
80,2359296,2.569742751923343e-10,978648,1380648,1.2081851959228516,0.717523992061615,0.9051377773284912,0.7657641172409058,0.01319473423063755,0.0641108974814415,0.1253688782453537,10,2359296,0.4148050944010417,-9.590110350214234,0.02299320852758946,0.02299320852758946
82,2359296,2.7783866873853924e-10,985793,1373503,1.2042806148529053,0.7115548253059387,0.8994254469871521,0.7699200510978699,0.01342269591987133,0.06558679044246674,0.12870247662067413,10,2359296,0.4178335401746962,-9.556207310610379,0.03390303960385488,0.03390303960385488
84,2359296,2.9933416856309236e-10,1011625,1347671,1.2890057563781738,0.7257407903671265,0.9162705540657043,0.7943379282951355,0.013166933320462704,0.06389521807432175,0.1231474056839943,10,2359296,0.4287825690375434,-9.523843706242216,0.03236360436816277,0.03236360436816277
86,2359296,3.150543992358479e-10,996582,1362714,1.2063580751419067,0.7397802472114563,0.9377516508102417,0.8016982674598694,0.01376304216682911,0.06849511712789536,0.13147537410259247,10,2359296,0.42240651448567706,-9.50161445177171,0.022229254470506277,0.022229254470506277
88,2359296,3.268251502763775e-10,963888,1395408,1.2361743450164795,0.7308125495910645,0.9268531203269958,0.7902939915657043,0.014750676229596138,0.06913043558597565,0.1337728053331375,10,2359296,0.4085489908854167,-9.485684530456721,0.015929921314988604,0.015929921314988604
90,2359296,3.417449934151051e-10,959342,1399954,1.0953097343444824,0.7200466394424438,0.9198930859565735,0.7653751969337463,0.014584995806217194,0.0728176161646843,0.1378590613603592,10,2359296,0.40662214491102433,-9.466297839154054,0.019386691302667458,0.019386691302667458
92,2359296,3.6146105553136465e-10,993062,1366234,1.1785855293273926,0.6987076997756958,0.91203373670578,0.7815152406692505,0.013527857139706612,0.06660007685422897,0.1314278542995453,10,2359296,0.42091454399956596,-9.441938487522796,0.02435935163125791,0.02435935163125791
94,2359296,3.7879149816788527e-10,1000506,1358790,1.1118193864822388,0.7388816475868225,0.9164878129959106,0.7893195152282715,0.014754533767700195,0.07253929227590561,0.13967831432819366,10,2359296,0.42406972249348956,-9.421599777134999,0.02033871038779722,0.02033871038779722
96,2359296,3.955961114243678e-10,998012,1361284,1.1025943756103516,0.7253037691116333,0.9117830395698547,0.7999638915061951,0.015067954547703266,0.07215243577957153,0.1428840458393097,10,2359296,0.4230126274956597,-9.40274798602137,0.018851791113629446,0.018851791113629446
98,2359296,4.084254601188775e-10,988452,1370844,1.2242308855056763,0.7395622730255127,0.8977007269859314,0.7924928069114685,0.015253143385052681,0.0737537071108818,0.14332714676856995,10,2359296,0.4189605712890625,-9.388887193018789,0.013860793002580252,0.013860793002580252
0,2359296,1.2339439656235699e-16,938206,1421090,0.03433128073811531,0.00012337916996330023,0.05221794545650482,0.00012337916996330023,0.835374116897583,0.9267996549606323,0.9534313678741455,11,2359296,0.39766354031032985,-15.908704561512675,,
2,2359296,5.222404506185965e-15,540412,1818884,0.1783333569765091,0.004858361091464758,0.11727157235145569,0.005195272620767355,0.6473597884178162,0.793807327747345,0.851561427116394,11,2359296,0.2290564643012153,-14.282129492528249,1.626575068984426,1.626575068984426
4,2359296,1.0625173667061418e-14,324598,2034698,0.07553393393754959,0.007647478487342596,0.20059703290462494,0.010477079078555107,0.6476287245750427,0.8186248540878296,0.8834835886955261,11,2359296,0.1375825670030382,-13.973663962733644,0.3084655297946046,0.3084655297946046
6,2359296,2.6165655810117018e-14,306714,2052582,0.10174324363470078,0.012694988399744034,0.28064391016960144,0.02515782229602337,0.3836864233016968,0.7854679226875305,0.8610920906066895,11,2359296,0.1300023396809896,-13.582268375728608,0.39139558700503585,0.39139558700503585
8,2359296,5.65584973061424e-14,401244,1958052,0.11291653662919998,0.026038119569420815,0.3882022798061371,0.05180337280035019,0.18380087614059448,0.7395275235176086,0.8325133323669434,11,2359296,0.17006937662760416,-13.247502137759952,0.33476623796865645,0.33476623796865645
10,2359296,1.1694336091942065e-13,542022,1817274,0.17135310173034668,0.0538768544793129,0.47511786222457886,0.09930593520402908,0.09420281648635864,0.46104955673217773,0.7677695751190186,11,2359296,0.2297388712565104,-12.932024428817671,0.31547770894228044,0.31547770894228044
12,2359296,2.380531210523229e-13,680370,1678926,0.33417922258377075,0.12023136019706726,0.5380970239639282,0.17814421653747559,0.041661154478788376,0.20832781493663788,0.4225568473339081,11,2359296,0.28837839762369794,-12.62332612023057,0.30869830858710046,0.30869830858710046
14,2359296,4.133193624595438e-13,765550,1593746,0.5178748965263367,0.17250502109527588,0.6368293166160583,0.2633235454559326,0.02966364100575447,0.14704853296279907,0.299604207277298,11,2359296,0.32448238796657985,-12.383714249176633,0.23961187105393833,0.23961187105393833
16,2359296,6.384758173549887e-13,851592,1507704,0.6092416644096375,0.26556238532066345,0.6914251446723938,0.34345364570617676,0.019091302528977394,0.09567727148532867,0.19078737497329712,11,2359296,0.3609517415364583,-12.194855547246574,0.18885870193005871,0.18885870193005871
18,2359296,9.898455752971325e-13,881798,1477498,0.7461852431297302,0.34390777349472046,0.7030978798866272,0.4236505925655365,0.013614228926599026,0.06794072687625885,0.1375122219324112,11,2359296,0.37375471327039933,-12.00443255391506,0.1904229933315147,0.1904229933315147
20,2359296,1.4310345443357964e-12,931132,1428164,0.8375625014305115,0.38042008876800537,0.7449960112571716,0.4921296238899231,0.012319413013756275,0.062476642429828644,0.12730740010738373,11,2359296,0.3946651882595486,-11.844349882499245,0.16008267141581456,0.16008267141581456
22,2359296,2.0163081274060524e-12,942987,1416309,0.9158758521080017,0.47181829810142517,0.755285918712616,0.5323295593261719,0.012462526559829712,0.061539556831121445,0.12137071043252945,11,2359296,0.3996899922688802,-11.695443099306486,0.14890678319275885,0.14890678319275885
24,2359296,2.6880917197019683e-12,967127,1392169,1.1014783382415771,0.49776455760002136,0.7637222409248352,0.5796970725059509,0.010406078770756721,0.05237884819507599,0.10687220841646194,11,2359296,0.40992185804578996,-11.570555916912532,0.12488718239395347,0.12488718239395347
26,2359296,3.858917959481678e-12,1011876,1347420,1.334246277809143,0.5631507635116577,0.7836270332336426,0.6426200270652771,0.009558483958244324,0.04790310561656952,0.09555024653673172,11,2359296,0.4288889567057292,-11.41353445442242,0.15702146249011228,0.15702146249011228
28,2359296,4.907250387292672e-12,989350,1369946,1.4135316610336304,0.5835018754005432,0.8286162614822388,0.654273271560669,0.009637640789151192,0.04681861773133278,0.09398696571588516,11,2359296,0.41934119330512154,-11.309161782034312,0.10437267238810755,0.10437267238810755
30,2359296,6.556028723375684e-12,991842,1367454,2.2162387371063232,0.59409499168396,0.8471736907958984,0.6803362369537354,0.00950957927852869,0.04819517582654953,0.09962473809719086,11,2359296,0.42039744059244794,-11.183359152359587,0.125802629674725,0.125802629674725
32,2359296,8.439240625768285e-12,993400,1365896,2.280698537826538,0.6576066017150879,1.0204555988311768,0.7082133293151855,0.008887658827006817,0.04520434886217117,0.09075599163770676,11,2359296,0.4210578070746528,-11.07369663001838,0.10966252234120688,0.10966252234120688
34,2359296,1.08629442246988e-11,995290,1364006,1.4503889083862305,0.6353273391723633,1.1493206024169922,0.7202781438827515,0.008452813141047955,0.041182972490787506,0.08288539201021194,11,2359296,0.42185889350043404,-10.964052450323193,0.10964417969518792,0.10964417969518792
36,2359296,1.3514109969969823e-11,990468,1368828,3.574228286743164,0.6591700911521912,1.078991174697876,0.7229809761047363,0.011387545615434647,0.058134131133556366,0.11329088360071182,11,2359296,0.4198150634765625,-10.86921255136067,0.09483989896252254,0.09483989896252254
38,2359296,1.6400847693831544e-11,997648,1361648,4.909389972686768,0.675166130065918,1.4671738147735596,0.7463348507881165,0.009516382589936256,0.04694441333413124,0.09403116255998611,11,2359296,0.4228583441840278,-10.785133704437719,0.0840788469229512,0.0840788469229512
40,2359296,2.016733828547057e-11,1002144,1357152,6.068385601043701,0.6722422242164612,1.9906071424484253,0.7485834360122681,0.009235200472176075,0.04693238064646721,0.0952467992901802,11,2359296,0.4247639973958333,-10.695351416820072,0.08978228761764662,0.08978228761764662
42,2359296,2.4878588772425658e-11,988678,1370618,3.1892666816711426,0.6897825002670288,2.5621261596679688,0.7570502758026123,0.009507645852863789,0.049024052917957306,0.09598878771066666,11,2359296,0.41905636257595485,-10.60417425845593,0.09117715836414142,0.09117715836414142
44,2359296,2.975681159811394e-11,972444,1386852,1.4359920024871826,0.7000377774238586,2.4717516899108887,0.7615737915039062,0.01138780266046524,0.056869085878133774,0.11243424564599991,11,2359296,0.4121754964192708,-10.526413604696293,0.07776065375963803,0.07776065375963803
46,2359296,3.493542607979627e-11,970712,1388584,2.203707695007324,0.6977699398994446,2.117021083831787,0.7633786797523499,0.010175005532801151,0.05053713172674179,0.10218994319438934,11,2359296,0.4114413791232639,-10.456733955630593,0.06967964906569968,0.06967964906569968
48,2359296,4.085159294175966e-11,975660,1383636,2.561323881149292,0.6937054395675659,1.9865773916244507,0.7748076319694519,0.012227619998157024,0.061770495027303696,0.11806982010602951,11,2359296,0.4135386149088542,-10.388791004190853,0.06794295143973983,0.06794295143973983
50,2359296,4.8347333081455446e-11,981228,1378068,1.3825430870056152,0.7125663757324219,1.9641697406768799,0.7883058786392212,0.009868246503174305,0.044757179915905,0.08624397218227386,11,2359296,0.4158986409505208,-10.315627477319385,0.07316352687146832,0.07316352687146832
52,2359296,5.6970858586247175e-11,985680,1373616,2.522958278656006,0.7075432538986206,1.7172290086746216,0.7924368977546692,0.011089806444942951,0.05712705850601196,0.10999918729066849,11,2359296,0.41778564453125,-10.244347235406238,0.07128024191314708,0.07128024191314708
54,2359296,6.394061669023898e-11,962082,1397214,1.3396201133728027,0.7179463505744934,1.768363356590271,0.7772341370582581,0.012601837515830994,0.0608222633600235,0.1156647801399231,11,2359296,0.40778350830078125,-10.19422317938938,0.05012405601685721,0.05012405601685721
56,2359296,7.153272418847223e-11,928508,1430788,1.2834404706954956,0.7143560647964478,1.558491587638855,0.7776038646697998,0.011900813318789005,0.058709241449832916,0.11361130326986313,11,2359296,0.3935529920789931,-10.1454952353569,0.04872794403248015,0.04872794403248015
58,2359296,8.248662863863387e-11,955346,1403950,2.023688554763794,0.6870051026344299,1.4060630798339844,0.7846440076828003,0.010420308448374271,0.04974846914410591,0.09738461673259735,11,2359296,0.40492841932508683,-10.083616446348346,0.06187878900855459,0.06187878900855459
60,2359296,9.423348212855842e-11,987290,1372006,1.266730785369873,0.7123112082481384,1.4453799724578857,0.8113393187522888,0.01158828753978014,0.05872438848018646,0.1171773299574852,11,2359296,0.41846805148654515,-10.025794760476048,0.05782168587229819,0.05782168587229819
62,2359296,1.0378242015773864e-10,963662,1395634,2.1887993812561035,0.7355145215988159,1.3344390392303467,0.814987063407898,0.012667303904891014,0.06172184646129608,0.1142859160900116,11,2359296,0.40845319959852433,-9.983876205977804,0.041918554498243665,0.041918554498243665
64,2359296,1.1379078929119046e-10,929832,1429464,1.2833125591278076,0.7197766304016113,1.390644907951355,0.7981184124946594,0.011513907462358475,0.05795132741332054,0.11520574986934662,11,2359296,0.3941141764322917,-9.943892890154489,0.03998331582331538,0.03998331582331538
66,2359296,1.2767570334304423e-10,938844,1420452,1.2026329040527344,0.6946849226951599,1.278269648551941,0.8140150308609009,0.012270409613847733,0.059174902737140656,0.11461329460144043,11,2359296,0.3979339599609375,-9.893891741013745,0.05000114914074416,0.05000114914074416
68,2359296,1.3999597314739987e-10,946504,1412792,3.7555696964263916,0.730620801448822,1.1958361864089966,0.8087026476860046,0.011808718554675579,0.06151479110121727,0.12196778506040573,11,2359296,0.4011806911892361,-9.853884456214729,0.04000728479901561,0.04000728479901561
70,2359296,1.5438417211299793e-10,945276,1414020,1.208701491355896,0.7109636068344116,1.5845415592193604,0.8063691854476929,0.012593147344887257,0.05624917894601822,0.10627160221338272,11,2359296,0.4006601969401042,-9.811397226774519,0.04248722944021033,0.04248722944021033
72,2359296,1.6763256061036458e-10,945320,1413976,1.8251640796661377,0.7293545603752136,1.4482548236846924,0.816667377948761,0.013681081123650074,0.0652826577425003,0.12778529524803162,11,2359296,0.4006788465711806,-9.775641621028115,0.03575560574640413,0.03575560574640413
74,2359296,1.814419031687109e-10,937556,1421740,1.226973056793213,0.7263759970664978,1.4576984643936157,0.8245753049850464,0.014050360769033432,0.06455294787883759,0.1190691590309143,11,2359296,0.3973880343967014,-9.741262407389621,0.034379213638493056,0.034379213638493056
76,2359296,1.941084099010837e-10,942952,1416344,2.295567512512207,0.7201656699180603,1.3662598133087158,0.8305539488792419,0.012894611805677414,0.062047697603702545,0.12511983513832092,11,2359296,0.3996751573350694,-9.711955648050525,0.029306759339096544,0.029306759339096544
78,2359296,2.053520825606725e-10,921998,1437298,2.102644205093384,0.7161123156547546,1.4685163497924805,0.8130617141723633,0.012413259595632553,0.06404135376214981,0.12329202890396118,11,2359296,0.39079369439019096,-9.68750088842746,0.024454759623065314,0.024454759623065314
80,2359296,2.2353277562281448e-10,928740,1430556,2.9846508502960205,0.7029229998588562,1.5052813291549683,0.8196433782577515,0.014766242355108261,0.07146348804235458,0.14180395007133484,11,2359296,0.3936513264973958,-9.650658789182943,0.036842099244516646,0.036842099244516646
82,2359296,2.4232077455721424e-10,966632,1392664,1.244515061378479,0.7219957113265991,1.7521559000015259,0.8424957394599915,0.013041157275438309,0.06679791212081909,0.12483551353216171,11,2359296,0.4097120496961806,-9.615609351488562,0.03504943769438107,0.03504943769438107
84,2359296,2.567260015684525e-10,944788,1414508,1.1868486404418945,0.7404718995094299,1.6111100912094116,0.8456605672836304,0.01334161777049303,0.06862703710794449,0.13422589004039764,11,2359296,0.4004533555772569,-9.590530143148468,0.025079208340093473,0.025079208340093473
86,2359296,2.6795557439562856e-10,901792,1457504,3.121793031692505,0.7366331815719604,1.4737204313278198,0.8313341736793518,0.014044257812201977,0.06488746404647827,0.12670327723026276,11,2359296,0.3822292751736111,-9.571937203710576,0.018592939437892753,0.018592939437892753
88,2359296,2.805163046293302e-10,905038,1454258,1.1545313596725464,0.7137491106987,1.7099486589431763,0.8205046057701111,0.015276706777513027,0.0754045695066452,0.14445249736309052,11,2359296,0.38360510932074654,-9.552041890897101,0.019895312813474675,0.019895312813474675
90,2359296,2.9958488467762834e-10,956252,1403044,1.997850775718689,0.6883636713027954,1.6121668815612793,0.8444779515266418,0.01301226019859314,0.0673556700348854,0.134013831615448,11,2359296,0.4053124321831597,-9.52348010241015,0.028561788486950235,0.028561788486950235
92,2359296,3.1211541684506017e-10,954532,1404764,1.233331561088562,0.7494255304336548,1.6743662357330322,0.8473576903343201,0.015292310155928135,0.07454124093055725,0.14343781769275665,11,2359296,0.4045834011501736,-9.50568477896243,0.0177953234477215,0.0177953234477215
94,2359296,3.2652705539426563e-10,929004,1430292,1.1150208711624146,0.7200170159339905,1.5507805347442627,0.8406721949577332,0.015370224602520466,0.07423541694879532,0.14581100642681122,11,2359296,0.3937632242838542,-9.4860808281052,0.019603950857229435,0.019603950857229435
96,2359296,3.389313552037976e-10,925166,1434130,1.1148557662963867,0.7294036746025085,1.4384633302688599,0.8378797769546509,0.01521348673850298,0.07334467768669128,0.14678987860679626,11,2359296,0.39213646782769096,-9.46988825187055,0.016192576234649536,0.016192576234649536
98,2359296,3.5232242123761637e-10,920336,1438960,1.089072346687317,0.7253844738006592,1.3468616008758545,0.8500045537948608,0.017007919028401375,0.07750973105430603,0.1443798840045929,11,2359296,0.3900892469618056,-9.453059718130337,0.016828533740213203,0.016828533740213203
0,589824,3.9485808794469026e-15,140699,449125,0.0201655812561512,0.003559156320989132,0.062260713428258896,0.0038662708830088377,0.8056702613830566,0.9506250619888306,0.976005494594574,12,589824,0.2385440402560764,-14.403558961832823,,
2,589824,3.083242618466195e-14,160726,429098,0.08041780441999435,0.019539078697562218,0.23192238807678223,0.027251554653048515,0.2355312705039978,0.7838993072509766,0.8707427382469177,12,589824,0.2724982367621528,-13.510992299563046,0.8925666622697772,0.8925666622697772
4,589824,2.858765334916649e-14,77508,512316,0.026855824515223503,0.013231678865849972,0.31648141145706177,0.02634194865822792,0.37878668308258057,0.894217312335968,0.9529209733009338,12,589824,0.13140869140625,-13.54382149274748,-0.032829193184433336,0.032829193184433336
6,589824,5.418361343368511e-14,82546,507278,0.0421331413090229,0.016593074426054955,0.433898001909256,0.04720429331064224,0.3092820942401886,0.8157633543014526,0.9003222584724426,12,589824,0.1399502224392361,-13.26613203581112,0.2776894569363595,0.2776894569363595
8,589824,1.0593247470620099e-13,147842,441982,0.13539929687976837,0.042203307151794434,0.5993697047233582,0.08672455698251724,0.11271492391824722,0.5907996296882629,0.7748001217842102,12,589824,0.2506544325086806,-12.974970881972942,0.2911611538381784,0.2911611538381784
10,589824,2.2261520697588327e-13,206228,383596,0.47454455494880676,0.10865342617034912,0.8184976577758789,0.16519209742546082,0.03985879570245743,0.21161529421806335,0.46492230892181396,12,589824,0.3496432834201389,-12.652445172076174,0.32252570989676776,0.32252570989676776
12,589824,4.994964403030877e-13,233016,356808,1.2308720350265503,0.23048146069049835,0.9174784421920776,0.3052482604980469,0.017668314278125763,0.09072338044643402,0.19174648821353912,12,589824,0.3950602213541667,-12.301467602457489,0.350977569618685,0.350977569618685
14,589824,1.0043758359723487e-12,236944,352880,2.650071859359741,0.3459838926792145,0.9916611313819885,0.4582543671131134,0.012424876913428307,0.06258440762758255,0.12751957774162292,12,589824,0.4017198350694444,-11.998103744416014,0.30336385804147525,0.30336385804147525
16,589824,2.3167535598278555e-12,235716,354108,3.2640280723571777,0.5275045037269592,1.1486176252365112,0.6433315873146057,0.007924791425466537,0.040383342653512955,0.081072136759758,12,589824,0.3996378580729167,-11.635120160987368,0.3629835834286457,0.3629835834286457
18,589824,4.346987613618181e-12,229438,360386,3.234644889831543,0.5775577425956726,1.2444829940795898,0.7336974143981934,0.008546971715986729,0.042425405234098434,0.08438009768724442,12,589824,0.3889940049913194,-11.36181159729362,0.2733085636937478,0.2733085636937478
20,589824,8.045509571064091e-12,234930,354894,2.479804754257202,0.6690530180931091,1.2299726009368896,0.7969842553138733,0.0071340398862957954,0.03606606274843216,0.07360915839672089,12,589824,0.3983052571614583,-11.09444644418237,0.26736515311124975,0.26736515311124975
22,589824,1.3939410389851581e-11,241402,348422,2.557586193084717,0.6648908853530884,1.126075029373169,0.8186442255973816,0.008309789933264256,0.03997481241822243,0.07994962483644485,12,589824,0.4092780219184028,-10.855755595667663,0.23869084851470745,0.23869084851470745
24,589824,2.273612027814398e-11,240654,349170,2.740271806716919,0.716027021408081,1.0855358839035034,0.8313688039779663,0.00821926910430193,0.04189417138695717,0.08290741592645645,12,589824,0.4080098470052083,-10.64328364191502,0.21247195375264383,0.21247195375264383
26,589824,3.3716321401477956e-11,239958,349866,3.310915946960449,0.7137933373451233,1.1340488195419312,0.8299845457077026,0.0075971633195877075,0.038956817239522934,0.07838872075080872,12,589824,0.406829833984375,-10.472159814895113,0.17112382701990647,0.17112382701990647
28,589824,5.2380495774162483e-11,245316,344508,2.7427525520324707,0.6968541145324707,1.2163320779800415,0.8370168805122375,0.008833504281938076,0.04414713755249977,0.08806600421667099,12,589824,0.4159138997395833,-10.280830395354007,0.1913294195411055,0.1913294195411055
30,589824,7.507886673474573e-11,243980,345844,2.9181058406829834,0.7320197820663452,1.2420072555541992,0.8287788033485413,0.00887367781251669,0.04306500405073166,0.08554389327764511,12,589824,0.4136488172743056,-10.124482291385814,0.15634810396819354,0.15634810396819354
32,589824,1.0282647650017296e-10,239326,350498,2.3832767009735107,0.7354941964149475,1.2851405143737793,0.8210652470588684,0.009689711965620518,0.04829813912510872,0.09459482133388519,12,589824,0.4057583279079861,-9.987895045677053,0.13658724570876046,0.13658724570876046
34,589824,1.3982401347867324e-10,243750,346074,2.344853401184082,0.7154360413551331,1.2547403573989868,0.817163348197937,0.0091610262170434,0.043868716806173325,0.08469744026660919,12,589824,0.4132588704427083,-9.85441823613188,0.13347680954517394,0.13347680954517394
36,589824,1.9162904596470298e-10,248270,341554,2.087246894836426,0.7081419825553894,1.2276357412338257,0.828942060470581,0.009521891362965107,0.04725097492337227,0.09534377604722977,12,589824,0.4209221733940972,-9.717538662553252,0.1368795735786268,0.1368795735786268
38,589824,2.4455315550397927e-10,245714,344110,2.2826335430145264,0.7384633421897888,1.2127647399902344,0.8183495402336121,0.01046745479106903,0.05430704355239868,0.10694954544305801,12,589824,0.4165886773003472,-9.611626729043376,0.10591193350987638,0.10591193350987638
40,589824,3.1137586953278173e-10,238916,350908,1.879195213317871,0.7230982780456543,1.2004518508911133,0.8122230172157288,0.01038440316915512,0.051361147314310074,0.10231629759073257,12,589824,0.4050632052951389,-9.506715046664553,0.1049116823788232,0.1049116823788232
42,589824,3.90404097938557e-10,238418,351406,1.7829930782318115,0.7172207832336426,1.147522211074829,0.7947325706481934,0.010242514312267303,0.05092316493391991,0.10027766227722168,12,589824,0.4042188856336806,-9.408485632340485,0.09822941432406829,0.09822941432406829
44,589824,4.94858987121205e-10,248100,341724,1.4581578969955444,0.7101553082466125,1.1097813844680786,0.8067865967750549,0.009476017206907272,0.04957275092601776,0.10073357075452805,12,589824,0.4206339518229167,-9.305518538116555,0.10296709422392958,0.10296709422392958
46,589824,6.089836968037332e-10,252984,336840,1.582271933555603,0.732127845287323,1.0625097751617432,0.8311808705329895,0.010320810601115227,0.05332352966070175,0.1056232750415802,12,589824,0.4289143880208333,-9.21539433377591,0.09012420434064516,0.09012420434064516
48,589824,7.167466065105543e-10,240804,349020,1.498180627822876,0.745201587677002,1.0174455642700195,0.8033497333526611,0.013247288763523102,0.06326307356357574,0.11664258688688278,12,589824,0.40826416015625,-9.144634354575729,0.07075997920018118,0.07075997920018118
50,589824,8.473778900786044e-10,234914,354910,1.3691061735153198,0.721424400806427,0.9710046052932739,0.7834420204162598,0.011536136269569397,0.05561183765530586,0.1035570427775383,12,589824,0.3982781304253472,-9.071922871869283,0.07271148270644545,0.07271148270644545
52,589824,1.0278481399339512e-09,243142,346682,1.272255778312683,0.6841191053390503,0.9143885970115662,0.7939432859420776,0.013144581578671932,0.06677990406751633,0.12106093764305115,12,589824,0.4122280544704861,-8.988071045710903,0.08385182615838005,0.08385182615838005
54,589824,1.2059861997926191e-09,245046,344778,1.4040942192077637,0.736430823802948,0.8852997422218323,0.7952266335487366,0.011781461536884308,0.056409817188978195,0.1010708138346672,12,589824,0.4154561360677083,-8.918657661837829,0.06941338387307461,0.06941338387307461
56,589824,1.423315576509765e-09,246630,343194,1.245762586593628,0.7292492985725403,0.8803602457046509,0.8004646301269531,0.010923245921730995,0.06033734977245331,0.1182013601064682,12,589824,0.4181416829427083,-8.846698797777961,0.07195886405986762,0.07195886405986762
58,589824,1.6149060977355134e-09,247388,342436,1.4016262292861938,0.7335401773452759,0.8688888549804688,0.8089315891265869,0.013743593357503414,0.06709298491477966,0.12744353711605072,12,589824,0.4194268120659722,-8.791852725605905,0.05484607217205628,0.05484607217205628
60,589824,1.819513539835782e-09,239390,350434,1.4054086208343506,0.7229924201965332,0.8619570732116699,0.7905333638191223,0.011111576110124588,0.05828564614057541,0.1141735315322876,12,589824,0.4058668348524306,-8.74004470828105,0.05180801732485385,0.05180801732485385
62,589824,2.033149426594605e-09,235246,354578,1.2841453552246094,0.7171838879585266,0.8612874746322632,0.7879917025566101,0.013156440109014511,0.060825686901807785,0.11218468844890594,12,589824,0.3988410101996528,-8.691830701656754,0.04821400662429731,0.04821400662429731
64,589824,2.3530615234079733e-09,244164,345660,1.1117660999298096,0.6726306676864624,0.8419038653373718,0.7863004207611084,0.012548942118883133,0.060778822749853134,0.1146688312292099,12,589824,0.4139607747395833,-8.628366717563765,0.06346398409298892,0.06346398409298892
66,589824,2.6600277536203976e-09,248968,340856,1.3671026229858398,0.7430398464202881,0.8250938653945923,0.7913777232170105,0.014355259016156197,0.06659892201423645,0.12174656987190247,12,589824,0.4221055772569444,-8.575113832097763,0.05325288546600149,0.05325288546600149
68,589824,2.959147815673191e-09,243476,346348,1.2627602815628052,0.7387174963951111,0.8406538367271423,0.8004623651504517,0.012880120426416397,0.05983341485261917,0.11419195681810379,12,589824,0.4127943250868056,-8.528833340372376,0.04628049172538695,0.04628049172538695
70,589824,3.253115554713304e-09,241032,348792,1.278588891029358,0.7294319272041321,0.8446300625801086,0.8192397356033325,0.01415579579770565,0.07248000055551529,0.13059675693511963,12,589824,0.4086507161458333,-8.487700509763636,0.04113283060874018,0.04113283060874018
72,589824,3.494913469737071e-09,234782,355042,1.2900367975234985,0.7252305746078491,0.8301569223403931,0.7756590247154236,0.014191888272762299,0.06969869881868362,0.1329275667667389,12,589824,0.3980543348524306,-8.45656357244503,0.031136937318606783,0.031136937318606783
74,589824,3.858209307594507e-09,239764,350060,1.1785216331481934,0.7037729024887085,0.8371280431747437,0.7586902379989624,0.012941893190145493,0.06391701847314835,0.12350061535835266,12,589824,0.4065009223090278,-8.413614215606707,0.04294935683832257,0.04294935683832257
76,589824,4.248427387665288e-09,248747,341077,1.229337215423584,0.7062878012657166,0.8320456147193909,0.7836076617240906,0.01596401073038578,0.0717395544052124,0.1309402734041214,12,589824,0.4217308892144097,-8.371771800126174,0.04184241548053258,0.04184241548053258
78,589824,4.660651864440979e-09,248495,341329,1.2474185228347778,0.7340301275253296,0.8488560914993286,0.8271738886833191,0.01478500571101904,0.06889072060585022,0.1278858631849289,12,589824,0.4213036431206597,-8.331553336243326,0.040218463882848,0.040218463882848
80,589824,4.972195544183933e-09,243638,346186,1.4593201875686646,0.7406198978424072,0.8521538972854614,0.8045235276222229,0.016520410776138306,0.0763058289885521,0.1376427263021469,12,589824,0.4130689832899306,-8.303451799964,0.02810153627932621,0.02810153627932621
82,589824,5.301271865931767e-09,236396,353428,1.2066749334335327,0.7256290912628174,0.8886349201202393,0.801211416721344,0.017001133412122726,0.06898170709609985,0.12839049100875854,12,589824,0.4007907443576389,-8.275619923212465,0.027831876751534423,0.027831876751534423
84,589824,5.709820172228319e-09,239438,350386,1.20849609375,0.7042215466499329,0.8752409815788269,0.7930983304977417,0.014985090121626854,0.07119170576334,0.13492844998836517,12,589824,0.4059482150607639,-8.243377569414179,0.03224235379828677,0.03224235379828677
86,589824,6.038628264093404e-09,239686,350138,1.2036017179489136,0.7409608960151672,0.8795908689498901,0.7712510228157043,0.015324215404689312,0.07405104488134384,0.13393773138523102,12,589824,0.4063686794704861,-8.219061704589736,0.024315864824442812,0.024315864824442812
88,589824,6.363061189063046e-09,237114,352710,1.1792454719543457,0.7114657759666443,0.8611263632774353,0.7758801579475403,0.01491265743970871,0.07391802966594696,0.13891208171844482,12,589824,0.402008056640625,-8.196333900440553,0.022727804149182518,0.022727804149182518
90,589824,6.749606651368367e-09,243476,346348,1.17959463596344,0.7173165678977966,0.8677617907524109,0.774363100528717,0.016367116943001747,0.07383068650960922,0.13887201249599457,12,589824,0.4127943250868056,-8.17072153592717,0.025612364513383667,0.025612364513383667
92,589824,7.306094840231481e-09,255704,334120,1.0773166418075562,0.7014904618263245,0.882780909538269,0.803169846534729,0.016253167763352394,0.08284188061952591,0.15983323752880096,12,589824,0.4335259331597222,-8.136314694521877,0.03440684140529271,0.03440684140529271
94,589824,7.608730534514052e-09,252750,337074,1.3782596588134766,0.7519022226333618,0.8856576085090637,0.8444017767906189,0.016680514439940453,0.07366172224283218,0.13954897224903107,12,589824,0.4285176595052083,-8.118687796297118,0.01762689822475849,0.01762689822475849
96,589824,7.780174726690348e-09,235294,354530,1.1401704549789429,0.7407247424125671,0.9008232355117798,0.8188948035240173,0.017875509336590767,0.08072879165410995,0.14812108874320984,12,589824,0.3989223904079861,-8.109010649541755,0.009677146755363353,0.009677146755363353
98,589824,8.065431877923857e-09,232330,357494,1.0639094114303589,0.7235448956489563,0.8819634318351746,0.789156436920166,0.01759566180408001,0.0759049579501152,0.1470537632703781,12,589824,0.3938971625434028,-8.093372372580362,0.015638276961393416,0.015638276961393416
0,589824,1.131608658367549e-14,151037,438787,0.05927390232682228,0.01008419506251812,0.05635445937514305,0.010926836170256138,0.49255478382110596,0.8764871954917908,0.9359759092330933,13,589824,0.2560713026258681,-13.94630373825034,,
2,589824,1.0376717388994872e-13,181804,408020,0.23814287781715393,0.06442958861589432,0.20748384296894073,0.08355741202831268,0.06916788965463638,0.36473342776298523,0.7153472900390625,13,589824,0.3082343207465278,-12.983940011161458,0.9623637270888814,0.9623637270888814
4,589824,9.643621215168e-14,85486,504338,0.08048916608095169,0.041888754814863205,0.2925134301185608,0.08167780190706253,0.12839528918266296,0.6021102666854858,0.8410733938217163,13,589824,0.1449347601996528,-13.015759856298839,-0.03181984513738101,0.03181984513738101
6,589824,1.6308142173921542e-13,68676,521148,0.08202259987592697,0.036747392266988754,0.34629347920417786,0.12344125658273697,0.1484070122241974,0.6508095860481262,0.8270866274833679,13,589824,0.11643473307291667,-12.787595511036384,0.22816434526245466,0.22816434526245466
8,589824,2.574636196513852e-13,103886,485938,0.12687057256698608,0.05885453522205353,0.4763627052307129,0.17360736429691315,0.0903201624751091,0.4335329234600067,0.7317636609077454,13,589824,0.17613050672743055,-12.589284129344646,0.19831138169173812,0.19831138169173812
10,589824,3.793467547464485e-13,137708,452116,0.13775712251663208,0.10612373054027557,0.5384737253189087,0.2264866977930069,0.05287274345755577,0.25342029333114624,0.4774304926395416,13,589824,0.23347303602430555,-12.420963626906987,0.16832050243765906,0.16832050243765906
12,589824,5.002940336312767e-13,163688,426136,0.19791768491268158,0.17083382606506348,0.5719723105430603,0.2648647725582123,0.0393248125910759,0.179420605301857,0.3246847689151764,13,589824,0.2775200737847222,-12.300774676361971,0.12018895054501577,0.12018895054501577
14,589824,6.498930083323473e-13,183286,406538,0.30067214369773865,0.2131166309118271,0.6184531450271606,0.30210334062576294,0.031502678990364075,0.14657966792583466,0.27354517579078674,13,589824,0.3107469346788194,-12.187158135227135,0.11361654113483688,0.11361654113483688
16,589824,8.440370798112884e-13,199946,389878,0.3052215278148651,0.257865309715271,0.6915031671524048,0.33971428871154785,0.02429156005382538,0.11853700876235962,0.2257109433412552,13,589824,0.3389926486545139,-12.073638473749106,0.11351966147802806,0.11351966147802806
18,589824,1.0348075478103236e-12,212454,377370,0.34837356209754944,0.29762476682662964,0.7082394361495972,0.36281120777130127,0.02059740014374256,0.09987102448940277,0.19205568730831146,13,589824,0.360198974609375,-11.985140412231857,0.08849806151724948,0.08849806151724948
20,589824,1.2207866011484936e-12,223212,366612,0.37954065203666687,0.32926666736602783,0.7214236259460449,0.3802053928375244,0.01882515288889408,0.09138397872447968,0.1757611632347107,13,589824,0.3784383138020833,-11.913360246000602,0.07178016623125494,0.07178016623125494
22,589824,1.44951444510516e-12,234146,355678,0.43629083037376404,0.36722394824028015,0.7175589203834534,0.4048883616924286,0.017044922336935997,0.08178658038377762,0.15828587114810944,13,589824,0.3969760470920139,-11.83877745233506,0.07458279366554166,0.07458279366554166
24,589824,1.7416702845565735e-12,242330,347494,0.4963790476322174,0.40935370326042175,0.7172762751579285,0.4306199848651886,0.014880535192787647,0.0720670223236084,0.1411876380443573,13,589824,0.4108513726128472,-11.759034057796098,0.07974339453896206,0.07974339453896206
26,589824,2.070145053642558e-12,247110,342714,0.5517778396606445,0.4403996169567108,0.7075320482254028,0.4527498483657837,0.013504107482731342,0.06681639701128006,0.13074339926242828,13,589824,0.4189554850260417,-11.68399922276074,0.07503483503535868,0.07503483503535868
28,589824,2.581119779715424e-12,250946,338878,0.6378028988838196,0.485683798789978,0.7178301811218262,0.48250165581703186,0.01204243116080761,0.05985351279377937,0.11811305582523346,13,589824,0.4254591200086806,-11.588191841073172,0.09580738168756753,0.09580738168756753
30,589824,3.067615822818781e-12,251910,337914,0.655476450920105,0.5080496072769165,0.7105928063392639,0.5037946701049805,0.01190901454538107,0.05777857080101967,0.1141359955072403,13,589824,0.427093505859375,-11.513199030797711,0.0749928102754609,0.0749928102754609
32,589824,3.5897829847586493e-12,253922,335902,0.6827244162559509,0.5277425646781921,0.7506474852561951,0.5197357535362244,0.01126330066472292,0.05711202323436737,0.11296775937080383,13,589824,0.4305046929253472,-11.444931805285352,0.06826722551235953,0.06826722551235953
34,589824,4.0747496522774984e-12,256458,333366,0.7108535766601562,0.5459575057029724,0.7283958792686462,0.5318647623062134,0.011573044583201408,0.05634450912475586,0.11178048700094223,13,589824,0.4348042805989583,-11.389899068635495,0.05503273664985642,0.05503273664985642
36,589824,4.661615277817832e-12,259068,330756,0.7502522468566895,0.5631734132766724,0.7864050269126892,0.5443166494369507,0.010966232977807522,0.05451464653015137,0.10867417603731155,13,589824,0.4392293294270833,-11.331463571573753,0.058435497061742225,0.058435497061742225
38,589824,5.26973647010931e-12,260866,328958,0.7937051057815552,0.5787081718444824,0.7616901397705078,0.5574806332588196,0.010702812112867832,0.05420023947954178,0.10825097560882568,13,589824,0.4422776963975694,-11.278211102517815,0.05325246905593772,0.05325246905593772
40,589824,5.916490821572529e-12,260942,328882,0.8293098211288452,0.5901542901992798,0.7415786981582642,0.5681212544441223,0.010780173353850842,0.05478611961007118,0.1104230061173439,13,589824,0.4424065483940972,-11.227935804881607,0.050275297636208194,0.050275297636208194
42,589824,6.696240784087593e-12,260532,329292,0.8634059429168701,0.6065836548805237,0.7273496985435486,0.5826495885848999,0.010735725052654743,0.053571153432130814,0.10720755904912949,13,589824,0.44171142578125,-11.17416893833014,0.05376686655146656,0.05376686655146656
44,589824,7.419495573479651e-12,260034,329790,0.8791822791099548,0.6140400767326355,0.7175360321998596,0.5954462289810181,0.010748594999313354,0.05416984111070633,0.10914342105388641,13,589824,0.4408671061197917,-11.129625619936748,0.04454331839339254,0.04454331839339254
46,589824,8.256942872486572e-12,260192,329632,0.913590133190155,0.623268187046051,0.7110088467597961,0.6075817346572876,0.010792030952870846,0.05411388725042343,0.10910020768642426,13,589824,0.4411349826388889,-11.083180720157591,0.04644489977915711,0.04644489977915711
48,589824,9.188865814080405e-12,259004,330820,0.9439656138420105,0.6318913102149963,0.7113036513328552,0.618683934211731,0.011011412367224693,0.05459374934434891,0.10940371453762054,13,589824,0.4391208224826389,-11.036738090472888,0.04644262968470336,0.04644262968470336
50,589824,1.0643054146330932e-11,257726,332098,1.0517990589141846,0.6521498560905457,0.7418005466461182,0.6318008899688721,0.01002615224570036,0.05086410045623779,0.10164283961057663,13,589824,0.4369540744357639,-10.972933728378607,0.06380436209428098,0.06380436209428098
52,589824,1.1785506598416262e-11,255758,334066,0.9621070027351379,0.6531836986541748,0.7385218739509583,0.6425159573554993,0.010509934276342392,0.05306578427553177,0.10673761367797852,13,589824,0.4336174858940972,-10.928651744648521,0.04428198373008563,0.04428198373008563
54,589824,1.3007117952157365e-11,253772,336052,0.9658307433128357,0.6577267646789551,0.731967031955719,0.6540120840072632,0.010635530576109886,0.05324464291334152,0.10690698772668839,13,589824,0.4302503797743056,-10.885818921434739,0.042832823213782234,0.042832823213782234
56,589824,1.4295021763532922e-11,253576,336248,0.9765343070030212,0.6572031378746033,0.7278888821601868,0.6623045802116394,0.010647695511579514,0.0544215552508831,0.10825551301240921,13,589824,0.4299180772569444,-10.844815179111514,0.04100374232322501,0.04100374232322501
58,589824,1.562518517350675e-11,253016,336808,0.9900663495063782,0.6662997007369995,0.7284720540046692,0.6708008646965027,0.011030922643840313,0.0553087554872036,0.1115976870059967,13,589824,0.4289686414930556,-10.806174827145126,0.0386403519663876,0.0386403519663876
60,589824,1.6936405403122912e-11,250956,338868,1.0048977136611938,0.6680351495742798,0.723362386226654,0.6755659580230713,0.011029821820557117,0.05608154460787773,0.11238623410463333,13,589824,0.42547607421875,-10.771178759249864,0.03499606789526233,0.03499606789526233
62,589824,1.8484989580680455e-11,250310,339514,1.0048093795776367,0.6724337339401245,0.7251967787742615,0.6829879879951477,0.011226079426705837,0.056302182376384735,0.11275218427181244,13,589824,0.4243808322482639,-10.733180789886886,0.03799796936297817,0.03799796936297817
64,589824,2.0116405069492416e-11,250692,339132,1.0169165134429932,0.6767606139183044,0.7307950854301453,0.6946625113487244,0.010865923948585987,0.05570979788899422,0.11266414821147919,13,589824,0.4250284830729167,-10.696449627889342,0.03673116199754389,0.03673116199754389
66,589824,2.1709019998317203e-11,248858,340966,1.0253022909164429,0.6831451058387756,0.7334324717521667,0.702702522277832,0.011195139028131962,0.05706467106938362,0.11519420892000198,13,589824,0.4219190809461806,-10.66335978128669,0.03308984660265146,0.03308984660265146
68,589824,2.32763027602223e-11,247336,342488,1.0187557935714722,0.6816345453262329,0.7343136668205261,0.7103153467178345,0.011231685057282448,0.05839424952864647,0.11710385978221893,13,589824,0.4193386501736111,-10.633086002473696,0.030273778812993868,0.030273778812993868
70,589824,2.496682027786079e-11,246764,343060,1.0351529121398926,0.6853981018066406,0.7335371971130371,0.7173035144805908,0.01143602840602398,0.05784474313259125,0.11747661978006363,13,589824,0.4183688693576389,-10.602636764965908,0.030449237507788496,0.030449237507788496
72,589824,2.6719576204370377e-11,246676,343148,1.0424374341964722,0.6852869391441345,0.7347192168235779,0.7254186272621155,0.011509024538099766,0.057597823441028595,0.11814282834529877,13,589824,0.4182196723090278,-10.57317043442864,0.029466330537267993,0.029466330537267993
74,589824,2.834261644824032e-11,245982,343842,1.0539677143096924,0.6918657422065735,0.7399804592132568,0.7329301834106445,0.011980551294982433,0.060715824365615845,0.12211868911981583,13,589824,0.4170430501302083,-10.547560060348891,0.025610374079748865,0.025610374079748865
76,589824,3.017906410884841e-11,244734,345090,1.0376802682876587,0.6917122602462769,0.7442917227745056,0.7412477135658264,0.012070247903466225,0.06036349758505821,0.12214486300945282,13,589824,0.4149271647135417,-10.520294232375706,0.027265827973184997,0.027265827973184997
78,589824,3.184176880499656e-11,244126,345698,1.0372084379196167,0.6954550743103027,0.7458239197731018,0.7495110630989075,0.012444393709301949,0.06262749433517456,0.1254311352968216,13,589824,0.4138963487413194,-10.497002815277554,0.023291417098151967,0.023291417098151967
80,589824,3.3596816301217913e-11,243692,346132,1.0434675216674805,0.6948349475860596,0.7461424469947815,0.7559537887573242,0.012786632403731346,0.06328479945659637,0.12621669471263885,13,589824,0.4131605360243056,-10.473701875238815,0.02330094003873917,0.02330094003873917
82,589824,3.531639217180249e-11,242808,347016,1.0496711730957031,0.7002490162849426,0.7490684986114502,0.7623275518417358,0.012627260759472847,0.06277387589216232,0.12757816910743713,13,589824,0.4116617838541667,-10.452023669191531,0.021678206047283766,0.021678206047283766
84,589824,3.7131561714254246e-11,242638,347186,1.030663251876831,0.6966901421546936,0.7501503825187683,0.7687033414840698,0.012796841561794281,0.06486205756664276,0.1300373375415802,13,589824,0.4113735622829861,-10.430256784422653,0.021766884768878114,0.021766884768878114
86,589824,3.890461910960319e-11,242618,347206,1.038296103477478,0.7028593420982361,0.7505829930305481,0.7778624296188354,0.01238984800875187,0.06481794267892838,0.13059625029563904,13,589824,0.4113396538628472,-10.409998832229078,0.020257952193574624,0.020257952193574624
88,589824,4.0827036196233735e-11,242020,347804,1.0367215871810913,0.702556312084198,0.7506536841392517,0.7829776406288147,0.012883232906460762,0.06532517820596695,0.1318279504776001,13,589824,0.4103257921006944,-10.3890521461691,0.02094668605997896,0.02094668605997896
90,589824,4.2463182275964684e-11,241600,348224,1.0282599925994873,0.7060990929603577,0.7524603009223938,0.7880207896232605,0.012988409958779812,0.06636589020490646,0.13354304432868958,13,589824,0.4096137152777778,-10.37198746205171,0.017064684117389817,0.017064684117389817
92,589824,4.416961588149526e-11,240708,349116,1.0236687660217285,0.7048479914665222,0.7482811808586121,0.7901608943939209,0.013364740647375584,0.06729315221309662,0.1341625601053238,13,589824,0.4081013997395833,-10.354876377541979,0.017111084509730645,0.017111084509730645
94,589824,4.600975850310718e-11,241214,348610,1.0192818641662598,0.7053091526031494,0.7467533946037292,0.7953015565872192,0.013427911326289177,0.06713540852069855,0.1365841180086136,13,589824,0.4089592827690972,-10.337150046262332,0.017726331279646956,0.017726331279646956
96,589824,4.772578512945991e-11,243002,346822,1.0100975036621094,0.7053540349006653,0.7472159266471863,0.8009399771690369,0.013670669868588448,0.06834511458873749,0.13880956172943115,13,589824,0.4119906955295139,-10.32124691836463,0.015903127897702873,0.015903127897702873
98,589824,4.9156900772118206e-11,242252,347572,1.028313159942627,0.7127617001533508,0.7453649044036865,0.8028584122657776,0.014138169586658478,0.07112427800893784,0.14110100269317627,13,589824,0.4107191297743056,-10.308415506176077,0.012831412188551994,0.012831412188551994
0,589824,6.428619233624609e-15,135868,453956,0.03303591161966324,0.005628554150462151,0.07617871463298798,0.0062615894712507725,0.7594062089920044,0.9306827187538147,0.9659964442253113,14,589824,0.2303534613715278,-14.191882296688796,,
2,589824,4.481026891233787e-14,163414,426410,0.09327937662601471,0.02720215916633606,0.33592918515205383,0.03864777088165283,0.1693061888217926,0.7432778477668762,0.8335699439048767,14,589824,0.2770555284288194,-13.348622449820631,0.8432598468681647,0.8432598468681647
4,589824,4.2171873089989764e-14,78610,511214,0.0361214280128479,0.01890300214290619,0.4680892825126648,0.038125067949295044,0.26889708638191223,0.8587075471878052,0.9324131608009338,14,589824,0.1332770453559028,-13.374977109097042,-0.026354659276410786,0.026354659276410786
6,589824,7.96358218626593e-14,78256,511568,0.050514575093984604,0.0221706572920084,0.6065772175788879,0.0671028196811676,0.23337507247924805,0.7875178456306458,0.8846094608306885,14,589824,0.13267686631944445,-13.09889153354658,0.27608557555046254,0.27608557555046254
8,589824,1.48387283905628e-13,138886,450938,0.13317686319351196,0.052509427070617676,0.804049551486969,0.11580834537744522,0.0957619920372963,0.4762323200702667,0.7609550356864929,14,589824,0.2354702419704861,-12.828603314462907,0.27028821908367284,0.27028821908367284
10,589824,2.9853658607692513e-13,197370,392454,0.43220728635787964,0.12980027496814728,1.1036068201065063,0.20630091428756714,0.03520292043685913,0.18327000737190247,0.38730305433273315,14,589824,0.334625244140625,-12.525002437875767,0.3036008765871401,0.3036008765871401
12,589824,6.05964117859209e-13,229718,360106,1.127302646636963,0.2529706358909607,1.1544538736343384,0.3408430814743042,0.01703828200697899,0.08826909959316254,0.18412576615810394,14,589824,0.3894687228732639,-12.21755309180256,0.30744934607320573,0.30744934607320573
14,589824,1.1515136717418772e-12,236440,353384,2.1936638355255127,0.3630439341068268,1.1508065462112427,0.4824691414833069,0.011427845805883408,0.06126289814710617,0.1252749115228653,14,589824,0.4008653428819444,-11.938730901358623,0.27882219044393786,0.27882219044393786
16,589824,2.348685699052333e-12,238578,351246,3.123321771621704,0.521308958530426,1.223223090171814,0.6355712413787842,0.008206959813833237,0.04086294770240784,0.08238396048545837,14,589824,0.4044901529947917,-11.629175096589774,0.3095558047688485,0.3095558047688485
18,589824,4.384745604796292e-12,235592,354232,2.9515562057495117,0.565952718257904,1.3030284643173218,0.7307512164115906,0.008323712274432182,0.042204320430755615,0.08367007225751877,14,589824,0.3994276258680556,-11.358055598566613,0.27111949802316104,0.27111949802316104
20,589824,7.707544671942124e-12,234262,355562,2.5442397594451904,0.6692307591438293,1.2690130472183228,0.7811058759689331,0.007205607369542122,0.03709094971418381,0.07513809204101562,14,589824,0.3971727159288194,-11.113083949478945,0.24497164908766855,0.24497164908766855
22,589824,1.3082367654460025e-11,240758,349066,2.289520263671875,0.6448378562927246,1.1788755655288696,0.8119543194770813,0.007742213550955057,0.03847847133874893,0.07817808538675308,14,589824,0.4081861707899306,-10.883313650032092,0.22977029944685334,0.22977029944685334
24,589824,2.1275812708831943e-11,243698,346126,2.2064642906188965,0.7166035175323486,1.1007463932037354,0.8308001756668091,0.007911431603133678,0.03899908810853958,0.07893376052379608,14,589824,0.4131707085503472,-10.672113841432807,0.2111998085992841,0.2111998085992841
26,589824,3.13679360264274e-11,238246,351578,2.3613696098327637,0.6964046359062195,1.0559018850326538,0.829323947429657,0.008042107336223125,0.04158726707100868,0.08290170133113861,14,589824,0.4039272732204861,-10.503514056432088,0.16859978500071904,0.16859978500071904
28,589824,4.7391479629510513e-11,243322,346502,2.0605456829071045,0.7181317806243896,1.0446139574050903,0.8349820375442505,0.007944205775856972,0.040559425950050354,0.08215451240539551,14,589824,0.4125332302517361,-10.32429973179648,0.17921432463560905,0.17921432463560905
30,589824,6.891517911888911e-11,247452,342372,2.162261724472046,0.7018216252326965,1.0233876705169678,0.8373969793319702,0.008733007125556469,0.04206472262740135,0.08445274084806442,14,589824,0.4195353190104167,-10.161685110726232,0.16261462107024727,0.16261462107024727
32,589824,9.461600253279911e-11,242267,347557,2.2000174522399902,0.750708818435669,1.031517744064331,0.8309226632118225,0.0089694419875741,0.045788321644067764,0.09176239371299744,14,589824,0.4107445610894097,-10.02403540457133,0.13764970615490135,0.13764970615490135
34,589824,1.2507880842171915e-10,239105,350719,2.1002984046936035,0.7168916463851929,1.0523971319198608,0.8140720129013062,0.009698668494820595,0.04702955111861229,0.09175467491149902,14,589824,0.4053836398654514,-9.902816264767905,0.12121913980342569,0.12121913980342569
36,589824,1.730194598703605e-10,245960,343864,1.9483063220977783,0.7050043940544128,1.0423122644424438,0.8332379460334778,0.00895674154162407,0.04565783217549324,0.09032363444566727,14,589824,0.4170057508680556,-9.761905048090687,0.1409112166772175,0.1409112166772175
38,589824,2.2271635924386857e-10,248770,341054,2.068495273590088,0.7270883321762085,1.0631052255630493,0.8305894732475281,0.010166017338633537,0.051770713180303574,0.10319170355796814,14,589824,0.4217698838975694,-9.652247881446424,0.10965716664426317,0.10965716664426317
40,589824,2.826609502015742e-10,242710,347114,1.9497928619384766,0.7436507344245911,1.0798190832138062,0.8254679441452026,0.009941905736923218,0.05007210373878479,0.09812945127487183,14,589824,0.4114956325954861,-9.548734185438242,0.10351369600818217,0.10351369600818217
42,589824,3.5307928802907895e-10,237572,352252,1.7187479734420776,0.7113676071166992,1.068716287612915,0.8039130568504333,0.010598892346024513,0.05232518911361694,0.1024615690112114,14,589824,0.4027845594618056,-9.45212775782208,0.09660642761616245,0.09660642761616245
44,589824,4.3872988575444083e-10,240776,349048,1.6432597637176514,0.7247806787490845,1.0290133953094482,0.8061754107475281,0.010956241749227047,0.05330265685915947,0.10234824568033218,14,589824,0.4082166883680556,-9.357802780967367,0.09432497685471297,0.09432497685471297
46,589824,5.494121269045138e-10,252228,337596,1.5524052381515503,0.7063336372375488,1.03152334690094,0.83082515001297,0.010593590326607227,0.052730072289705276,0.10206639021635056,14,589824,0.4276326497395833,-9.260101758840488,0.09770102212687881,0.09770102212687881
48,589824,6.574221722566165e-10,248330,341494,1.528814435005188,0.7537268996238708,1.0080106258392334,0.8342235684394836,0.011239076964557171,0.058373939245939255,0.11229412257671356,14,589824,0.4210238986545139,-9.18215565296763,0.07794610587285788,0.07794610587285788
50,589824,7.616096087126323e-10,234918,354906,1.513237714767456,0.7295247912406921,0.9750941395759583,0.7904567122459412,0.011459317989647388,0.05650056526064873,0.10422360152006149,14,589824,0.398284912109375,-9.118267585389667,0.06388806757796317,0.06388806757796317
52,589824,9.183966920289777e-10,239386,350438,1.3096758127212524,0.7025566101074219,0.9377294778823853,0.8007775545120239,0.012143567204475403,0.06092670559883118,0.11554978042840958,14,589824,0.4058600531684028,-9.036969689227622,0.08129789616204519,0.08129789616204519
54,589824,1.0757040813658136e-09,244788,345036,1.394014835357666,0.7147904634475708,0.9089511036872864,0.8063501715660095,0.012582315132021904,0.060489073395729065,0.10985015332698822,14,589824,0.4150187174479167,-8.968307183600112,0.06866250562750942,0.06866250562750942
56,589824,1.2768018864406372e-09,247350,342474,1.253121018409729,0.7301218509674072,0.8984224200248718,0.8108464479446411,0.011340206488966942,0.05857287719845772,0.1148170679807663,14,589824,0.4193623860677083,-8.89387648433439,0.07443069926572221,0.07443069926572221
58,589824,1.45289691388939e-09,246738,343086,1.408778429031372,0.7385368347167969,0.8835461735725403,0.8095588684082031,0.01259230449795723,0.06251975893974304,0.1193857491016388,14,589824,0.4183247884114583,-8.837765198721396,0.056111285612994166,0.056111285612994166
60,589824,1.6370124145126397e-09,239544,350280,1.3936645984649658,0.7293370366096497,0.8756392598152161,0.8095451593399048,0.011947700753808022,0.06122466176748276,0.12037037312984467,14,589824,0.4061279296875,-8.785948027042615,0.05181717167878119,0.05181717167878119
62,589824,1.831882312508526e-09,237694,352130,1.2659482955932617,0.7107577323913574,0.8779893517494202,0.8032958507537842,0.01229732297360897,0.059589218348264694,0.11502604186534882,14,589824,0.4029914008246528,-8.737102430597147,0.048845596445467265,0.048845596445467265
64,589824,2.097580775739516e-09,242386,347438,1.1720824241638184,0.708436906337738,0.852084755897522,0.8040922284126282,0.012612114660441875,0.06037064641714096,0.11147508025169373,14,589824,0.4109463161892361,-8.678281305930739,0.058821124666408764,0.058821124666408764
66,589824,2.3687678485373453e-09,245950,343874,1.292142629623413,0.7234909534454346,0.8361836671829224,0.7967489361763,0.014714372344315052,0.06989631801843643,0.1251189261674881,14,589824,0.4169887966579861,-8.625477500290142,0.052803805640596835,0.052803805640596835
68,589824,2.6372166672672392e-09,242872,346952,1.2911667823791504,0.7448816895484924,0.8346065878868103,0.8041159510612488,0.013352712616324425,0.06407079100608826,0.11868391931056976,14,589824,0.4117702907986111,-8.578854188169,0.04662331212114168,0.04662331212114168
70,589824,2.9261624234777628e-09,242642,347182,1.2085410356521606,0.7223557233810425,0.8480649590492249,0.8218473792076111,0.013600283302366734,0.0677046850323677,0.12364718317985535,14,589824,0.4113803439670139,-8.533701571012363,0.045152617156636765,0.045152617156636765
72,589824,3.159571271282857e-09,238624,351200,1.2720202207565308,0.7372293472290039,0.8290446996688843,0.8021825551986694,0.01502363570034504,0.06924701482057571,0.13015036284923553,14,589824,0.4045681423611111,-8.500371843694278,0.033329727318085034,0.033329727318085034
74,589824,3.4236182777647173e-09,234946,354878,1.224409818649292,0.7146766185760498,0.8259556293487549,0.7595633864402771,0.013058320619165897,0.06408707052469254,0.12221957743167877,14,589824,0.3983323838975694,-8.465514663709259,0.03485717998501947,0.03485717998501947
76,589824,3.779331958497778e-09,243426,346398,1.0955809354782104,0.7028409242630005,0.8203569054603577,0.7816928625106812,0.014665648341178894,0.068184994161129,0.12427185475826263,14,589824,0.4127095540364583,-8.4225849600512,0.042929703658058926,0.042929703658058926
78,589824,4.168880352040105e-09,251592,338232,1.1592727899551392,0.711853563785553,0.8216472268104553,0.8353603482246399,0.014734173193573952,0.07107539474964142,0.13054071366786957,14,589824,0.4265543619791667,-8.379980569060418,0.04260439099078184,0.04260439099078184
80,589824,4.461711000658397e-09,245988,343836,1.3124786615371704,0.7518051266670227,0.8165708184242249,0.8187431693077087,0.015130819752812386,0.07133681327104568,0.13246174156665802,14,589824,0.41705322265625,-8.350498563788648,0.029482005271770362,0.029482005271770362
82,589824,4.746064874439071e-09,236598,353226,1.1972171068191528,0.7274415493011475,0.8329060673713684,0.8038868308067322,0.016745703294873238,0.07135732471942902,0.13030117750167847,14,589824,0.4011332194010417,-8.323666329663066,0.026832234125581778,0.026832234125581778
84,589824,5.0764588088725304e-09,237630,352194,1.0630841255187988,0.7160847783088684,0.8219656944274902,0.8058364987373352,0.015894457697868347,0.07274334132671356,0.1402684897184372,14,589824,0.4028828938802083,-8.29443913339434,0.029227196268726274,0.029227196268726274
86,589824,5.396260327472646e-09,239686,350138,1.1577492952346802,0.7232832908630371,0.8063951730728149,0.7818759679794312,0.01454820018261671,0.07432641088962555,0.1321312040090561,14,589824,0.4063686794704861,-8.267907107173277,0.02653202622106221,0.02653202622106221
88,589824,5.712980755134822e-09,240084,349740,1.0837773084640503,0.7287092208862305,0.797604501247406,0.7885550856590271,0.015028073452413082,0.07745622098445892,0.1393762230873108,14,589824,0.40704345703125,-8.243137238910364,0.024769868262913164,0.024769868262913164
90,589824,6.0420690672913224e-09,241232,348592,1.1682732105255127,0.7223800420761108,0.7904599905014038,0.7908995151519775,0.016598129644989967,0.07483667135238647,0.13522252440452576,14,589824,0.4089898003472222,-8.218814314585403,0.024322924324961193,0.024322924324961193
92,589824,6.466310598085556e-09,250226,339598,1.0472133159637451,0.7144628167152405,0.8054618835449219,0.7990887761116028,0.016001535579562187,0.08312885463237762,0.15857265889644623,14,589824,0.4242384168836806,-8.189343438636469,0.029470875948934605,0.029470875948934605
94,589824,6.768813953783592e-09,251048,338776,1.2699068784713745,0.743630051612854,0.8108700513839722,0.8392552733421326,0.016331538558006287,0.07391415536403656,0.13910487294197083,14,589824,0.4256320529513889,-8.169487422666748,0.01985601596972053,0.01985601596972053
96,589824,7.01373492617563e-09,240192,349632,1.1254627704620361,0.7350622415542603,0.8248718976974487,0.8405208587646484,0.016824040561914444,0.08017753064632416,0.14694078266620636,14,589824,0.4072265625,-8.154050651667317,0.015436770999430749,0.015436770999430749
98,589824,7.215934960669301e-09,234538,355286,1.0788953304290771,0.7326630353927612,0.8185296058654785,0.7929317951202393,0.016811775043606758,0.07908739894628525,0.1474132239818573,14,589824,0.3976406521267361,-8.141707389871565,0.012343261795752625,0.012343261795752625
0,589824,1.0715023533974365e-14,143373,446451,0.04237130656838417,0.009398241527378559,0.07801977545022964,0.01035827212035656,0.5609842538833618,0.8919461965560913,0.9467682242393494,15,589824,0.24307759602864584,-13.970006870757105,,
2,589824,9.724675491956658e-14,179116,410708,0.23756518959999084,0.06078174710273743,0.25527963042259216,0.07921893894672394,0.0726456567645073,0.39260590076446533,0.7228835225105286,15,589824,0.3036770290798611,-13.012124881971813,0.9578819887852923,0.9578819887852923
4,589824,8.802749246758848e-14,82924,506900,0.06969382613897324,0.037727441638708115,0.32616129517555237,0.07545200735330582,0.14079156517982483,0.671554684638977,0.858653724193573,15,589824,0.1405910915798611,-13.055381669187684,-0.04325678721587067,0.04325678721587067
6,589824,1.547936312549375e-13,68628,521196,0.074083611369133,0.03600594028830528,0.41217532753944397,0.1190299317240715,0.15057994425296783,0.6584921479225159,0.8325173258781433,15,589824,0.11635335286458333,-12.810246911661757,0.24513475752592662,0.24513475752592662
8,589824,2.4685602954127583e-13,102024,487800,0.11507479101419449,0.05787237361073494,0.5312340259552002,0.16904623806476593,0.09282130002975464,0.43969064950942993,0.7405806183815002,15,589824,0.1729736328125,-12.607556260526588,0.20269065113516938,0.20269065113516938
10,589824,3.6497009841401917e-13,134922,454902,0.13292093575000763,0.1021602526307106,0.6077346205711365,0.22136086225509644,0.055847082287073135,0.2624998092651367,0.4919360876083374,15,589824,0.22874959309895834,-12.437742715340088,0.16981354518649994,0.16981354518649994
12,589824,4.747560851392496e-13,159896,429928,0.18344548344612122,0.1638002246618271,0.6435732841491699,0.2568480968475342,0.040982890874147415,0.18762820959091187,0.33344799280166626,15,589824,0.2710910373263889,-12.323529460028626,0.11421325531146209,0.11421325531146209
14,589824,6.209036648545385e-13,178560,411264,0.3212921619415283,0.20867599546909332,0.7042295932769775,0.2952736020088196,0.031860437244176865,0.15041442215442657,0.277587354183197,15,589824,0.302734375,-12.206975776743796,0.11655368328482929,0.11655368328482929
16,589824,7.981728342501548e-13,192916,396908,0.27810513973236084,0.24458765983581543,0.7675201296806335,0.33085986971855164,0.02711024507880211,0.1275477409362793,0.2409183233976364,15,589824,0.3270738389756944,-12.09790305747911,0.10907271926468631,0.10907271926468631
18,589824,9.54757974069853e-13,205966,383858,0.3123646378517151,0.27694639563560486,0.7798362374305725,0.34894123673439026,0.022707629948854446,0.10919763147830963,0.2067088633775711,15,589824,0.3491990831163194,-12.020106705743256,0.07779635173585397,0.07779635173585397
20,589824,1.1076804621104608e-12,216490,373334,0.34640130400657654,0.3084445893764496,0.8078508377075195,0.36333224177360535,0.02049979194998741,0.09896992146968842,0.18604092299938202,15,589824,0.3670416937934028,-11.955585504550365,0.06452120119289084,0.06452120119289084
22,589824,1.282701592511537e-12,226116,363708,0.38368627429008484,0.34080934524536133,0.8057453036308289,0.3816398084163666,0.01850377768278122,0.08921969681978226,0.17010295391082764,15,589824,0.38336181640625,-11.891874366071766,0.06371113847859888,0.06371113847859888
24,589824,1.5114857065609555e-12,234332,355492,0.4349193274974823,0.37861135601997375,0.809901237487793,0.404508113861084,0.016540635377168655,0.0799592062830925,0.15283870697021484,15,589824,0.3972913953993056,-11.820595955393909,0.07127841067785745,0.07127841067785745
26,589824,1.7501485287049756e-12,238792,351032,0.4719115197658539,0.4055839478969574,0.8102657198905945,0.4221072494983673,0.01528108213096857,0.07378388196229935,0.14285236597061157,15,589824,0.4048529730902778,-11.756925092765284,0.06367086262862465,0.06367086262862465
28,589824,2.09648509490179e-12,243328,346496,0.5344260931015015,0.44267094135284424,0.8120711445808411,0.44629967212677,0.01357016060501337,0.06598911434412003,0.1297384649515152,15,589824,0.4125434027777778,-11.678508220894525,0.07841687187075941,0.07841687187075941
30,589824,2.400819777356733e-12,244880,344944,0.549578845500946,0.4636971950531006,0.7936607003211975,0.462785542011261,0.013275889679789543,0.06490933895111084,0.12572279572486877,15,589824,0.4151746961805556,-11.619640439958447,0.05886778093607781,0.05886778093607781
32,589824,2.7376430115910733e-12,247338,342486,0.571241021156311,0.482353538274765,0.8236281871795654,0.47756990790367126,0.01311565563082695,0.06355270743370056,0.12305832654237747,15,589824,0.419342041015625,-11.562623184472349,0.05701725548609815,0.05701725548609815
34,589824,3.0308882573854e-12,249726,340098,0.5971613526344299,0.5012580156326294,0.8049571514129639,0.4870075583457947,0.012561767362058163,0.06233231723308563,0.12044400721788406,15,589824,0.4233907063802083,-11.518430074881302,0.044193109591047275,0.044193109591047275
36,589824,3.359215249715275e-12,252106,337718,0.6189430356025696,0.5152652263641357,0.8154540061950684,0.4986819624900818,0.012272615917026997,0.06070462614297867,0.11900153756141663,15,589824,0.4274258083767361,-11.473762166813746,0.04466790806755583,0.04466790806755583
38,589824,3.670349614515178e-12,254290,335534,0.6497301459312439,0.5318551659584045,0.8009111881256104,0.5091379284858704,0.012525070458650589,0.06048212945461273,0.11725196242332458,15,589824,0.4311286078559028,-11.43529256560539,0.038469601208355186,0.038469601208355186
40,589824,4.0262819120395754e-12,254774,335050,0.6764459609985352,0.5441543459892273,0.7821962237358093,0.5206034779548645,0.011845792643725872,0.059798095375299454,0.1174413338303566,15,589824,0.4319491916232639,-11.395095819969763,0.040196745635627806,0.040196745635627806
42,589824,4.393280877978967e-12,254524,335300,0.7112778425216675,0.5597493648529053,0.7662268877029419,0.5307626128196716,0.011861356906592846,0.05907890573143959,0.11516006290912628,15,589824,0.4315253363715278,-11.357211029865377,0.0378847901043855,0.0378847901043855
44,589824,4.74467036840065e-12,254676,335148,0.7268387675285339,0.5652748942375183,0.7482661604881287,0.5416996479034424,0.012105577625334263,0.05988785997033119,0.11681117117404938,15,589824,0.4317830403645833,-11.323793954397363,0.03341707546801409,0.03341707546801409
46,589824,5.140181249391196e-12,255290,334534,0.7669084668159485,0.5787854194641113,0.742598831653595,0.5521298050880432,0.011704335920512676,0.058694031089544296,0.11594656109809875,15,589824,0.4328240288628472,-11.28902156695363,0.034772387443732455,0.034772387443732455
48,589824,5.535323501643097e-12,254450,335374,0.7921439409255981,0.5859299898147583,0.7435476779937744,0.5607764720916748,0.011908037588000298,0.05925722420215607,0.11630968749523163,15,589824,0.4313998752170139,-11.256856992513729,0.03216457443990173,0.03216457443990173
50,589824,6.38574436384598e-12,254642,335182,0.9097385406494141,0.6128121018409729,0.8146623969078064,0.5843892693519592,0.010446038097143173,0.052509017288684845,0.10551676899194717,15,589824,0.4317253960503472,-11.19478847126373,0.06206852124999962,0.06206852124999962
52,589824,6.909406206900837e-12,250708,339116,0.8402284979820251,0.6148735284805298,0.8009341955184937,0.5937466025352478,0.011499433778226376,0.05500821769237518,0.10978908091783524,15,589824,0.4250556098090278,-11.160559274210051,0.034229197053678106,0.034229197053678106
54,589824,7.455118120058835e-12,248062,341762,0.8416121602058411,0.6158784031867981,0.7818747162818909,0.603011429309845,0.011481001041829586,0.056518130004405975,0.1127701923251152,15,589824,0.4205695258246528,-11.1275454711267,0.033013803083351334,0.033013803083351334
56,589824,8.049210603600088e-12,248956,340868,0.8480616807937622,0.6192869544029236,0.7724469304084778,0.6133503317832947,0.01126705203205347,0.05649994686245918,0.11263035237789154,15,589824,0.4220852322048611,-11.094246709360192,0.03329876176650792,0.03329876176650792
58,589824,8.64215209811503e-12,248926,340898,0.8782313466072083,0.6266897320747375,0.7633782625198364,0.6212416887283325,0.011308581568300724,0.05747893080115318,0.11449185758829117,15,589824,0.4220343695746528,-11.063378094563692,0.030868614796499827,0.030868614796499827
60,589824,9.173663564898682e-12,248408,341416,0.8739672303199768,0.6313645243644714,0.76046222448349,0.6303766965866089,0.011859522201120853,0.058911148458719254,0.11733116954565048,15,589824,0.4211561414930556,-11.037457191235564,0.02592090332812802,0.02592090332812802
62,589824,9.808473477868063e-12,247150,342674,0.9502919912338257,0.637194812297821,0.7574083209037781,0.639176070690155,0.011685211211442947,0.05786364525556564,0.11587295681238174,15,589824,0.4190233018663194,-11.008398577913116,0.029058613322447968,0.029058613322447968
64,589824,1.0429092485442215e-11,246310,343514,0.9261221885681152,0.6408877968788147,0.7731549143791199,0.6484398245811462,0.011838739737868309,0.059019118547439575,0.11735211312770844,15,589824,0.4175991482204861,-10.981753481191134,0.026645096721981787,0.026645096721981787
66,589824,1.1083274922829567e-11,245862,343962,0.9419665336608887,0.6452314853668213,0.7749387621879578,0.6576560139656067,0.011705753393471241,0.05921207740902901,0.11917253583669662,15,589824,0.416839599609375,-10.955331893870884,0.02642158732025024,0.02642158732025024
68,589824,1.1737207560036378e-11,245244,344580,0.9467900991439819,0.6489163637161255,0.7803436517715454,0.6680203080177307,0.011694476008415222,0.059610020369291306,0.11926896870136261,15,589824,0.4157918294270833,-10.930435215313238,0.024896678557645657,0.024896678557645657
70,589824,1.2381132577510279e-11,243482,346342,0.946962833404541,0.6537162661552429,0.7786170840263367,0.6759051084518433,0.01216106303036213,0.05990997329354286,0.12039904296398163,15,589824,0.4128044976128472,-10.907239625940692,0.02319558937254662,0.02319558937254662
72,589824,1.3037178975272568e-11,243226,346598,0.9468629360198975,0.6545660495758057,0.7767574191093445,0.6860083341598511,0.012358875945210457,0.061272233724594116,0.12204287201166153,15,589824,0.4123704698350694,-10.884816372408878,0.02242325353181407,0.02242325353181407
74,589824,1.357765028880964e-11,242192,347632,0.9721435904502869,0.6597647070884705,0.7746565341949463,0.6932039260864258,0.012130871415138245,0.06255780160427094,0.12512385845184326,15,589824,0.4106174045138889,-10.867175381373524,0.017640991035353437,0.017640991035353437
76,589824,1.4260300405799509e-11,241236,348588,0.9839329719543457,0.6591337323188782,0.7788278460502625,0.702233076095581,0.011984114535152912,0.06262332201004028,0.12574823200702667,15,589824,0.40899658203125,-10.845871325591666,0.02130405578185801,0.02130405578185801
78,589824,1.4928761352117625e-11,241473,348351,0.9945451617240906,0.6644772887229919,0.7833613157272339,0.7129219770431519,0.012899992056190968,0.06400715559720993,0.12788592278957367,15,589824,0.4093983968098958,-10.82597622444217,0.019895101149495886,0.019895101149495886
80,589824,1.558803086609828e-11,240385,349439,1.066799521446228,0.6684314012527466,0.78644198179245,0.7210844159126282,0.012442540377378464,0.06353142112493515,0.1278241127729416,15,589824,0.4075537787543403,-10.80720874292535,0.01876748151681973,0.01876748151681973
82,589824,1.6234033214934662e-11,238972,350852,1.044691801071167,0.6695654392242432,0.8030247688293457,0.7279401421546936,0.01268349401652813,0.06461426615715027,0.12858828902244568,15,589824,0.4051581488715278,-10.789573569798748,0.01763517312660312,0.01763517312660312
84,589824,1.6951258105524225e-11,239778,350046,1.09685218334198,0.6700021028518677,0.8133893609046936,0.7379255294799805,0.01282019168138504,0.06485582143068314,0.13133397698402405,15,589824,0.406524658203125,-10.770798063360006,0.018775506438741374,0.018775506438741374
86,589824,1.752917255792852e-11,239584,350240,1.051809549331665,0.6762068271636963,0.8354064226150513,0.7462248802185059,0.012838920578360558,0.06574729084968567,0.13222502171993256,15,589824,0.4061957465277778,-10.75623858373547,0.014559479624535854,0.014559479624535854
88,589824,1.827488160799362e-11,238308,351516,1.1268513202667236,0.6747074127197266,0.8401102423667908,0.7529186606407166,0.012861507013440132,0.06556221842765808,0.13127130270004272,15,589824,0.4040323893229167,-10.738145427894677,0.018093155840793074,0.018093155840793074
90,589824,1.8968823040088623e-11,238632,351192,0.9631862640380859,0.6787129044532776,0.8605458736419678,0.7608000040054321,0.012944617308676243,0.06584615260362625,0.13230831921100616,15,589824,0.4045817057291667,-10.721959614975976,0.01618581291870136,0.01618581291870136
92,589824,1.9589264238506487e-11,238042,351782,0.9714277982711792,0.6813628673553467,0.8464022278785706,0.7649897336959839,0.013144738972187042,0.06618579477071762,0.1332789957523346,15,589824,0.4035814073350694,-10.707981875549795,0.013977739426181301,0.013977739426181301
94,589824,2.026118509079744e-11,237660,352164,0.9713668823242188,0.6795161962509155,0.8344459533691406,0.7677745223045349,0.013245813548564911,0.06774383783340454,0.13482286036014557,15,589824,0.4029337565104167,-10.693335156046734,0.014646719503060623,0.014646719503060623
96,589824,2.0912443651766033e-11,238611,351213,0.9600503444671631,0.6825921535491943,0.8250513076782227,0.7727354764938354,0.013318749144673347,0.06800608336925507,0.13668690621852875,15,589824,0.4045461018880208,-10.67959521622728,0.01373993981945354,0.01373993981945354
98,589824,2.1471517272497742e-11,238864,350960,1.1035895347595215,0.6849532723426819,0.8169289231300354,0.7766879796981812,0.013338133692741394,0.0690518468618393,0.13848048448562622,15,589824,0.4049750434027778,-10.668137265308006,0.01145795091927404,0.01145795091927404
0,2359296,5.816718715000722e-16,828216,1531080,0.042204853147268295,0.0005813337047584355,0.06912272423505783,0.0005813337047584355,0.7899352312088013,0.9120144844055176,0.9472395777702332,16,2359296,0.351043701171875,-15.23532193731504,,
2,2359296,1.2667093970150731e-14,515136,1844160,0.27921268343925476,0.011195780709385872,0.1758267879486084,0.012508646585047245,0.3994615375995636,0.7226325273513794,0.7912901043891907,16,2359296,0.21834309895833334,-13.897323007649025,1.337998929666016,1.337998929666016
4,2359296,2.613652126486326e-14,311714,2047582,0.14818669855594635,0.01717352867126465,0.3457733988761902,0.025448225438594818,0.299726665019989,0.744522213935852,0.8232001066207886,16,2359296,0.13212161593967015,-13.582752216908949,0.3145707907400759,0.3145707907400759
6,2359296,5.840167488068565e-14,270610,2088686,0.16535714268684387,0.02501574158668518,0.8075195550918579,0.0549030676484108,0.194893017411232,0.7001551985740662,0.7850116491317749,16,2359296,0.11469946967230903,-13.233574697733333,0.34917751917561546,0.34917751917561546
8,2359296,1.0635342297593206e-13,325538,2033758,0.1843181848526001,0.038251861929893494,1.1788290739059448,0.09463026374578476,0.14098507165908813,0.6331334114074707,0.7865011096000671,16,2359296,0.13798099093967015,-12.973248527805108,0.2603261699282253,0.2603261699282253
10,2359296,1.981889180763599e-13,454841,1904455,0.25586259365081787,0.0744737759232521,1.6999949216842651,0.16076140105724335,0.06973645836114883,0.34105104207992554,0.6214743256568909,16,2359296,0.19278674655490452,-12.70292063316477,0.2703278946403387,0.2703278946403387
12,2359296,3.546820497891956e-13,591525,1767771,0.6196175813674927,0.14652253687381744,1.6805928945541382,0.2501510977745056,0.03462068364024162,0.1735192984342575,0.3552715480327606,16,2359296,0.2507209777832031,-12.450160790312284,0.25275984285248576,0.25275984285248576
14,2359296,5.53905066345145e-13,668410,1690886,1.053083896636963,0.21179170906543732,1.7221708297729492,0.33342328667640686,0.026214448735117912,0.1283179521560669,0.25688573718070984,16,2359296,0.28330908881293404,-12.256564662519542,0.19359612779274116,0.19359612779274116
16,2359296,7.949108493839063e-13,741716,1617580,1.7447972297668457,0.2807665169239044,1.7381365299224854,0.40489187836647034,0.018655387684702873,0.09305044263601303,0.18722395598888397,16,2359296,0.3143802218967014,-12.099681575483995,0.15688308703554732,0.15688308703554732
18,2359296,1.1440915489296932e-12,793470,1565826,2.3241617679595947,0.36295029520988464,1.7566572427749634,0.4729754328727722,0.014474397525191307,0.0724085345864296,0.14324045181274414,16,2359296,0.33631642659505206,-11.941539222392466,0.15814235309152913,0.15814235309152913
20,2359296,1.5988000853783824e-12,849622,1509674,2.8591554164886475,0.3869471848011017,1.8390382528305054,0.531954824924469,0.01307875756174326,0.06571628153324127,0.1318068504333496,16,2359296,0.36011674669053817,-11.796205837219938,0.14533338517252758,0.14533338517252758
22,2359296,2.1293646099845853e-12,902388,1456908,2.4813013076782227,0.45232266187667847,2.1498937606811523,0.5738452672958374,0.012019219808280468,0.0601348839700222,0.12019441276788712,16,2359296,0.3824818929036458,-11.671749968178094,0.12445586904184402,0.12445586904184402
24,2359296,2.7889051745083604e-12,902376,1456920,2.4838593006134033,0.5077270269393921,2.1944589614868164,0.5968899130821228,0.011248082853853703,0.05698955059051514,0.11342943459749222,16,2359296,0.382476806640625,-11.5545662519182,0.11718371625989477,0.11718371625989477
26,2359296,3.72352192481995e-12,942958,1416338,3.556997537612915,0.5430821776390076,2.187788486480713,0.6453742980957031,0.00919128954410553,0.04808909818530083,0.09952086955308914,16,2359296,0.39967770046657985,-11.429046084602863,0.12552016731533655,0.12552016731533655
28,2359296,4.746172638930846e-12,955262,1404034,2.79632568359375,0.5744127035140991,2.3207881450653076,0.6706264019012451,0.01029037032276392,0.05153978615999222,0.10358623415231705,16,2359296,0.40489281548394096,-11.32365646865315,0.10538961594971319,0.10538961594971319
30,2359296,6.0066387627677464e-12,954998,1404298,3.3881163597106934,0.5875348448753357,2.273899793624878,0.6771311163902283,0.009136145003139973,0.04606292396783829,0.09340962022542953,16,2359296,0.40478091769748265,-11.221368485591181,0.10228798306196829,0.10228798306196829
32,2359296,7.45308502414499e-12,961738,1397558,4.318492889404297,0.616966962814331,2.3618521690368652,0.7003657221794128,0.010157652199268341,0.05186547711491585,0.10532078891992569,16,2359296,0.40763770209418404,-11.127663924347855,0.09370456124332627,0.09370456124332627
34,2359296,9.134633154050942e-12,969857,1389439,1.3439860343933105,0.6379104256629944,2.5957112312316895,0.7203450202941895,0.008548682555556297,0.04338680952787399,0.08870586007833481,16,2359296,0.4110789828830295,-11.039308889183962,0.08835503516389309,0.08835503516389309
36,2359296,1.1490939276492806e-11,978059,1381237,1.304042935371399,0.6377583742141724,2.1949284076690674,0.7362566590309143,0.009156912565231323,0.046225231140851974,0.09365590661764145,16,2359296,0.4145554436577691,-10.93964447036085,0.09966441882311194,0.09966441882311194
38,2359296,1.3603156795438665e-11,956672,1402624,1.6764671802520752,0.6598294377326965,1.8969906568527222,0.7327694892883301,0.011212829500436783,0.05614463612437248,0.10991332679986954,16,2359296,0.4054904513888889,-10.866360296059918,0.07328417430093204,0.07328417430093204
40,2359296,1.6247956105552852e-11,958448,1400848,2.7467167377471924,0.6669623255729675,1.72367262840271,0.7536637187004089,0.009463216178119183,0.0475122295320034,0.09648515284061432,16,2359296,0.4062432183159722,-10.789201262864077,0.07715903319584072,0.07715903319584072
42,2359296,1.9515172464124042e-11,980628,1378668,1.606563687324524,0.6723389625549316,1.8005791902542114,0.7499119639396667,0.00966931413859129,0.049274545162916183,0.09870001673698425,16,2359296,0.4156443277994792,-10.709627606315275,0.07957365654880277,0.07957365654880277
44,2359296,2.298575219050747e-11,970828,1388468,1.761073112487793,0.6796613335609436,1.6352988481521606,0.7725778818130493,0.009252926334738731,0.04626154154539108,0.09328635036945343,16,2359296,0.4114905463324653,-10.638541279738703,0.07108632657657132,0.07108632657657132
46,2359296,2.6900417657294007e-11,947816,1411480,2.191812038421631,0.6898715496063232,1.525705099105835,0.7667704224586487,0.011271174065768719,0.05718831345438957,0.11399469524621964,16,2359296,0.4017367892795139,-10.570240977066366,0.06830030267233766,0.06830030267233766
48,2359296,3.1716573811735316e-11,954688,1404608,1.6881039142608643,0.6834079027175903,1.5328724384307861,0.783050000667572,0.009848243556916714,0.05004357546567917,0.10243451595306396,16,2359296,0.4046495225694444,-10.498713733555688,0.07152724351067796,0.07152724351067796
50,2359296,3.5935889680649424e-11,942640,1416656,1.722517967224121,0.7098168730735779,1.5178242921829224,0.7825304865837097,0.011728762648999691,0.05810065567493439,0.11223479360342026,16,2359296,0.3995429144965278,-10.444471598654355,0.05424213490133312,0.05424213490133312
52,2359296,4.1407335893417496e-11,947348,1411948,1.761164903640747,0.683756411075592,1.4510833024978638,0.7963456511497498,0.01071200892329216,0.053917884826660156,0.106059230864048,16,2359296,0.4015384250217014,-10.382922710671433,0.06154888798292113,0.06154888798292113
54,2359296,4.804637243616128e-11,972440,1386856,1.9379363059997559,0.7019703388214111,1.4212422370910645,0.8000960946083069,0.010109621100127697,0.0513748936355114,0.10682201385498047,16,2359296,0.4121738009982639,-10.318339396557974,0.06458331411345952,0.06458331411345952
56,2359296,5.34109943772787e-11,930048,1429248,1.7522735595703125,0.7237672209739685,1.4199914932250977,0.7929703593254089,0.012545588426291943,0.0583098903298378,0.10974271595478058,16,2359296,0.3942057291666667,-10.272369336493602,0.045970060064371765,0.045970060064371765
58,2359296,5.90046830839519e-11,897185,1462111,1.5418729782104492,0.7040393948554993,1.3627427816390991,0.7888458371162415,0.011139285750687122,0.05486048012971878,0.11000630259513855,16,2359296,0.38027657402886283,-10.229113517903523,0.04325581859007954,0.04325581859007954
60,2359296,6.75707823027949e-11,945435,1413861,1.7627249956130981,0.6800519227981567,1.3163096904754639,0.803645670413971,0.011669760569930077,0.056008078157901764,0.10789953172206879,16,2359296,0.4007275899251302,-10.170241052988295,0.05887246491522724,0.05887246491522724
62,2359296,7.63704238737617e-11,970220,1389076,1.8303695917129517,0.7137091755867004,1.332985520362854,0.8215110301971436,0.01103461068123579,0.05682731792330742,0.1134505569934845,16,2359296,0.4112328423394097,-10.117074798954494,0.05316625403380115,0.05316625403380115
64,2359296,8.296036080324143e-11,925226,1434070,1.9463587999343872,0.7307921648025513,1.3455421924591064,0.8237285614013672,0.012365627102553844,0.058006368577480316,0.11533398181200027,16,2359296,0.39216189914279515,-10.081129367823017,0.03594543113147708,0.03594543113147708
66,2359296,9.00700000694421e-11,898536,1460760,1.6648790836334229,0.7129574418067932,1.3614472150802612,0.8054962754249573,0.012798597104847431,0.06208766624331474,0.12524817883968353,16,2359296,0.3808492024739583,-10.045419836921411,0.035709530901606,0.035709530901606
68,2359296,9.911135800955151e-11,924676,1434620,1.6927199363708496,0.6894228458404541,1.3470864295959473,0.8206708431243896,0.013007800094783306,0.06274306029081345,0.11979439854621887,16,2359296,0.3919287787543403,-10.00387657318151,0.0415432637399018,0.0415432637399018
70,2359296,1.0785838194804498e-10,926206,1433090,2.2543725967407227,0.7240515351295471,1.3384062051773071,0.8251628875732422,0.011475848965346813,0.05882708728313446,0.11779993027448654,16,2359296,0.39257727728949654,-9.967146099125793,0.036730474055715945,0.036730474055715945
72,2359296,1.1956020895542707e-10,928260,1431036,2.3699827194213867,0.7044826745986938,1.4201295375823975,0.8401660919189453,0.012752893380820751,0.060060761868953705,0.11594057828187943,16,2359296,0.3934478759765625,-9.922413334615447,0.04473276451034636,0.04473276451034636
74,2359296,1.290800244468926e-10,926284,1433012,2.2324788570404053,0.7337473630905151,1.531104326248169,0.8353104591369629,0.01241088006645441,0.06158910319209099,0.12295365333557129,16,2359296,0.3926103379991319,-9.889140961015658,0.03327237359978952,0.03327237359978952
76,2359296,1.3775847129693375e-10,900754,1458542,1.6954716444015503,0.7183685302734375,1.5860350131988525,0.8366250395774841,0.01276153139770031,0.0671171098947525,0.12774187326431274,16,2359296,0.38178931342230904,-9.860881685221067,0.028259275794590977,0.028259275794590977
78,2359296,1.4762335798224058e-10,911988,1447308,1.569642424583435,0.713770866394043,1.5561141967773438,0.8364143371582031,0.0135868014767766,0.0640140026807785,0.12650933861732483,16,2359296,0.3865509033203125,-9.830844920018349,0.03003676520271803,0.03003676520271803
80,2359296,1.5469768521736427e-10,901402,1457894,2.011202096939087,0.7185583710670471,1.5104706287384033,0.8319029808044434,0.012731279246509075,0.06360314786434174,0.12818920612335205,16,2359296,0.38206397162543404,-9.810516184715931,0.0203287353024173,0.0203287353024173
82,2359296,1.6719581275026485e-10,908968,1450328,2.0170576572418213,0.6970793008804321,1.5296120643615723,0.8493326306343079,0.013997192494571209,0.06856787204742432,0.1374976933002472,16,2359296,0.3852708604600694,-9.776774603226102,0.03374158148982964,0.03374158148982964
84,2359296,1.8015625102840715e-10,941782,1417514,1.6493126153945923,0.7212541699409485,1.5893261432647705,0.8615403771400452,0.012775780633091927,0.0623658150434494,0.12349779903888702,16,2359296,0.39917924669053817,-9.744350664210053,0.032423939016048564,0.032423939016048564
86,2359296,1.9104812176706787e-10,926976,1432320,1.5604153871536255,0.7370303869247437,1.5571337938308716,0.8625165820121765,0.01353001594543457,0.06881192326545715,0.13543608784675598,16,2359296,0.3929036458333333,-9.718857227591943,0.025493436618109655,0.025493436618109655
88,2359296,1.967898899390974e-10,883504,1475792,1.7038438320159912,0.7325583696365356,1.5047838687896729,0.847028911113739,0.01492579560726881,0.07006306946277618,0.13574925065040588,16,2359296,0.3744778103298611,-9.705997217167111,0.012860010424832424,0.012860010424832424
90,2359296,2.063647031036453e-10,882976,1476320,2.628556966781616,0.7096824049949646,1.486260175704956,0.8415294289588928,0.01471047941595316,0.07552526891231537,0.14632560312747955,16,2359296,0.3742540147569444,-9.685364583005136,0.02063263416197536,0.02063263416197536
92,2359296,2.1778052972099005e-10,923542,1435754,2.1757168769836426,0.7005717158317566,1.6684311628341675,0.8627779483795166,0.013559751212596893,0.06796550750732422,0.13690876960754395,16,2359296,0.39144812689887154,-9.661980950166623,0.02338363283851308,0.02338363283851308
94,2359296,2.27516727679955e-10,916552,1442744,1.623602271080017,0.735696017742157,1.7293254137039185,0.8623644113540649,0.014477083459496498,0.07392705976963043,0.14347249269485474,16,2359296,0.3884853786892361,-9.64298666726168,0.018994282904943205,0.018994282904943205
96,2359296,2.373256313692451e-10,914618,1444678,1.3891741037368774,0.719925045967102,1.6910110712051392,0.8639059066772461,0.014975650236010551,0.07599784433841705,0.15113084018230438,16,2359296,0.38766564263237846,-9.624655355077662,0.01833131218401718,0.01833131218401718
98,2359296,2.4536173093281377e-10,912612,1446684,1.7644075155258179,0.7351961731910706,1.6227879524230957,0.864064633846283,0.015565212815999985,0.07342003285884857,0.14648832380771637,16,2359296,0.3868153889973958,-9.610193173233926,0.014462181843736488,0.014462181843736488
0,2359296,1.1294290996574538e-16,868584,1490712,0.019783323630690575,0.00011293015268165618,0.0392490029335022,0.00011293015268165618,0.859686553478241,0.943854570388794,0.9663451910018921,17,2359296,0.3681538899739583,-15.947141026889689,,
2,2359296,3.594568964856125e-15,479926,1879370,0.12336932122707367,0.003311014035716653,0.07916751503944397,0.0035816943272948265,0.6728370785713196,0.8216725587844849,0.8764559626579285,17,2359296,0.20341915554470485,-14.444353179664315,1.502787847225374,1.502787847225374
4,2359296,8.078038021483436e-15,296418,2062878,0.06569896638393402,0.005573908798396587,0.27726486325263977,0.008005957119166851,0.6810922622680664,0.8520670533180237,0.9070940613746643,17,2359296,0.1256383260091146,-14.092694107036099,0.35165907262821605,0.35165907262821605
6,2359296,2.056129958405862e-14,287404,2071892,0.06709645688533783,0.01003576535731554,0.4073299169540405,0.02006465382874012,0.4980584979057312,0.8270170092582703,0.8959234952926636,17,2359296,0.12181769476996528,-13.686949439076157,0.4057446679599419,0.4057446679599419
8,2359296,4.2643724651719034e-14,375280,1984016,0.08302181214094162,0.01940055936574936,0.47018763422966003,0.04041478782892227,0.24907003343105316,0.7780483961105347,0.8700863718986511,17,2359296,0.1590643988715278,-13.370144869529248,0.3168045695469086,0.3168045695469086
10,2359296,8.696311086606873e-14,512774,1846522,0.13619758188724518,0.04103904590010643,0.5426648855209351,0.07835803925991058,0.12377382814884186,0.5901742577552795,0.7995744943618774,17,2359296,0.21734195285373265,-13.060664932953472,0.30947993657577655,0.30947993657577655
12,2359296,1.7256023541502297e-13,639698,1719598,0.2837364673614502,0.0924210473895073,0.5861596465110779,0.14241153001785278,0.053170401602983475,0.27014780044555664,0.541550874710083,17,2359296,0.27113935682508683,-12.763059275419561,0.2976056575339108,0.2976056575339108
14,2359296,2.8528606343600216e-13,714030,1645266,0.32768356800079346,0.1296377331018448,0.6263756155967712,0.21112395823001862,0.03982465714216232,0.20009662210941315,0.40954160690307617,17,2359296,0.30264536539713544,-12.544719443627454,0.21833983179210747,0.21833983179210747
16,2359296,4.263267798683412e-13,801771,1557525,0.5120671987533569,0.2006441205739975,0.6632723212242126,0.2812061011791229,0.025165541097521782,0.12702630460262299,0.2579602003097534,17,2359296,0.33983484903971356,-12.37025738613364,0.17446205749381427,0.17446205749381427
18,2359296,6.524144831147882e-13,825171,1534125,0.7108914256095886,0.27771100401878357,0.6692352890968323,0.36318516731262207,0.017414571717381477,0.08759638667106628,0.17926223576068878,17,2359296,0.34975306193033856,-12.185476406511258,0.18478097962238138,0.18478097962238138
20,2359296,9.428470374231446e-13,875864,1483432,1.5251359939575195,0.3071956932544708,0.7043688893318176,0.44358736276626587,0.01506854873150587,0.07735675573348999,0.1623859405517578,17,2359296,0.3712395562065972,-12.025558759215448,0.15991764729580993,0.15991764729580993
22,2359296,1.3427680191704927e-12,884090,1475206,0.933722972869873,0.40897664427757263,0.8761955499649048,0.5063847899436951,0.014344694092869759,0.06930290162563324,0.13770318031311035,17,2359296,0.37472618950737846,-11.8719990109325,0.15355974828294805,0.15355974828294805
24,2359296,1.7919831200516323e-12,890614,1468682,1.0739142894744873,0.42949816584587097,0.8480880856513977,0.5549767017364502,0.01271594688296318,0.06487097591161728,0.13071094453334808,17,2359296,0.37749142116970485,-11.746666085579562,0.1253329253529376,0.1253329253529376
26,2359296,2.550224354608277e-12,949167,1410129,1.2717989683151245,0.5066189169883728,0.8508614897727966,0.6234725117683411,0.010766282677650452,0.05391991138458252,0.10750584304332733,17,2359296,0.4023094177246094,-11.593421611063182,0.1532444745163808,0.1532444745163808
28,2359296,3.246264368428342e-12,922805,1436491,1.507956862449646,0.5404585599899292,0.8626034259796143,0.6571987867355347,0.010283863171935081,0.05139655992388725,0.10467541962862015,17,2359296,0.391135745578342,-11.488616115109169,0.10480549595401278,0.10480549595401278
30,2359296,4.317559330890841e-12,921467,1437829,1.4196282625198364,0.5448296070098877,0.8838368058204651,0.6988096237182617,0.010313987731933594,0.053524430841207504,0.11116404086351395,17,2359296,0.3905686272515191,-11.36476168574627,0.1238544293628987,0.1238544293628987
32,2359296,5.536599824440547e-12,932801,1426495,1.7582416534423828,0.6235254406929016,0.8938912749290466,0.7331213355064392,0.009346045553684235,0.04675380885601044,0.09572459757328033,17,2359296,0.3953726026746962,-11.256756865384197,0.1080048203620727,0.1080048203620727
34,2359296,7.1915459698423945e-12,924422,1434874,1.7977687120437622,0.606435239315033,0.9366045594215393,0.7479701638221741,0.008990482427179813,0.04382089525461197,0.08913353085517883,17,2359296,0.39182111952039933,-11.143177739102468,0.11357912628172961,0.11357912628172961
36,2359296,8.934105191760189e-12,912700,1446596,1.8689079284667969,0.6396243572235107,0.9697685837745667,0.7589752078056335,0.012211022898554802,0.06138709560036659,0.12064205855131149,17,2359296,0.3868526882595486,-11.048948938372794,0.09422880072967388,0.09422880072967388
38,2359296,1.0866787504559827e-11,928236,1431060,2.0001955032348633,0.6497344970703125,1.0354760885238647,0.7812634110450745,0.010054555721580982,0.050690773874521255,0.10170366615056992,17,2359296,0.3934377034505208,-10.963898825301563,0.08505011307123134,0.08505011307123134
40,2359296,1.3450756133903674e-11,931998,1427298,2.8309266567230225,0.6611067056655884,1.0852043628692627,0.8045213222503662,0.009384140372276306,0.0478895865380764,0.09695299714803696,17,2359296,0.39503224690755206,-10.871253301122414,0.09264552417914906,0.09264552417914906
42,2359296,1.6545693634628655e-11,908738,1450558,2.5698676109313965,0.6727627515792847,1.2428334951400757,0.8211323022842407,0.010604816488921642,0.0539836585521698,0.10259392857551575,17,2359296,0.38517337375217015,-10.781315021470148,0.08993827965226586,0.08993827965226586
44,2359296,1.967471498220963e-11,894730,1464566,1.5417178869247437,0.6922765374183655,1.3285154104232788,0.8121916651725769,0.012303153052926064,0.060171227902173996,0.1177215501666069,17,2359296,0.37923600938585067,-10.706091550331042,0.07522347113910577,0.07522347113910577
46,2359296,2.328528862782786e-11,902062,1457234,1.562173843383789,0.6795936226844788,1.2405815124511719,0.8231266140937805,0.010260935872793198,0.051172759383916855,0.10066714137792587,17,2359296,0.38234371609157985,-10.632918374493281,0.07317317583776095,0.07317317583776095
48,2359296,2.6958810184218862e-11,894280,1465016,3.3824875354766846,0.6958239674568176,1.1658732891082764,0.829443097114563,0.0121617391705513,0.0628751665353775,0.12102362513542175,17,2359296,0.3790452745225694,-10.569299279118576,0.06361909537470467,0.06361909537470467
50,2359296,3.228073364169859e-11,907360,1451936,1.4803268909454346,0.6848534345626831,1.4072450399398804,0.8481295704841614,0.009697363711893559,0.04610518366098404,0.09033239632844925,17,2359296,0.3845893012152778,-10.49105660366122,0.07824267545735708,0.07824267545735708
52,2359296,3.765887254814082e-11,914192,1445104,1.5803110599517822,0.7115241289138794,1.3036234378814697,0.8605344891548157,0.011827930808067322,0.05856647342443466,0.11226416379213333,17,2359296,0.3874850802951389,-10.424132686269715,0.06692391739150416,0.06692391739150416
54,2359296,4.2205537675865656e-11,872330,1486966,1.4879111051559448,0.708403468132019,1.2285585403442383,0.8486652374267578,0.013110864907503128,0.06230669841170311,0.11773182451725006,17,2359296,0.36974165174696183,-10.374630562680778,0.0495021235889368,0.0495021235889368
56,2359296,4.7480720744008664e-11,850960,1508336,4.028163433074951,0.7066959738731384,1.1461442708969116,0.8503787517547607,0.01194768212735653,0.058975741267204285,0.11499012261629105,17,2359296,0.3606838650173611,-10.323482697199122,0.051147865481656396,0.051147865481656396
58,2359296,5.498962743488711e-11,886910,1472386,1.4284485578536987,0.6676000952720642,1.4872217178344727,0.8610671758651733,0.01089062076061964,0.05383973568677902,0.10511890053749084,17,2359296,0.37592146131727433,-10.259719222735303,0.06376347446381914,0.06376347446381914
60,2359296,6.237634020411775e-11,909458,1449838,1.4997971057891846,0.7188380360603333,1.3848096132278442,0.884611189365387,0.011173687875270844,0.059339739382267,0.1199626624584198,17,2359296,0.38547854953342015,-10.204980110114043,0.05473911262125952,0.05473911262125952
62,2359296,6.834399018940118e-11,876588,1482708,1.505483627319336,0.7317848205566406,1.3091425895690918,0.8779524564743042,0.011520805768668652,0.056046854704618454,0.110106460750103,17,2359296,0.3715464274088542,-10.165299668986913,0.039680441127130095,0.039680441127130095
64,2359296,7.519473238515317e-11,849946,1509350,1.4954208135604858,0.7070202231407166,1.2258245944976807,0.8688405752182007,0.013305551372468472,0.06468881666660309,0.12234188616275787,17,2359296,0.36025407579210067,-10.12381258196406,0.041487087022852975,0.041487087022852975
66,2359296,8.49258996460378e-11,870580,1488716,1.3827067613601685,0.6716569662094116,1.1696979999542236,0.8880401849746704,0.012396333739161491,0.0626685693860054,0.12281353026628494,17,2359296,0.3689999050564236,-10.070959843819248,0.052852738144812506,0.052852738144812506
68,2359296,9.255045341216572e-11,870586,1488710,1.4592032432556152,0.7400760054588318,1.125828742980957,0.8878996968269348,0.012379017658531666,0.06113123521208763,0.1199444904923439,17,2359296,0.36900244818793404,-10.03362144926203,0.037338394557217214,0.037338394557217214
70,2359296,1.0265396171993402e-10,865268,1494028,1.361135482788086,0.6935418248176575,1.0874491930007935,0.8975905179977417,0.01234761904925108,0.060479529201984406,0.11859677731990814,17,2359296,0.3667483859592014,-9.988624285261679,0.044997164000351475,0.044997164000351475
72,2359296,1.1100669689012577e-10,866112,1493184,1.4444483518600464,0.7297460436820984,1.0523207187652588,0.8979986906051636,0.014441550709307194,0.07172513753175735,0.13837125897407532,17,2359296,0.3671061197916667,-9.954650819999873,0.03397346526180556,0.03397346526180556
74,2359296,1.2051828979231516e-10,855512,1503784,1.3417922258377075,0.7194505333900452,1.038102149963379,0.8939900398254395,0.012715192511677742,0.05978057533502579,0.11558926105499268,17,2359296,0.3626132541232639,-9.918947039785191,0.03570378021468201,0.03570378021468201
76,2359296,1.2931537785032532e-10,869628,1489668,2.786125898361206,0.7091833353042603,1.0227768421173096,0.9123749136924744,0.012912417761981487,0.0641377717256546,0.13018210232257843,17,2359296,0.3685963948567708,-9.888349826871902,0.030597212913288985,0.030597212913288985
78,2359296,1.360341561618128e-10,838258,1521038,1.5289274454116821,0.721652626991272,1.2224647998809814,0.8979203104972839,0.01308427657932043,0.06410675495862961,0.1264658272266388,17,2359296,0.35530005560980904,-9.866352033025631,0.021997793846271207,0.021997793846271207
80,2359296,1.479863870335052e-10,842256,1517040,1.2775230407714844,0.6947351098060608,1.177973747253418,0.9089821577072144,0.016440369188785553,0.08055151998996735,0.1536504328250885,17,2359296,0.35699462890625,-9.829778232633021,0.03657380039260971,0.03657380039260971
82,2359296,1.613772865338703e-10,895190,1464106,2.4136507511138916,0.705194890499115,1.1537911891937256,0.9238166213035583,0.01299388986080885,0.06447122991085052,0.12378600984811783,17,2359296,0.37943098280164933,-9.792157591219668,0.037620641413353084,0.037620641413353084
84,2359296,1.695266149681629e-10,862200,1497096,1.3607447147369385,0.7479729056358337,1.2936161756515503,0.9168365001678467,0.013688239268958569,0.06808164715766907,0.13402806222438812,17,2359296,0.365447998046875,-9.770762109694378,0.021395481525290805,0.021395481525290805
86,2359296,1.7730161783191534e-10,817042,1542254,1.4102693796157837,0.7283028364181519,1.2192429304122925,0.9111446142196655,0.01454025600105524,0.06617774814367294,0.13236650824546814,17,2359296,0.34630754258897567,-9.751287301554932,0.0194748081394458,0.0194748081394458
88,2359296,1.8677163982072642e-10,839926,1519370,1.199154257774353,0.7009276151657104,1.1897118091583252,0.919730007648468,0.015538273379206657,0.07711988687515259,0.15021799504756927,17,2359296,0.35600704616970485,-9.728689068172436,0.02259823338249589,0.02259823338249589
90,2359296,1.9932493156016307e-10,884158,1475138,1.6538701057434082,0.6857381463050842,1.1509701013565063,0.9321470260620117,0.014609379693865776,0.07117506116628647,0.1400303989648819,17,2359296,0.37475501166449654,-9.700438376353123,0.028250691819312834,0.028250691819312834
92,2359296,2.0706340808640533e-10,870288,1489008,1.3839818239212036,0.7530561089515686,1.1851128339767456,0.9403446316719055,0.014838766306638718,0.07654248178005219,0.14841753244400024,17,2359296,0.3688761393229167,-9.683896642150723,0.01654173420240035,0.01654173420240035
94,2359296,2.1562622520843178e-10,837684,1521612,1.2677981853485107,0.7123406529426575,1.1445086002349854,0.9309414625167847,0.01555598620325327,0.07740508764982224,0.1497509777545929,17,2359296,0.3550567626953125,-9.666298419873668,0.017598222277054987,0.017598222277054987
96,2359296,2.2471549621094766e-10,836756,1522540,1.196319341659546,0.7191586494445801,1.097570776939392,0.9253067970275879,0.01588037610054016,0.08085989207029343,0.15866751968860626,17,2359296,0.3546634250217014,-9.648366977928648,0.017931441945020055,0.017931441945020055
98,2359296,2.339682336760518e-10,847806,1511490,1.1978358030319214,0.7181723117828369,1.0651710033416748,0.9361165165901184,0.015918737277388573,0.07384000718593597,0.14107473194599152,17,2359296,0.35934702555338544,-9.630843103597163,0.01752387433148428,0.01752387433148428
0,589824,3.967316824723694e-15,135984,453840,0.025865579023957253,0.0034692222252488136,0.14103876054286957,0.0038801783230155706,0.8237218856811523,0.9627750515937805,0.9825347065925598,18,589824,0.23055013020833334,-14.401503115952622,,
2,589824,2.7732783653084195e-14,164118,425706,0.06849589943885803,0.017285645008087158,0.45348548889160156,0.024493809789419174,0.2697754204273224,0.797804057598114,0.8798364996910095,18,589824,0.2782491048177083,-13.557006536318294,0.8444965796343276,0.8444965796343276
4,589824,2.949078359445155e-14,79698,510126,0.026574809104204178,0.014073973521590233,0.8728602528572083,0.027106251567602158,0.35660868883132935,0.8885291814804077,0.9530728459358215,18,589824,0.13512166341145834,-13.53031368773219,0.026692848586103324,0.026692848586103324
6,589824,6.282393225434668e-14,86224,503600,0.05051632225513458,0.020448872819542885,1.2270457744598389,0.054372791200876236,0.2516004741191864,0.7877852916717529,0.8815526962280273,18,589824,0.1461859809027778,-13.201874883873245,0.32843880385894586,0.32843880385894586
8,589824,1.2364740308024036e-13,142592,447232,0.16061051189899445,0.04874545335769653,1.3927267789840698,0.09978306293487549,0.10082613676786423,0.5134299397468567,0.7488008141517639,18,589824,0.2417534722222222,-12.90781500053006,0.2940598833431842,0.2940598833431842
10,589824,2.544368524464574e-13,192180,397644,0.5110817551612854,0.11544862389564514,1.8459455966949463,0.18382765352725983,0.03961910679936409,0.2068217396736145,0.4372515380382538,18,589824,0.3258260091145833,-12.594419985574637,0.31339501495542343,0.31339501495542343
12,589824,5.175609290100636e-13,223504,366320,1.2282025814056396,0.22977101802825928,1.8354554176330566,0.3126629889011383,0.01875581592321396,0.09586852788925171,0.20244380831718445,18,589824,0.3789333767361111,-12.286038516257033,0.30838146931760413,0.30838146931760413
14,589824,9.77039955017689e-13,231192,358632,2.5485055446624756,0.3339376449584961,1.6664918661117554,0.45459333062171936,0.013144917786121368,0.06684054434299469,0.1378205120563507,18,589824,0.3919677734375,-12.010087675903641,0.2759508403533921,0.2759508403533921
16,589824,2.058295374418595e-12,230776,359048,3.2987253665924072,0.5076265335083008,1.593833327293396,0.625708281993866,0.008293756283819675,0.0407148040831089,0.08270790427923203,18,589824,0.3912624782986111,-11.686492301937378,0.32359537396626337,0.32359537396626337
18,589824,3.9478932276071355e-12,226096,363728,3.3779613971710205,0.5542309284210205,1.5454881191253662,0.7378513216972351,0.008553888648748398,0.042787134647369385,0.0854504257440567,18,589824,0.3833279079861111,-11.403634601516101,0.28285770042127645,0.28285770042127645
20,589824,7.12866007543389e-12,226020,363804,2.6526472568511963,0.6674162745475769,1.4319840669631958,0.8045059442520142,0.007831164635717869,0.037501104176044464,0.07535616308450699,18,589824,0.3831990559895833,-11.14699209378512,0.25664250773098196,0.25664250773098196
22,589824,1.2193551723882479e-11,232796,357028,2.278780937194824,0.6398941874504089,1.2666603326797485,0.8396395444869995,0.007895324379205704,0.04010377824306488,0.08060275763273239,18,589824,0.3946872287326389,-10.913869775151625,0.23312231863349453,0.23312231863349453
24,589824,2.0136326633890533e-11,235628,354196,2.120765447616577,0.7183218002319336,1.146645426750183,0.8531025052070618,0.00770706357434392,0.03914220631122589,0.07907379418611526,18,589824,0.3994886610243056,-10.696019752657065,0.21785002249455943,0.21785002249455943
26,589824,2.9716024779746775e-11,232034,357790,2.230170726776123,0.6943955421447754,1.0650585889816284,0.8521756529808044,0.00824448186904192,0.04093796759843826,0.08247498422861099,18,589824,0.3933953179253472,-10.527009288171545,0.16901046448552037,0.16901046448552037
28,589824,4.5273368387555024e-11,235976,353848,1.9739766120910645,0.717690646648407,1.0097119808197021,0.8643681406974792,0.008047428913414478,0.04177119955420494,0.08420772105455399,18,589824,0.4000786675347222,-10.344157192323676,0.18285209584786877,0.18285209584786877
30,589824,6.541744229648927e-11,238646,351178,2.0176963806152344,0.6991746425628662,0.9779984354972839,0.8662201762199402,0.008560797199606895,0.04353310167789459,0.08740142732858658,18,589824,0.4046054416232639,-10.184306440006754,0.15985075231692214,0.15985075231692214
32,589824,8.997484007844392e-11,234902,354922,2.0237526893615723,0.7502214908599854,0.9667364954948425,0.8483926057815552,0.009046326391398907,0.04611710458993912,0.09274931997060776,18,589824,0.3982577853732639,-10.045878916590706,0.13842752341604836,0.13842752341604836
34,589824,1.1982764780427146e-10,232068,357756,1.9691587686538696,0.7144648432731628,0.9659637212753296,0.8380852937698364,0.009148180484771729,0.0465165376663208,0.08991330116987228,18,589824,0.3934529622395833,-9.921442965723788,0.12443595086691772,0.12443595086691772
36,589824,1.6600784635834032e-10,239684,350140,1.6718029975891113,0.7009469866752625,0.9574607610702515,0.8576220273971558,0.00958345178514719,0.04797566682100296,0.09585537761449814,18,589824,0.4063652886284722,-9.779871384552727,0.1415715811710605,0.1415715811710605
38,589824,2.11525311155647e-10,241336,348488,1.8943568468093872,0.7334226965904236,0.9494191408157349,0.8531584143638611,0.010433586314320564,0.052209366112947464,0.10453475266695023,18,589824,0.4091661241319444,-9.674637657425961,0.10523372712676604,0.10523372712676604
40,589824,2.705322910134811e-10,232508,357316,1.7228002548217773,0.7396688461303711,0.9439145922660828,0.8431814312934875,0.00990933645516634,0.051198236644268036,0.10114060342311859,18,589824,0.3941989474826389,-9.567780889625846,0.10685676780011555,0.10685676780011555
42,589824,3.38053390835924e-10,230478,359346,1.6171983480453491,0.7070472240447998,0.9269625544548035,0.8200883865356445,0.010543306358158588,0.05349317565560341,0.10491674393415451,18,589824,0.3907572428385417,-9.47101470352628,0.09676618609956655,0.09676618609956655
44,589824,4.225463312579336e-10,236690,353134,1.4653831720352173,0.7241449356079102,0.9060111045837402,0.8236209154129028,0.010748236440122128,0.05274832248687744,0.10218852013349533,18,589824,0.4012891981336806,-9.374125664687103,0.09688903883917632,0.09688903883917632
46,589824,5.248197432194956e-10,244960,344864,1.6032888889312744,0.7130943536758423,0.9010284543037415,0.8471171855926514,0.010364958085119724,0.05429049953818321,0.10456809401512146,18,589824,0.4153103298611111,-9.279989835579805,0.09413582910729801,0.09413582910729801
48,589824,6.257073748017206e-10,237950,351874,1.566909670829773,0.7533898949623108,0.9027704000473022,0.845750093460083,0.012611893005669117,0.06163899973034859,0.11513763666152954,18,589824,0.4034254286024306,-9.203628726248597,0.07636110933120754,0.07636110933120754
50,589824,7.312530025949115e-10,227392,362432,1.4669109582901,0.7213237285614014,0.8932868242263794,0.8105916976928711,0.012062869034707546,0.05768013000488281,0.10530713200569153,18,589824,0.3855251736111111,-9.135932337651337,0.06769638859726079,0.06769638859726079
52,589824,8.845893462172683e-10,232582,357242,1.3516677618026733,0.7001696228981018,0.8601950407028198,0.8261163234710693,0.013294235803186893,0.06492333859205246,0.11862052977085114,18,589824,0.3943244086371528,-9.053258295473892,0.08267404217744456,0.08267404217744456
54,589824,1.0350083012866662e-09,237686,352138,1.436484694480896,0.7164227962493896,0.8525258898735046,0.8289532661437988,0.013282230123877525,0.06202300637960434,0.11011166125535965,18,589824,0.4029778374565972,-8.985056166933118,0.0682021285407739,0.0682021285407739
56,589824,1.2270887639331818e-09,240970,348854,1.2865660190582275,0.7336463928222656,0.8574661016464233,0.8265547156333923,0.010993069969117641,0.06156783178448677,0.12008964270353317,18,589824,0.4085456000434028,-8.911124020572055,0.07393214636106293,0.07393214636106293
58,589824,1.3884213778680987e-09,237706,352118,1.467618465423584,0.7370665073394775,0.8483307361602783,0.829968273639679,0.013188560493290424,0.0647859126329422,0.11970669031143188,18,589824,0.4030117458767361,-8.85747870800936,0.053645312562695224,0.053645312562695224
60,589824,1.5685236443019335e-09,230668,359156,1.4154261350631714,0.724357008934021,0.8473771810531616,0.8271557688713074,0.011895885691046715,0.06032479926943779,0.11981289833784103,18,589824,0.3910793728298611,-8.804508930257622,0.05296977775173772,0.05296977775173772
62,589824,1.754208445170491e-09,229966,359858,1.3138985633850098,0.7116888761520386,0.8531468510627747,0.8181297779083252,0.012514892965555191,0.059939295053482056,0.11351242661476135,18,589824,0.3898891872829861,-8.755918802527182,0.04859012773044036,0.04859012773044036
64,589824,2.0257484578678486e-09,236304,353520,1.159018874168396,0.6918564438819885,0.8343549966812134,0.8314653038978577,0.012581251561641693,0.06180174648761749,0.11456429213285446,18,589824,0.400634765625,-8.693414483034074,0.06250431949310808,0.06250431949310808
66,589824,2.2777033592547014e-09,239288,350536,1.3626775741577148,0.733343780040741,0.8180521130561829,0.8233771324157715,0.014597471803426743,0.06944351643323898,0.12399284541606903,18,589824,0.4056939019097222,-8.64250283768782,0.05091164534625392,0.05091164534625392
68,589824,2.5375528345250586e-09,233742,356082,1.2807141542434692,0.7432564496994019,0.8224274516105652,0.8306084871292114,0.01305285282433033,0.06216255575418472,0.1172703206539154,18,589824,0.3962910970052083,-8.595584906515654,0.046917931172165694,0.046917931172165694
70,589824,2.798901332923265e-09,234126,355698,1.230301856994629,0.7188682556152344,0.8302385807037354,0.8385730385780334,0.014910775236785412,0.0715213194489479,0.12847356498241425,18,589824,0.396942138671875,-8.55301241104518,0.04257249547047337,0.04257249547047337
72,589824,3.032542439385111e-09,229812,360012,1.3095524311065674,0.7362014055252075,0.808207094669342,0.8086792826652527,0.015051432885229588,0.07048369944095612,0.13259097933769226,18,589824,0.3896280924479167,-8.518193112617432,0.03481929842774889,0.03481929842774889
74,589824,3.307980778188835e-09,229116,360708,1.2006100416183472,0.7053510546684265,0.8130146265029907,0.799514651298523,0.013600097969174385,0.06611498445272446,0.12815342843532562,18,589824,0.3884480794270833,-8.480437022683812,0.03775608993361956,0.03775608993361956
76,589824,3.653922275859145e-09,237646,352178,1.1278023719787598,0.7075399160385132,0.8027344942092896,0.8220472931861877,0.015674574300646782,0.06807184219360352,0.12561962008476257,18,589824,0.4029100206163194,-8.437240694948585,0.04319632773522741,0.04319632773522741
78,589824,4.008843923486438e-09,243002,346822,1.2062991857528687,0.7173921465873718,0.8069272637367249,0.8474659323692322,0.014510168693959713,0.07164961844682693,0.13341864943504333,18,589824,0.4119906955295139,-8.39698085182832,0.040259843120264094,0.040259843120264094
80,589824,4.286204724479603e-09,237898,351926,1.3173539638519287,0.7498916983604431,0.8070977926254272,0.8387017846107483,0.01695684716105461,0.07336337119340897,0.1337379813194275,18,589824,0.4033372667100694,-8.367927089339823,0.029053762488498336,0.029053762488498336
82,589824,4.56281945560022e-09,228304,361520,1.2073570489883423,0.7235819697380066,0.8174291849136353,0.8361194729804993,0.018624290823936462,0.07244288176298141,0.13273091614246368,18,589824,0.3870713975694444,-8.340766715314084,0.027160374025738676,0.027160374025738676
84,589824,4.895397420767722e-09,230080,359744,1.0916578769683838,0.7124370336532593,0.805671751499176,0.8202539086341858,0.015264255926012993,0.07332231849431992,0.14107701182365417,18,589824,0.3900824652777778,-8.310212045303077,0.03055467001100709,0.03055467001100709
86,589824,5.188887097773431e-09,231854,357970,1.175669550895691,0.7281906008720398,0.7949161529541016,0.8076601028442383,0.014754975214600563,0.07520680874586105,0.13405418395996094,18,589824,0.3930901421440972,-8.284925778784245,0.02528626651883137,0.02528626651883137
88,589824,5.510717659973352e-09,231502,358322,1.0997514724731445,0.7216082811355591,0.7822530269622803,0.8100760579109192,0.015818437561392784,0.07948958873748779,0.1409275084733963,18,589824,0.3924933539496528,-8.258791839356803,0.026133939427442243,0.026133939427442243
90,589824,5.832132110583643e-09,234440,355384,1.1374644041061401,0.7189540863037109,0.7786964178085327,0.8105821013450623,0.0170320775359869,0.07508531212806702,0.13986094295978546,18,589824,0.3974745008680556,-8.234172646856125,0.02461919250067801,0.02461919250067801
92,589824,6.245225225853801e-09,244348,345476,1.0730559825897217,0.7144559025764465,0.7865273356437683,0.836016833782196,0.018138065934181213,0.08901648223400116,0.16631197929382324,18,589824,0.4142727322048611,-8.20445189474674,0.02972075210938563,0.02972075210938563
94,589824,6.511618355631299e-09,243094,346730,1.2817457914352417,0.7453157901763916,0.7961104512214661,0.8575255274772644,0.016466880217194557,0.07383974641561508,0.139143705368042,18,589824,0.4121466742621528,-8.18631106126696,0.018140833479780127,0.018140833479780127
96,589824,6.739738100947079e-09,230914,358910,1.1048907041549683,0.731606125831604,0.8033777475357056,0.8507474064826965,0.017019324004650116,0.08251123875379562,0.15142866969108582,18,589824,0.3914964463975694,-8.171356979358361,0.014954081908598482,0.014954081908598482
98,589824,6.944507191519733e-09,226646,363178,1.095241904258728,0.7309933304786682,0.792860746383667,0.812429666519165,0.01749865524470806,0.08101621270179749,0.15104171633720398,18,589824,0.3842603895399306,-8.158358568010946,0.012998411347414418,0.012998411347414418
0,589824,1.883548011842335e-14,148200,441624,0.0625356137752533,0.016146792098879814,0.0608387216925621,0.017950402572751045,0.28207826614379883,0.8424021601676941,0.9178542494773865,19,589824,0.2512613932291667,-13.725023305106353,,
2,589824,1.601598899076545e-13,189656,400168,0.3230169415473938,0.09371213614940643,0.21105603873729706,0.12038909643888474,0.0468110665678978,0.24119457602500916,0.5444119572639465,19,589824,0.3215467664930556,-12.795446238394444,0.929577066711909,0.929577066711909
4,589824,1.5868838361410287e-13,89030,500794,0.12989939749240875,0.06589271128177643,0.31463223695755005,0.1257828176021576,0.08548803627490997,0.3810962438583374,0.7571380138397217,19,589824,0.1509433322482639,-12.799454863522033,-0.004008625127589482,0.004008625127589482
6,589824,2.8629632302032415e-13,75822,514002,0.1325920671224594,0.06306485086679459,0.41544774174690247,0.19391505420207977,0.08803513646125793,0.40472424030303955,0.7275329232215881,19,589824,0.12855021158854166,-12.5431842297019,0.25627063382013304,0.25627063382013304
8,589824,4.3453389215845906e-13,103896,485928,0.13428722321987152,0.0821199119091034,0.4578995406627655,0.2528895437717438,0.06422769278287888,0.3104739487171173,0.5929775834083557,19,589824,0.1761474609375,-12.36197634440896,0.18120788529293996,0.18120788529293996
10,589824,6.23260720377522e-13,143010,446814,0.18338929116725922,0.1497487872838974,0.5074699521064758,0.31153014302253723,0.03941682353615761,0.1869729459285736,0.35938048362731934,19,589824,0.242462158203125,-12.205330242690598,0.15664610171836202,0.15664610171836202
12,589824,8.038026624510031e-13,169058,420766,0.2583775520324707,0.22761864960193634,0.5279456377029419,0.3472338914871216,0.03032095544040203,0.13956749439239502,0.2588934004306793,19,589824,0.2866244845920139,-12.094850559619644,0.11047968307095424,0.11047968307095424
14,589824,9.939878781173306e-13,189628,400196,0.3006995916366577,0.25694897770881653,0.5375760197639465,0.37348195910453796,0.027422109618782997,0.1261627972126007,0.23620456457138062,19,589824,0.3214992947048611,-12.0026189118792,0.09223164774044434,0.09223164774044434
16,589824,1.2662764716994679e-12,210536,379288,0.36619946360588074,0.3115115463733673,0.5604843497276306,0.40383997559547424,0.019702093675732613,0.09845822304487228,0.18987727165222168,19,589824,0.3569471571180556,-11.897471462545514,0.10514744933368547,0.10514744933368547
18,589824,1.5173083059080716e-12,223246,366578,0.41440287232398987,0.3523833453655243,0.5630719661712646,0.41573071479797363,0.01744712144136429,0.08426131308078766,0.16400742530822754,19,589824,0.3784959581163194,-11.818926164796396,0.07854529774911789,0.07854529774911789
20,589824,1.7833384508697536e-12,233232,356592,0.4535864591598511,0.38563019037246704,0.567646324634552,0.4293728470802307,0.016352815553545952,0.07799101620912552,0.1502709686756134,19,589824,0.3954264322916667,-11.748766226428543,0.07015993836785306,0.07015993836785306
22,589824,2.0931305733801198e-12,243276,346548,0.5058675408363342,0.42129260301589966,0.5654851794242859,0.4484914243221283,0.014748681336641312,0.07241158187389374,0.140367329120636,19,589824,0.4124552408854167,-11.679203678718324,0.06956254771021975,0.06956254771021975
24,589824,2.5014916353593986e-12,251966,337858,0.5712857842445374,0.45729702711105347,0.5724363923072815,0.4673153758049011,0.012973972596228123,0.06494923681020737,0.12785454094409943,19,589824,0.4271884494357639,-11.601800944998573,0.07740273371975093,0.07740273371975093
26,589824,2.9512657508806717e-12,257170,332654,0.6281537413597107,0.49048370122909546,0.572706937789917,0.4834262430667877,0.012501458637416363,0.060360852628946304,0.11961738020181656,19,589824,0.4360114203559028,-11.529991682081008,0.07180926291756506,0.07180926291756506
28,589824,3.4737503672166437e-12,260866,328958,0.6789789795875549,0.5169714689254761,0.578757107257843,0.5027409195899963,0.011952496133744717,0.05819079279899597,0.11554974317550659,19,589824,0.4422776963975694,-11.459201394304488,0.07079028777651963,0.07079028777651963
30,589824,4.0728800540512644e-12,262984,326840,0.729083776473999,0.5398733615875244,0.5878714919090271,0.5189289450645447,0.011624281294643879,0.05675250291824341,0.11195357888936996,19,589824,0.4458685980902778,-11.390098379658836,0.06910301464565194,0.06910301464565194
32,589824,4.741728711066262e-12,263934,325890,0.7806724905967712,0.5611357092857361,0.5985901355743408,0.5347844362258911,0.010764054954051971,0.05430145561695099,0.10782619565725327,19,589824,0.447479248046875,-11.324063296974714,0.06603508268412206,0.06603508268412206
34,589824,5.457348548759677e-12,265178,324646,0.8156126737594604,0.5773481726646423,0.604895293712616,0.5504801869392395,0.010860629379749298,0.05409574136137962,0.10726380348205566,19,589824,0.4495883517795139,-11.263018307904781,0.0610449890699325,0.0610449890699325
36,589824,6.291252241386047e-12,266600,323224,0.8612082004547119,0.5948691368103027,0.615996778011322,0.5653408765792847,0.01036009006202221,0.05221680551767349,0.10579520463943481,19,589824,0.4519992404513889,-11.20126290186857,0.06175540603621066,0.06175540603621066
38,589824,7.204064168125912e-12,267278,322546,0.9047549366950989,0.6076463460922241,0.6234240531921387,0.5792049765586853,0.010359999723732471,0.051695238798856735,0.10478228330612183,19,589824,0.4531487358940972,-11.142422427482309,0.05884047438626183,0.05884047438626183
40,589824,8.242118793022613e-12,267234,322590,0.9370860457420349,0.6216143369674683,0.6331896185874939,0.5945549011230469,0.009991243481636047,0.05207795649766922,0.10561530292034149,19,589824,0.4530741373697917,-11.083961130313442,0.05846129716886672,0.05846129716886672
42,589824,9.36495759412681e-12,265870,323954,0.996128261089325,0.6346226930618286,0.6427217125892639,0.6091942191123962,0.010050024837255478,0.051577840000391006,0.103554368019104,19,589824,0.4507615831163194,-11.028494184832088,0.05546694548135456,0.05546694548135456
44,589824,1.0642403625027441e-11,265052,324772,1.0073363780975342,0.6426334977149963,0.6586728692054749,0.6250373125076294,0.010303638875484467,0.05169928818941116,0.10346648842096329,19,589824,0.4493747287326389,-10.972960273996332,0.05553391083575576,0.05553391083575576
46,589824,1.2150054400084098e-11,263930,325894,1.036051630973816,0.6529396772384644,0.6699949502944946,0.6374025940895081,0.009896563366055489,0.050808925181627274,0.10221270471811295,19,589824,0.4474724663628472,-10.915421777571558,0.057538496424774266,0.057538496424774266
48,589824,1.3769347641245933e-11,261388,328436,1.0441606044769287,0.6618818640708923,0.6808804273605347,0.6475483775138855,0.010249131359159946,0.05170474573969841,0.10374998301267624,19,589824,0.4431627061631944,-10.861086635089366,0.0543351424821914,0.0543351424821914
50,589824,1.5518685295146106e-11,259856,329968,1.0418843030929565,0.6678358912467957,0.6883184313774109,0.6568371653556824,0.00995936244726181,0.05149390548467636,0.10369974374771118,19,589824,0.4405653211805556,-10.809145073879908,0.0519415612094587,0.0519415612094587
52,589824,1.7448249442497676e-11,259366,330458,1.058166265487671,0.6725904941558838,0.6930321455001831,0.6673460602760315,0.010009021498262882,0.051984451711177826,0.10511015355587006,19,589824,0.4397345648871528,-10.758248138653226,0.050896935226681705,0.050896935226681705
54,589824,1.957317988243723e-11,258378,331446,1.0624167919158936,0.6786646842956543,0.7001007795333862,0.6782295107841492,0.010318216867744923,0.05214840546250343,0.10433938354253769,19,589824,0.4380594889322917,-10.708338612604155,0.04990952604907051,0.04990952604907051
56,589824,2.196054622871646e-11,257002,332822,1.0653588771820068,0.6827669143676758,0.703167736530304,0.6857646107673645,0.010571901686489582,0.052524883300065994,0.10594858974218369,19,589824,0.4357265896267361,-10.658356861800856,0.04998175080329936,0.04998175080329936
58,589824,2.4342475951621978e-11,255262,334562,1.0668209791183472,0.6891093850135803,0.7060500383377075,0.6921176314353943,0.010573449544608593,0.05360374599695206,0.10665903240442276,19,589824,0.4327765570746528,-10.613635250368924,0.04472161143193176,0.04472161143193176
60,589824,2.6889396959051126e-11,253290,336534,1.075805425643921,0.6892896294593811,0.7053318619728088,0.6975775361061096,0.010213589295744896,0.053519681096076965,0.10758024454116821,19,589824,0.4294331868489583,-10.57041893746778,0.04321631290114425,0.04321631290114425
62,589824,2.977129653913835e-11,254046,335778,1.0555511713027954,0.6906418800354004,0.7123308777809143,0.7039687633514404,0.0105728879570961,0.0533171147108078,0.10864173620939255,19,589824,0.4307149251302083,-10.526202251428783,0.044216686038996755,0.044216686038996755
64,589824,3.258061181954375e-11,253862,335962,1.0903470516204834,0.696786105632782,0.7144935131072998,0.7129685282707214,0.010690847411751747,0.054368119686841965,0.11035129427909851,19,589824,0.4304029676649306,-10.487040764491692,0.03916148693709154,0.03916148693709154
66,589824,3.5493795402796735e-11,251028,338796,1.0772308111190796,0.6983919143676758,0.7183588147163391,0.7174205780029297,0.011118282563984394,0.05693389102816582,0.11368054896593094,19,589824,0.42559814453125,-10.44984755843321,0.03719320605848253,0.03719320605848253
68,589824,3.853464075609381e-11,250470,339354,1.0732160806655884,0.6976460814476013,0.7204619646072388,0.7230949401855469,0.011083163321018219,0.056793227791786194,0.11410947144031525,19,589824,0.424652099609375,-10.414148685422578,0.035698873010630905,0.035698873010630905
70,589824,4.1880082735090696e-11,250638,339186,1.0820417404174805,0.7009696960449219,0.7241723537445068,0.7291399240493774,0.011215378530323505,0.056288354098796844,0.11445591598749161,19,589824,0.4249369303385417,-10.37799246903336,0.03615621638921773,0.03615621638921773
72,589824,4.523285218605011e-11,249934,339890,1.0812052488327026,0.7026249170303345,0.7282531261444092,0.7342344522476196,0.011439019814133644,0.05848744139075279,0.11695887893438339,19,589824,0.4237433539496528,-10.344546026677937,0.033446442355423045,0.033446442355423045
74,589824,4.85371846881133e-11,249228,340596,1.0675779581069946,0.7058780193328857,0.7324886918067932,0.7414804697036743,0.012217727489769459,0.06041455641388893,0.12050411105155945,19,589824,0.42254638671875,-10.31392541774195,0.030620608935986837,0.030620608935986837
76,589824,5.199695188307096e-11,248552,341272,1.0863524675369263,0.7061249017715454,0.7332770228385925,0.7488595843315125,0.012166468426585197,0.060800157487392426,0.12207505851984024,19,589824,0.4214002821180556,-10.284022114426017,0.02990330331593327,0.02990330331593327
78,589824,5.5427520212480985e-11,247842,341982,1.0759354829788208,0.7086246609687805,0.739517092704773,0.7540349960327148,0.012035894207656384,0.06123659387230873,0.12166622281074524,19,589824,0.420196533203125,-10.25627455099669,0.027747563429327826,0.027747563429327826
80,589824,5.889087134614002e-11,246984,342840,1.0716471672058105,0.70778888463974,0.7415145039558411,0.7575086951255798,0.012049363926053047,0.06212548166513443,0.12435218691825867,19,589824,0.4187418619791667,-10.229952019835181,0.026322531161508067,0.026322531161508067
82,589824,6.23661330911851e-11,246522,343302,1.073073148727417,0.7103779911994934,0.7428150177001953,0.763664722442627,0.012177412398159504,0.06314649432897568,0.12629704177379608,19,589824,0.4179585774739583,-10.205051182824333,0.024900837010848775,0.024900837010848775
84,589824,6.58877466475083e-11,246610,343214,1.0618903636932373,0.7097510695457458,0.7454424500465393,0.7698726654052734,0.012688050046563148,0.06419447809457779,0.128660649061203,19,589824,0.4181077745225694,-10.181195345014112,0.023855837810220493,0.023855837810220493
86,589824,6.959566950515139e-11,247448,342376,1.0509088039398193,0.712217390537262,0.748681366443634,0.7778559923171997,0.012560214847326279,0.06514904648065567,0.129999041557312,19,589824,0.4195285373263889,-10.157417782925757,0.023777562088355353,0.023777562088355353
88,589824,7.297182996746088e-11,246178,343646,1.063062071800232,0.7160135507583618,0.7481067180633545,0.7809222340583801,0.01312871091067791,0.06535108387470245,0.13024315237998962,19,589824,0.4173753526475694,-10.136844762493324,0.020573020432433253,0.020573020432433253
90,589824,7.624758463498083e-11,244392,345432,1.0448335409164429,0.7150575518608093,0.7468058466911316,0.7817578911781311,0.01324511505663395,0.06637696921825409,0.13331860303878784,19,589824,0.4143473307291667,-10.117773909309888,0.019070853183436043,0.019070853183436043
92,589824,7.950479163909563e-11,245396,344428,1.0379072427749634,0.712913990020752,0.7462183833122253,0.7855386137962341,0.013231674209237099,0.06840779632329941,0.13565421104431152,19,589824,0.4160495334201389,-10.09960669625286,0.018167213057028064,0.018167213057028064
94,589824,8.296222042680768e-11,246826,342998,1.0409104824066162,0.7150850892066956,0.7465974688529968,0.7920209169387817,0.013276558369398117,0.06852195411920547,0.136383518576622,19,589824,0.4184739854600694,-10.081119632870157,0.018487063382702118,0.018487063382702118
96,589824,8.618240149305123e-11,246614,343210,1.0310428142547607,0.7183381915092468,0.7468054890632629,0.7951295971870422,0.013454223982989788,0.06923370063304901,0.1392499953508377,19,589824,0.4181145562065972,-10.06458140836033,0.01653822450982645,0.01653822450982645
98,589824,8.90314350021626e-11,245476,344348,1.032158374786377,0.7192623019218445,0.743341326713562,0.7975873947143555,0.014168391935527325,0.07122895866632462,0.14057178795337677,19,589824,0.4161851671006944,-10.050456626640726,0.014124781719605295,0.014124781719605295
0,589824,6.9028098768377216e-15,136618,453206,0.037791576236486435,0.006026846822351217,0.18006350100040436,0.006728047970682383,0.7535244226455688,0.9345913529396057,0.9698649048805237,20,589824,0.2316250271267361,-14.16097408816136,,
2,589824,4.740940306351485e-14,164030,425794,0.09918070584535599,0.028684135526418686,0.5737098455429077,0.0410241037607193,0.16062305867671967,0.7333048582077026,0.8226361274719238,20,589824,0.2780999077690972,-13.324135512891413,0.8368385752699474,0.8368385752699474
4,589824,4.907263695874339e-14,79284,510540,0.038995616137981415,0.02225189097225666,1.1247519254684448,0.044178154319524765,0.2368573695421219,0.838630735874176,0.9225064516067505,20,589824,0.13441975911458334,-13.309160604218777,0.014974908672636289,0.014974908672636289
6,589824,9.862991228858781e-14,79216,510608,0.06359373033046722,0.028336212038993835,1.5117906332015991,0.08197995275259018,0.18542972207069397,0.7535094022750854,0.8532493710517883,20,589824,0.1343044704861111,-13.005991353093554,0.3031692511252224,0.3031692511252224
8,589824,1.8062641497524484e-13,133192,456632,0.15981313586235046,0.061069589108228683,1.7074024677276611,0.1370229572057724,0.08450958132743835,0.4120742976665497,0.731718122959137,20,589824,0.22581651475694445,-12.743218737748323,0.2627726153452308,0.2627726153452308
10,589824,3.4988824988355094e-13,185274,404550,0.43674802780151367,0.14018894731998444,2.19064998626709,0.23110926151275635,0.03415481746196747,0.17561016976833344,0.3607845604419708,20,589824,0.314117431640625,-12.456070641959565,0.28714809578875844,0.28714809578875844
12,589824,6.580671337713673e-13,219860,369964,0.9573667645454407,0.25787901878356934,2.130441665649414,0.3544462025165558,0.0172427911311388,0.09026198089122772,0.1877240091562271,20,589824,0.3727552625868056,-12.181729798879639,0.27434084307992634,0.27434084307992634
14,589824,1.1681722212816825e-12,234736,355088,1.828116536140442,0.35810837149620056,1.8632251024246216,0.4810665249824524,0.012967759743332863,0.06553319841623306,0.13307715952396393,20,589824,0.3979763454861111,-11.932493125341248,0.24923667353839107,0.24923667353839107
16,589824,2.2273029774699804e-12,238272,351552,2.7901499271392822,0.5058196783065796,1.6736376285552979,0.6221964955329895,0.00860780943185091,0.042984489351511,0.08711472898721695,20,589824,0.4039713541666667,-11.652220702367169,0.28027242297407895,0.28027242297407895
18,589824,4.20494411859651e-12,235788,354036,2.967496871948242,0.5612080693244934,1.560030460357666,0.7285098433494568,0.00845674891024828,0.041427046060562134,0.08330788463354111,20,589824,0.3997599283854167,-11.376239771363439,0.2759809310037298,0.2759809310037298
20,589824,7.33006016995219e-12,231030,358794,2.7600038051605225,0.660889744758606,1.4286903142929077,0.7814291715621948,0.007691641803830862,0.038843441754579544,0.07663939893245697,20,589824,0.391693115234375,-11.134892460369656,0.24134731099378293,0.24134731099378293
22,589824,1.2435022629653236e-11,235518,354306,2.183211326599121,0.6381733417510986,1.2888128757476807,0.8157752752304077,0.007787090726196766,0.038464151322841644,0.07894938439130783,20,589824,0.3993021647135417,-10.905353420050291,0.22953904031936467,0.22953904031936467
24,589824,2.0223161686927504e-11,241624,348200,2.018185615539551,0.7106973528862,1.1788184642791748,0.8358736634254456,0.007615137379616499,0.03873787075281143,0.07744677364826202,20,589824,0.4096544053819444,-10.69415094588423,0.2112024741660612,0.2112024741660612
26,589824,3.033863091306266e-11,237176,352648,1.9785562753677368,0.6937311291694641,1.0671627521514893,0.8380771279335022,0.008381960913538933,0.04044254124164581,0.08262219280004501,20,589824,0.4021131727430556,-10.518004021450338,0.17614692443389224,0.17614692443389224
28,589824,4.478623027992512e-11,239004,350820,1.895995020866394,0.723147451877594,0.9958016276359558,0.8373503684997559,0.008163043297827244,0.041534870862960815,0.08251326531171799,20,589824,0.40521240234375,-10.348855491195105,0.16914853025523335,0.16914853025523335
30,589824,6.565521043500055e-11,246244,343580,1.755858302116394,0.6803942322731018,0.9635559916496277,0.8436259031295776,0.008507821708917618,0.04279495030641556,0.08619499206542969,20,589824,0.4174872504340278,-10.182730802348674,0.1661246888464305,0.1661246888464305
32,589824,9.014036739252163e-11,242096,347728,1.930796504020691,0.7549280524253845,0.9343051910400391,0.8368357419967651,0.008946863934397697,0.04481693357229233,0.08915884792804718,20,589824,0.4104546440972222,-10.045080676171635,0.1376501261770393,0.1376501261770393
34,589824,1.18795362435975e-10,234976,354848,1.8141028881072998,0.7099428176879883,0.9296327829360962,0.8197096586227417,0.009626515209674835,0.048060230910778046,0.0941372811794281,20,589824,0.3983832465277778,-9.925200513123999,0.11988016304763605,0.11988016304763605
36,589824,1.6402469660281582e-10,244708,345116,1.5874933004379272,0.7073758244514465,0.923606812953949,0.8388491868972778,0.009022998623549938,0.04518037661910057,0.0913047343492508,20,589824,0.4148830837673611,-9.785090756886284,0.14010975623771493,0.14010975623771493
38,589824,2.1188131804628085e-10,247286,342538,1.7005854845046997,0.7252634763717651,0.9093886613845825,0.835220456123352,0.010408999398350716,0.051685091108083725,0.1031760722398758,20,589824,0.4192538791232639,-9.673907334120212,0.11118342276607152,0.11118342276607152
40,589824,2.6777458028703904e-10,238456,351368,1.657084584236145,0.7465072274208069,0.9019477367401123,0.8246104121208191,0.009829905815422535,0.050571177154779434,0.09869326651096344,20,589824,0.4042833116319444,-9.572230652734943,0.10167668138526942,0.10167668138526942
42,589824,3.3529706788826275e-10,236851,352973,1.5090876817703247,0.6987170577049255,0.8899213671684265,0.8075134754180908,0.010386276058852673,0.05249713733792305,0.10509561002254486,20,589824,0.4015621609157986,-9.47457024438065,0.09766040835429202,0.09766040835429202
44,589824,4.1490569313573644e-10,239365,350459,1.466149926185608,0.7351575493812561,0.8645859956741333,0.8092238903045654,0.010828650556504726,0.05264345183968544,0.1015562042593956,20,589824,0.4058244493272569,-9.3820506059508,0.09251963842985056,0.09251963842985056
46,589824,5.19563669865164e-10,248592,341232,1.4126263856887817,0.693882167339325,0.8658600449562073,0.8306515216827393,0.010776693932712078,0.05447480082511902,0.1051843985915184,20,589824,0.4214680989583333,-9.28436122428243,0.0976893816683706,0.0976893816683706
48,589824,6.252495743375164e-10,247760,342064,1.512060284614563,0.7537183165550232,0.8610824346542358,0.8370791673660278,0.011337585747241974,0.05833064392209053,0.110893614590168,20,589824,0.4200575086805556,-9.203946595259884,0.08041462902254537,0.08041462902254537
50,589824,7.247848987645966e-10,233500,356324,1.435409426689148,0.7272639274597168,0.8574753999710083,0.7961601614952087,0.011867237277328968,0.058351173996925354,0.10839399695396423,20,589824,0.3958808051215278,-9.139790863967459,0.06415573129242524,0.06415573129242524
52,589824,8.676913632044148e-10,235116,354708,1.2904096841812134,0.713519811630249,0.831975519657135,0.7986643314361572,0.012627809308469296,0.061795029789209366,0.11652545630931854,20,589824,0.39862060546875,-9.061634725391725,0.07815613857573389,0.07815613857573389
54,589824,1.0211019807471189e-09,243404,346420,1.3454315662384033,0.6967018842697144,0.8194720149040222,0.8090813159942627,0.012826411984860897,0.061543770134449005,0.11323560774326324,20,589824,0.4126722547743056,-8.990930881356787,0.0707038440349379,0.0707038440349379
56,589824,1.2085283884744058e-09,247314,342510,1.2765146493911743,0.7358734607696533,0.8273835182189941,0.8174274563789368,0.011463160626590252,0.059062570333480835,0.11343474686145782,20,589824,0.4193013509114583,-8.9177431435079,0.07318773784888677,0.07318773784888677
58,589824,1.3701345613625904e-09,242632,347192,1.3967652320861816,0.7372492551803589,0.820880115032196,0.8074415922164917,0.013135118409991264,0.06397754698991776,0.12054469436407089,20,589824,0.4113633897569444,-8.863236778546158,0.05450636496174255,0.05450636496174255
60,589824,1.5474627135247943e-09,236210,353614,1.3414524793624878,0.7275117039680481,0.8204507827758789,0.810848593711853,0.01244231779128313,0.06178823858499527,0.121353879570961,20,589824,0.4004753960503472,-8.810379806608665,0.0528569719374925,0.0528569719374925
62,589824,1.7398001928015105e-09,236604,353220,1.2502241134643555,0.7013657093048096,0.8211548328399658,0.8054707646369934,0.0126033378764987,0.06176988035440445,0.11874271184206009,20,589824,0.4011433919270833,-8.759500625364756,0.05087918124390889,0.05087918124390889
64,589824,1.9858414912476974e-09,240262,349562,1.1739091873168945,0.7182598114013672,0.8052977919578552,0.8052718043327332,0.012723609805107117,0.06149536371231079,0.11010479927062988,20,589824,0.4073452419704861,-8.70205541959882,0.057445205765937146,0.057445205765937146
66,589824,2.2449664349721843e-09,244896,344928,1.2388302087783813,0.7107381820678711,0.7953323721885681,0.8019949793815613,0.014553116634488106,0.07043806463479996,0.12818095088005066,20,589824,0.4152018229166667,-8.648790147852345,0.053265271746473886,0.053265271746473886
68,589824,2.4935253861713136e-09,240956,348868,1.2916102409362793,0.7503042221069336,0.7931583523750305,0.8117526769638062,0.013301183469593525,0.0639992356300354,0.11740317940711975,20,589824,0.4085218641493056,-8.603186205942512,0.04560394190983352,0.04560394190983352
70,589824,2.7573738847763707e-09,238152,351672,1.1788356304168701,0.7143290042877197,0.8029460310935974,0.8193967342376709,0.01424720324575901,0.06983354687690735,0.1284683644771576,20,589824,0.4037679036458333,-8.5595043419515,0.04368186399101148,0.04368186399101148
72,589824,3.002674331398225e-09,237322,352502,1.2255271673202515,0.7361019253730774,0.7875170111656189,0.8045810461044312,0.015316742472350597,0.06993873417377472,0.12980255484580994,20,589824,0.4023607042100694,-8.522491768615687,0.037012573335813315,0.037012573335813315
74,589824,3.246392044076174e-09,233808,356016,1.179627537727356,0.711487889289856,0.782416045665741,0.7621321678161621,0.013519639149308205,0.06620389223098755,0.12637291848659515,20,589824,0.3964029947916667,-8.488599034633687,0.03389273398200032,0.03389273398200032
76,589824,3.574195606148578e-09,240244,349580,1.1100724935531616,0.7107633352279663,0.7728540301322937,0.7826798558235168,0.015101313591003418,0.06873012334108353,0.1246982216835022,20,589824,0.4073147243923611,-8.446821683406661,0.04177735122702586,0.04177735122702586
78,589824,3.947969062778611e-09,250656,339168,1.1340620517730713,0.6967899799346924,0.7830679416656494,0.8378376960754395,0.014386249706149101,0.07217062264680862,0.13389664888381958,20,589824,0.4249674479166667,-8.40362625922357,0.04319542418309119,0.04319542418309119
80,589824,4.22635570984653e-09,244400,345424,1.2869441509246826,0.7576519250869751,0.7801089882850647,0.8271213173866272,0.01488543301820755,0.0705646499991417,0.13030686974525452,20,589824,0.4143608940972222,-8.374033953492336,0.02959230573123328,0.02959230573123328
82,589824,4.484562943218862e-09,232452,357372,1.1803587675094604,0.7232909202575684,0.7890228629112244,0.8037335872650146,0.017474576830863953,0.07321511954069138,0.1346084475517273,20,589824,0.39410400390625,-8.348279876052965,0.025754077439371414,0.025754077439371414
84,589824,4.806007591895423e-09,235620,354204,1.0683108568191528,0.7149762511253357,0.7818713784217834,0.8072823286056519,0.016717595979571342,0.07421271502971649,0.14174094796180725,20,589824,0.39947509765625,-8.318215547490569,0.03006432856239627,0.03006432856239627
86,589824,5.111969958448981e-09,238664,351160,1.1186096668243408,0.715825617313385,0.7718196511268616,0.7893627882003784,0.01560771744698286,0.07499665021896362,0.13345122337341309,20,589824,0.4046359592013889,-8.291411707063697,0.026803840426872227,0.026803840426872227
88,589824,5.4226405588053694e-09,237792,352032,1.0908833742141724,0.7334897518157959,0.7594172954559326,0.7922588586807251,0.015572434291243553,0.07896817475557327,0.14041264355182648,20,589824,0.4031575520833333,-8.265789181937578,0.025622525126118845,0.025622525126118845
90,589824,5.7336801972951434e-09,239854,349970,1.1018927097320557,0.7142900824546814,0.7569794058799744,0.7964663505554199,0.01646418124437332,0.07577109336853027,0.13834248483181,20,589824,0.4066535101996528,-8.241566533995618,0.024222647941959607,0.024222647941959607
92,589824,6.114260209244549e-09,247502,342322,1.0756391286849976,0.7218937873840332,0.7625722289085388,0.8054144382476807,0.016751380637288094,0.08547002077102661,0.16031385958194733,20,589824,0.4196200900607639,-8.213656082614454,0.02791045138116388,0.02791045138116388
94,589824,6.392634421814591e-09,247370,342454,1.18691086769104,0.7367510199546814,0.7727224230766296,0.8387517929077148,0.01714435964822769,0.07741440087556839,0.1433318555355072,20,589824,0.4193962944878472,-8.194320131031226,0.019335951583228095,0.019335951583228095
96,589824,6.652645101468124e-09,239736,350088,1.08780038356781,0.7319155335426331,0.7786548733711243,0.8420096635818481,0.016543198376893997,0.07916624844074249,0.14776253700256348,20,589824,0.4064534505208333,-8.177005644235471,0.017314486795754647,0.017314486795754647
98,589824,6.834774080033412e-09,233498,356326,1.0781811475753784,0.7324023842811584,0.7692031860351562,0.7968560457229614,0.017691800370812416,0.08317843824625015,0.1515430510044098,20,589824,0.3958774142795139,-8.165275836241207,0.011729807994264263,0.011729807994264263
0,589824,1.650625809808664e-14,146880,442944,0.04390513151884079,0.014147883281111717,0.057595208287239075,0.015773605555295944,0.32500001788139343,0.8614243268966675,0.9310117363929749,21,589824,0.2490234375,-13.782351368381013,,
2,589824,1.284074300882121e-13,185982,403842,0.2473209798336029,0.07519838213920593,0.17233507335186005,0.09903392940759659,0.05964018031954765,0.3083040416240692,0.6969652771949768,21,589824,0.3153177897135417,-12.891409845792472,0.8909415225885411,0.8909415225885411
4,589824,1.280462416869757e-13,88580,501244,0.09938777983188629,0.05385088175535202,0.26936259865760803,0.104216068983078,0.10381576418876648,0.464167982339859,0.8052607774734497,21,589824,0.1501803927951389,-12.89263316408006,-0.0012233182875878157,0.0012233182875878157
6,589824,2.457496825394173e-13,78678,511146,0.12316683679819107,0.05879625678062439,0.38857409358024597,0.1723221093416214,0.09104196727275848,0.43088284134864807,0.7515188455581665,21,589824,0.133392333984375,-12.609507034519096,0.28312612956096395,0.28312612956096395
8,589824,3.845019734462912e-13,105522,484302,0.13802310824394226,0.0786019042134285,0.44302478432655334,0.23253360390663147,0.06896191835403442,0.3282632827758789,0.6099012494087219,21,589824,0.17890421549479166,-12.415101426851795,0.19440560766730108,0.19440560766730108
10,589824,5.599569202416332e-13,140984,448840,0.17306756973266602,0.1386236995458603,0.4954267144203186,0.29169851541519165,0.041033025830984116,0.19805793464183807,0.3805112838745117,21,589824,0.23902723524305555,-12.251845383745609,0.1632560431061858,0.1632560431061858
12,589824,7.252328620456494e-13,166794,423030,0.23656396567821503,0.21220646798610687,0.5192264318466187,0.3284434676170349,0.032339293509721756,0.15003538131713867,0.27541157603263855,21,589824,0.2827860514322917,-12.139522525202922,0.11232285854268653,0.11232285854268653
14,589824,8.839395144663587e-13,186462,403362,0.273513525724411,0.23844434320926666,0.5267572999000549,0.3527342975139618,0.029625337570905685,0.13774923980236053,0.25423410534858704,21,589824,0.316131591796875,-12.053577451539208,0.08594507366371396,0.08594507366371396
16,589824,1.1315030943453985e-12,206210,383614,0.34142738580703735,0.29128575325012207,0.5558098554611206,0.3857994079589844,0.021676931530237198,0.10371951013803482,0.20002424716949463,21,589824,0.3496127658420139,-11.94634425403334,0.10723319750586846,0.10723319750586846
18,589824,1.3444189338185364e-12,217392,372432,0.3803655505180359,0.3337893784046173,0.559988796710968,0.3974391520023346,0.018542541190981865,0.0917053073644638,0.17365404963493347,21,589824,0.3685709635416667,-11.871465379871848,0.07487887416149164,0.07487887416149164
20,589824,1.5577794046026106e-12,226758,363066,0.40584835410118103,0.3564203083515167,0.5612978339195251,0.4093981683254242,0.017617901787161827,0.08525829762220383,0.16239780187606812,21,589824,0.3844502766927083,-11.80749404226474,0.06397133760710894,0.06397133760710894
22,589824,1.812916678757548e-12,236972,352852,0.4528774619102478,0.3959355056285858,0.5654412508010864,0.42845264077186584,0.015723375603556633,0.07662507891654968,0.1477389633655548,21,589824,0.4017673068576389,-11.74162215552245,0.06587188674228983,0.06587188674228983
24,589824,2.124717068952009e-12,244876,344948,0.5032438039779663,0.426882266998291,0.569328784942627,0.4446561932563782,0.015085185877978802,0.07139531522989273,0.13768193125724792,21,589824,0.4151679144965278,-11.67269889317776,0.06892326234468982,0.06892326234468982
26,589824,2.470428375755951e-12,250614,339210,0.5442193150520325,0.45888689160346985,0.5699621438980103,0.46007800102233887,0.013251454569399357,0.06542731076478958,0.12836074829101562,21,589824,0.424896240234375,-11.607227732936224,0.0654711602415361,0.0654711602415361
28,589824,2.8204270516307695e-12,254238,335586,0.5833907127380371,0.4819850027561188,0.5769939422607422,0.47589418292045593,0.012681030668318272,0.06256341934204102,0.12267638742923737,21,589824,0.4310404459635417,-11.549685128515762,0.057542604420461885,0.057542604420461885
30,589824,3.198098470075239e-12,257604,332220,0.6164951324462891,0.5031768679618835,0.5811411738395691,0.4879974126815796,0.012600735761225224,0.06196720153093338,0.12081333249807358,21,589824,0.4367472330729167,-11.49510816837217,0.054576960143592146,0.054576960143592146
32,589824,3.618192767965156e-12,260210,329614,0.6580697894096375,0.5226970314979553,0.585684061050415,0.5008074045181274,0.01184812281280756,0.05884862318634987,0.11648283898830414,21,589824,0.4411655002170139,-11.441508298771568,0.05359986960060148,0.05359986960060148
34,589824,4.042252210040287e-12,262080,327744,0.6840925216674805,0.5402905344963074,0.5872529149055481,0.5139560699462891,0.011687271296977997,0.05863477289676666,0.11632326990365982,21,589824,0.4443359375,-11.393376592846538,0.04813170592503013,0.04813170592503013
36,589824,4.51855046434968e-12,263426,326398,0.7293741703033447,0.5565659999847412,0.594018280506134,0.526041567325592,0.011866710148751736,0.05786444619297981,0.1136106550693512,21,589824,0.4466179741753472,-11.345000863042214,0.0483757298043237,0.0483757298043237
38,589824,5.016767817139778e-12,264752,325072,0.7579967379570007,0.5696942806243896,0.5970394015312195,0.5390588641166687,0.011289810761809349,0.05712893605232239,0.11387638002634048,21,589824,0.4488661024305556,-11.29957599824838,0.045424864793833564,0.045424864793833564
40,589824,5.573232413763618e-12,265664,324160,0.7934691309928894,0.5840020775794983,0.5982216000556946,0.5512662529945374,0.011002619750797749,0.05572076141834259,0.11210401356220245,21,589824,0.4504123263888889,-11.253892845709201,0.04568315253917987,0.04568315253917987
42,589824,6.128359972268349e-12,265174,324650,0.833334743976593,0.5956050157546997,0.6008906960487366,0.5624814629554749,0.011022951453924179,0.056875862181186676,0.11347643285989761,21,589824,0.4495815700954861,-11.212655732706676,0.041237113002525305,0.041237113002525305
44,589824,6.799480683356007e-12,265078,324746,0.8669639229774475,0.6054638624191284,0.6098765134811401,0.576922595500946,0.010996762663125992,0.05547801032662392,0.11187273263931274,21,589824,0.4494188096788194,-11.16752425567103,0.04513147703564613,0.04513147703564613
46,589824,7.592418013735447e-12,264432,325392,0.8987756967544556,0.6194431781768799,0.6180246472358704,0.5907389521598816,0.011477431282401085,0.05492905527353287,0.10967280715703964,21,589824,0.4483235677083333,-11.119619889086948,0.04790436658408126,0.04790436658408126
48,589824,8.383272374901107e-12,262578,327246,0.9214966297149658,0.6268195509910583,0.6285316348075867,0.6032024025917053,0.010838684625923634,0.05458187684416771,0.11043194681406021,21,589824,0.4451802571614583,-11.076586423260956,0.04303346582599232,0.04303346582599232
50,589824,9.284704949319433e-12,261088,328736,0.9459003210067749,0.6365500688552856,0.6378834247589111,0.6152477860450745,0.011092046275734901,0.05536447837948799,0.11169031262397766,21,589824,0.4426540798611111,-11.032231892777022,0.04435453048393434,0.04435453048393434
52,589824,1.0220241319913725e-11,259814,330010,0.974397599697113,0.6415740251541138,0.6471487879753113,0.625412106513977,0.010938595049083233,0.055074017494916916,0.11034047603607178,21,589824,0.4404941134982639,-10.990538849536964,0.04169304324005729,0.04169304324005729
54,589824,1.1287205545218448e-11,258506,331318,0.980388343334198,0.650642991065979,0.6614775061607361,0.6379776000976562,0.010595498606562614,0.05462542176246643,0.11105351150035858,21,589824,0.4382765028211806,-10.947413566180526,0.043125283356438615,0.043125283356438615
56,589824,1.2439504287753422e-11,257490,332334,0.9914352297782898,0.6545423269271851,0.6708573698997498,0.6488467454910278,0.01066837552934885,0.05463901534676552,0.11019068956375122,21,589824,0.436553955078125,-10.905196925865681,0.04221664031484451,0.04221664031484451
58,589824,1.3673909227129855e-11,256008,333816,0.993533730506897,0.6633267998695374,0.6782029867172241,0.6585028171539307,0.010819974355399609,0.05490843951702118,0.11159025877714157,21,589824,0.4340413411458333,-10.864107307446618,0.041089618419063,0.041089618419063
60,589824,1.4884487739563745e-11,253938,335886,1.0029892921447754,0.6652942895889282,0.6813939809799194,0.6665574908256531,0.01125077810138464,0.0551394447684288,0.11120825260877609,21,589824,0.4305318196614583,-10.827266107319506,0.03684120012711212,0.03684120012711212
62,589824,1.6259164153931138e-11,253030,336794,1.011436104774475,0.6698842644691467,0.6879757046699524,0.673501193523407,0.011196300387382507,0.05526617541909218,0.1126822903752327,21,589824,0.4289923773871528,-10.788901784244155,0.03836432307535098,0.03836432307535098
64,589824,1.759255935374071e-11,253392,336432,1.0299575328826904,0.671000599861145,0.6952197551727295,0.6843036413192749,0.011267127469182014,0.05620540305972099,0.1144629642367363,21,589824,0.4296061197916667,-10.754670975076262,0.03423080916789267,0.03423080916789267
66,589824,1.904211163750169e-11,252344,337480,1.0335079431533813,0.6787316203117371,0.7057430148124695,0.6941670775413513,0.01114351861178875,0.05691437050700188,0.11487097293138504,21,589824,0.4278293185763889,-10.720284893049001,0.03438608202726101,0.03438608202726101
68,589824,2.0469015371560317e-11,250764,339060,1.0410364866256714,0.6783773899078369,0.7120669484138489,0.7025389671325684,0.011333364993333817,0.05787114426493645,0.11640027910470963,21,589824,0.4251505533854167,-10.688903047859373,0.031381845189628166,0.031381845189628166
70,589824,2.2019783565974116e-11,249888,339936,1.0428752899169922,0.6840925216674805,0.7212746143341064,0.7108770608901978,0.01147714164108038,0.0575217679142952,0.11694438755512238,21,589824,0.4236653645833333,-10.65718695405478,0.031716093804593726,0.031716093804593726
72,589824,2.357196729474431e-11,249600,340224,1.049548864364624,0.683440089225769,0.7280316352844238,0.7192880511283875,0.011514422483742237,0.05799679458141327,0.11856570094823837,21,589824,0.4231770833333333,-10.627604170144423,0.029582783910356625,0.029582783910356625
74,589824,2.5157421285060266e-11,248494,341330,1.0553197860717773,0.6900931596755981,0.7338840365409851,0.726986289024353,0.011457017622888088,0.05980426073074341,0.1209244504570961,21,589824,0.4213019476996528,-10.599333877498013,0.028270292646409345,0.028270292646409345
76,589824,2.6750280809895166e-11,247742,342082,1.0371226072311401,0.6883981823921204,0.7394320368766785,0.7361379265785217,0.011968094855546951,0.06082133576273918,0.12385868281126022,21,589824,0.4200269911024306,-10.57267165463162,0.026662222866393748,0.026662222866393748
78,589824,2.8393684972649602e-11,247158,342666,1.0506800413131714,0.6948831677436829,0.7422378659248352,0.7437583208084106,0.01183453481644392,0.06033387780189514,0.12307916581630707,21,589824,0.419036865234375,-10.546778240463418,0.0258934141682019,0.0258934141682019
80,589824,2.9991842342980135e-11,246118,343706,1.0489916801452637,0.693379282951355,0.7455645799636841,0.7500152587890625,0.012002373114228249,0.06246596947312355,0.12600459158420563,21,589824,0.4172736273871528,-10.522996855520413,0.02378138494300508,0.02378138494300508
82,589824,3.165772505253628e-11,245850,343974,1.0546327829360962,0.6971709728240967,0.7488738298416138,0.757262110710144,0.012190359644591808,0.062704898416996,0.12674395740032196,21,589824,0.4168192545572917,-10.499520297074053,0.023476558446359874,0.023476558446359874
84,589824,3.326295835992532e-11,245726,344098,1.0213119983673096,0.6957689523696899,0.7525404691696167,0.7647988796234131,0.012310460209846497,0.06368475407361984,0.13000252842903137,21,589824,0.4166090223524306,-10.478039127868897,0.021481169205156192,0.021481169205156192
86,589824,3.492199585064526e-11,245850,343974,1.0551726818084717,0.7002355456352234,0.7511289715766907,0.7730744481086731,0.012674394994974136,0.06488102674484253,0.13074232637882233,21,589824,0.4168192545572917,-10.45690094359899,0.021138184269906546,0.021138184269906546
88,589824,3.6513757295519866e-11,245448,344376,1.025238037109375,0.699835479259491,0.7561261653900146,0.7802614569664001,0.013078127056360245,0.06476728618144989,0.13190574944019318,21,589824,0.4161376953125,-10.437543475493085,0.01935746810590544,0.01935746810590544
90,589824,3.8116922812525544e-11,244316,345508,1.021901249885559,0.7044458985328674,0.753080427646637,0.7865396738052368,0.012741695158183575,0.06544803082942963,0.1324227750301361,21,589824,0.4142184787326389,-10.418882167306602,0.018661308186482373,0.018661308186482373
92,589824,3.959491415295169e-11,244006,345818,1.0372756719589233,0.7014736533164978,0.749421238899231,0.7901929020881653,0.013401309959590435,0.06798193603754044,0.13600075244903564,21,589824,0.4136928982204861,-10.40236059430572,0.016521573000883194,0.016521573000883194
94,589824,4.1181013460400706e-11,244712,345112,1.0167557001113892,0.7045956254005432,0.75217205286026,0.7940613627433777,0.01352610345929861,0.06765912473201752,0.1364215761423111,21,589824,0.4148898654513889,-10.385302969645046,0.017057624660672843,0.017057624660672843
96,589824,4.2686576495754025e-11,245426,344398,1.0354177951812744,0.7039223313331604,0.7506476640701294,0.7986735701560974,0.014195725321769714,0.06914100795984268,0.13807828724384308,21,589824,0.4161003960503472,-10.369708674632056,0.015594295012990145,0.015594295012990145
98,589824,4.4099366519612104e-11,245258,344566,1.0156152248382568,0.7095210552215576,0.7532269954681396,0.8021565079689026,0.013997504487633705,0.07028516381978989,0.14019930362701416,21,589824,0.4158155653211806,-10.35556764905853,0.014141025573525923,0.014141025573525923
0,2359296,1.6422918327882941e-18,777474,1581822,0.01466187834739685,1.6422891349066049e-06,0.0467105433344841,1.6422891349066049e-06,0.8932530283927917,0.9603999257087708,0.9775529503822327,22,2359296,0.32953643798828125,-17.784549666882544,,
2,2359296,1.4178807435400874e-15,370386,1988910,0.21258924901485443,0.0014027516590431333,0.08995230495929718,0.0014158731792122126,0.667174220085144,0.7940985560417175,0.8456394076347351,22,2359296,0.15699005126953125,-14.848360295669535,2.9361893712130094,2.9361893712130094
4,2359296,6.491849819620669e-15,259510,2099786,0.15822266042232513,0.004955086391419172,0.1519281566143036,0.006449762266129255,0.6566953659057617,0.8141074180603027,0.8723286986351013,22,2359296,0.1099946763780382,-14.187631535559367,0.6607287601101675,0.6607287601101675
6,2359296,1.6441009456093746e-14,195294,2164002,0.07723239064216614,0.00812502857297659,0.22966882586479187,0.016172165051102638,0.6218163371086121,0.8245005011558533,0.8880508542060852,22,2359296,0.08277638753255208,-13.784071520874294,0.4035600146850733,0.4035600146850733
8,2359296,3.2095094811002145e-14,236844,2122452,0.07751311361789703,0.013798525556921959,0.2757264971733093,0.031068243086338043,0.36075645685195923,0.8018991947174072,0.8855913877487183,22,2359296,0.1003875732421875,-13.4935613370436,0.29051018383069405,0.29051018383069405
10,2359296,6.103951166128857e-14,323544,2035752,0.1384478360414505,0.026782693341374397,0.4087451696395874,0.05737297981977463,0.19300001859664917,0.7558106184005737,0.8419009447097778,22,2359296,0.13713582356770834,-13.21438894955606,0.2791723874875398,0.2791723874875398
12,2359296,1.1565671109627779e-13,419518,1939778,0.28423023223876953,0.059524055570364,0.5007245540618896,0.10307598859071732,0.0864897295832634,0.4347226917743683,0.7587254643440247,22,2359296,0.17781490749782985,-12.93682916179074,0.27755978776531975,0.27755978776531975
14,2359296,1.8552891970120833e-13,480842,1878454,0.33464083075523376,0.08747311681509018,0.545644998550415,0.1546567678451538,0.062249135226011276,0.3099437952041626,0.5559976100921631,22,2359296,0.20380740695529515,-12.73158838422834,0.2052407775624001,0.2052407775624001
16,2359296,2.67546754065609e-13,559844,1799452,0.3646831810474396,0.13325917720794678,0.6076469421386719,0.20714126527309418,0.0417562760412693,0.20727917551994324,0.38625404238700867,22,2359296,0.2372928195529514,-12.572600313611222,0.15898807061711828,0.15898807061711828
18,2359296,3.8894308238522635e-13,609128,1750168,0.7570313215255737,0.19144493341445923,0.6738502979278564,0.2719074487686157,0.02947492152452469,0.14292889833450317,0.28308990597724915,22,2359296,0.2581821017795139,-12.410113948326249,0.1624863652849733,0.1624863652849733
20,2359296,5.445216760130434e-13,667678,1691618,1.261763334274292,0.21479220688343048,0.7347701787948608,0.33914655447006226,0.023530803620815277,0.12148969620466232,0.2523476779460907,22,2359296,0.28299882676866317,-12.263984827413289,0.14612912091295982,0.14612912091295982
22,2359296,7.253426375156136e-13,718320,1640976,2.2661097049713135,0.2772091329097748,0.8621967434883118,0.3996369540691376,0.020940527319908142,0.1054641380906105,0.2142610400915146,22,2359296,0.3044637044270833,-12.139456792835377,0.12452803457791184,0.12452803457791184
24,2359296,9.28645506846626e-13,722612,1636684,1.4465991258621216,0.3330015242099762,1.0587483644485474,0.4483283460140228,0.01873757876455784,0.09355781227350235,0.18563351035118103,22,2359296,0.3062828911675347,-12.032150038214391,0.1073067546209856,0.1073067546209856
26,2359296,1.2374219487618077e-12,779880,1579416,3.2089085578918457,0.3771228790283203,1.1359704732894897,0.5123482942581177,0.014734318479895592,0.07889162749052048,0.1606631875038147,22,2359296,0.3305562337239583,-11.907482184952839,0.12466785326155261,0.12466785326155261
28,2359296,1.5141068737331564e-12,786340,1572956,4.702129364013672,0.42116719484329224,1.4497804641723633,0.5465776920318604,0.015397919341921806,0.07810234278440475,0.15788207948207855,22,2359296,0.3332943386501736,-11.819843468934735,0.08763871601810358,0.08763871601810358
30,2359296,1.8925733376307097e-12,783806,1575490,4.490664005279541,0.43490731716156006,1.8547694683074951,0.5879023671150208,0.012839911505579948,0.06465630233287811,0.1332663893699646,22,2359296,0.33222028944227433,-11.72294728249567,0.09689618643906428,0.09689618643906428
32,2359296,2.2996008309378313e-12,793066,1566230,6.7144060134887695,0.4899103343486786,2.1474101543426514,0.6304778456687927,0.014873920008540154,0.07403041422367096,0.14943648874759674,22,2359296,0.33614518907335067,-11.638347543098053,0.08459973939761767,0.08459973939761767
34,2359296,2.7588517408083657e-12,798210,1561086,4.289769649505615,0.525786280632019,2.6915531158447266,0.6674371957778931,0.011162475682795048,0.05916363000869751,0.12238383293151855,22,2359296,0.33832550048828125,-11.559271637642917,0.07907590545513621,0.07907590545513621
36,2359296,3.4462001394924835e-12,821965,1537331,2.5303962230682373,0.5277417302131653,2.7541065216064453,0.7047532796859741,0.01100898440927267,0.05711313709616661,0.11832864582538605,22,2359296,0.34839418199327254,-11.46265950432467,0.09661213331824747,0.09661213331824747
38,2359296,3.991806017678012e-12,788658,1570638,2.3184409141540527,0.5732995867729187,2.5410797595977783,0.719240128993988,0.01314384676516056,0.07016602903604507,0.14137686789035797,22,2359296,0.33427683512369794,-11.39883057146757,0.06382893285709912,0.06382893285709912
40,2359296,4.7028761093748095e-12,776670,1582626,2.329899787902832,0.5803341269493103,2.31624436378479,0.7409000396728516,0.011855742894113064,0.06371689587831497,0.13329599797725677,22,2359296,0.32919565836588544,-11.327636461977624,0.0711941094899462,0.0711941094899462
42,2359296,5.584022827465063e-12,799521,1559775,2.329584836959839,0.6065967679023743,2.15743350982666,0.7679205536842346,0.010402479209005833,0.054631464183330536,0.10702158510684967,22,2359296,0.3388811747233073,-11.253052814986999,0.07458364699062514,0.07458364699062514
44,2359296,6.489500777029367e-12,806270,1553026,2.3907527923583984,0.5978854894638062,2.0373876094818115,0.7940391898155212,0.012002183124423027,0.061703894287347794,0.12740272283554077,22,2359296,0.34174177381727433,-11.187788711230528,0.06526410375647096,0.06526410375647096
46,2359296,7.396232064305064e-12,775118,1584178,3.0014166831970215,0.6471723318099976,1.929962396621704,0.8083853125572205,0.013434084132313728,0.06527264416217804,0.12728513777256012,22,2359296,0.32853783501519096,-11.130989470867918,0.05679924036260964,0.05679924036260964
48,2359296,8.704223973532432e-12,775900,1583396,2.717088460922241,0.6159337759017944,1.9032343626022339,0.8301535248756409,0.012045366689562798,0.0637788325548172,0.12532542645931244,22,2359296,0.3288692898220486,-11.060269942414076,0.07071952845384288,0.07071952845384288
50,2359296,9.72570114721183e-12,767347,1591949,3.1098344326019287,0.6808534264564514,1.8847525119781494,0.8381085395812988,0.013258669525384903,0.061027150601148605,0.11499230563640594,22,2359296,0.32524405585394967,-11.012079079628101,0.048190862785974176,0.048190862785974176
52,2359296,1.0938208672151006e-11,743065,1616231,2.258915662765503,0.63275545835495,1.8933683633804321,0.8491864800453186,0.013152280822396278,0.062944695353508,0.12193414568901062,22,2359296,0.3149520026312934,-10.961053795689917,0.051025283938184174,0.051025283938184174
54,2359296,1.285508158255233e-11,800666,1558630,2.0896453857421875,0.6358221769332886,1.805002212524414,0.8811075687408447,0.013721076771616936,0.06929231435060501,0.14051426947116852,22,2359296,0.33936648898654515,-10.890925162837545,0.07012863285237181,0.07012863285237181
56,2359296,1.3976046882302473e-11,778714,1580582,2.3331079483032227,0.7032992839813232,1.758541464805603,0.8824741244316101,0.011052838526666164,0.056156691163778305,0.10854948312044144,22,2359296,0.33006201850043404,-10.854615651192619,0.03630951164492657,0.03630951164492657
58,2359296,1.499896908063736e-11,686138,1673158,2.673705816268921,0.6934428811073303,1.6590172052383423,0.8748764991760254,0.01162011083215475,0.06251075118780136,0.12207165360450745,22,2359296,0.29082319471571183,-10.823938590142767,0.030677061049852128,0.030677061049852128
60,2359296,1.715392411449912e-11,734898,1624398,1.8091017007827759,0.6244483590126038,1.6422888040542603,0.8973869681358337,0.013951596803963184,0.07094590365886688,0.1421571522951126,22,2359296,0.31149037679036456,-10.765636515485323,0.05830207465744408,0.05830207465744408
62,2359296,2.0178397147629923e-11,819680,1539616,2.393786907196045,0.6664859056472778,1.5708684921264648,0.9248933792114258,0.013330811634659767,0.06483505666255951,0.1235518679022789,22,2359296,0.3474256727430556,-10.69511333451072,0.07052318097460208,0.07052318097460208
64,2359296,2.1108012907000706e-11,757742,1601554,2.566969871520996,0.7613579034805298,1.6073942184448242,0.9224616289138794,0.011466963216662407,0.05850144103169441,0.12778623402118683,22,2359296,0.32117292616102433,-10.675552648935057,0.01956068557566404,0.01956068557566404
66,2359296,2.291423127631642e-11,697490,1661806,1.8666170835494995,0.7001938223838806,1.583813190460205,0.9213972091674805,0.012357166968286037,0.06113779544830322,0.12455662339925766,22,2359296,0.29563479953342015,-10.639894707830228,0.03565794110482834,0.03565794110482834
68,2359296,2.4522550656769226e-11,708972,1650324,1.953052043914795,0.6758978366851807,1.5244277715682983,0.9321574568748474,0.013575994409620762,0.06683620810508728,0.13151153922080994,22,2359296,0.3005015055338542,-10.61043435966142,0.029460348168807826,0.029460348168807826
70,2359296,2.7037998576173727e-11,726692,1632604,1.737554907798767,0.6630041003227234,1.4628857374191284,0.9420440196990967,0.014285281300544739,0.0739763155579567,0.14929020404815674,22,2359296,0.3080122205946181,-10.56802545916137,0.04240890050004964,0.04240890050004964
72,2359296,2.9830891229432055e-11,771622,1587674,2.1123719215393066,0.6884685158729553,1.423486590385437,0.9547704458236694,0.01509158592671156,0.07350101321935654,0.14497771859169006,22,2359296,0.32705603705512154,-10.525333771437047,0.0426916877243233,0.0426916877243233
74,2359296,3.213903795873385e-11,762024,1597272,5.0893235206604,0.7284742593765259,1.4398950338363647,0.9547497034072876,0.01073850691318512,0.058297377079725266,0.1223859116435051,22,2359296,0.3229878743489583,-10.49296712743162,0.03236664400542821,0.03236664400542821
76,2359296,3.400738718406515e-11,699432,1659864,5.455071449279785,0.7092754244804382,1.7926298379898071,0.9524267911911011,0.012706024572253227,0.06554175168275833,0.13238456845283508,22,2359296,0.2964579264322917,-10.46842673399297,0.024540393438648778,0.024540393438648778
78,2359296,3.6487347865321595e-11,705568,1653728,4.811193943023682,0.7020184993743896,2.1188910007476807,0.9518271088600159,0.015206188894808292,0.07416719943284988,0.14831030368804932,22,2359296,0.2990587022569444,-10.437857702799107,0.03056903119386334,0.03056903119386334
80,2359296,3.7925128315574597e-11,705546,1653750,4.009350299835205,0.7122797966003418,2.371675491333008,0.9508614540100098,0.013202540576457977,0.06823934614658356,0.13906250894069672,22,2359296,0.29904937744140625,-10.421072941150284,0.016784761648823476,0.016784761648823476
82,2359296,4.0402649975623817e-11,698000,1661296,1.897517442703247,0.6814044117927551,2.4264965057373047,0.9484480023384094,0.016856733709573746,0.08204870671033859,0.1625443994998932,22,2359296,0.2958509657118056,-10.393590148947625,0.027482792202658146,0.027482792202658146
84,2359296,4.343062368072914e-11,748894,1610402,3.8979783058166504,0.693295419216156,2.294508457183838,0.9526034593582153,0.016672587022185326,0.0769975483417511,0.14881813526153564,22,2359296,0.31742265489366317,-10.362203933954504,0.03138621499312144,0.03138621499312144
86,2359296,4.597447075815886e-11,752354,1606942,1.895641803741455,0.7268809676170349,2.425781726837158,0.9517495632171631,0.015269408002495766,0.0756572037935257,0.1478452980518341,22,2359296,0.31888919406467015,-10.337483261505527,0.0247206724489768,0.0247206724489768
88,2359296,4.761688612853199e-11,697280,1662016,2.232917308807373,0.722711980342865,2.230236053466797,0.9460510611534119,0.014952386729419231,0.07542020827531815,0.1467287242412567,22,2359296,0.2955457899305556,-10.322239008372813,0.015244253132713936,0.015244253132713936
90,2359296,5.048391912843009e-11,698114,1661182,1.6907081604003906,0.7105423212051392,2.118093252182007,0.9469138979911804,0.016806710511446,0.08347204327583313,0.16046233475208282,22,2359296,0.29589928521050346,-10.296846937643023,0.025392070729790106,0.025392070729790106
92,2359296,5.328662858183897e-11,738102,1621194,1.9195057153701782,0.69021075963974,2.0152924060821533,0.9474102854728699,0.01709655299782753,0.0772034227848053,0.1501581072807312,22,2359296,0.31284840901692706,-10.273381756483085,0.023465181159938453,0.023465181159938453
94,2359296,5.49516022962937e-11,717637,1641659,2.0637569427490234,0.7335882782936096,1.9298592805862427,0.9436631202697754,0.018410421907901764,0.0851098820567131,0.16187849640846252,22,2359296,0.30417421129014754,-10.260019639759262,0.013362116723822481,0.013362116723822481
96,2359296,5.661872706785864e-11,693173,1666123,1.6084177494049072,0.719950258731842,1.865369200706482,0.9356157183647156,0.017986850813031197,0.08571597188711166,0.16129884123802185,22,2359296,0.29380501641167533,-10.247039898899196,0.012979740860066258,0.012979740860066258
98,2359296,5.850164103149424e-11,698038,1661258,2.813387632369995,0.710300862789154,1.7683463096618652,0.9332094788551331,0.014927553944289684,0.07839830964803696,0.1572822630405426,22,2359296,0.29586707221137154,-10.232831951337877,0.014207947561319045,0.014207947561319045
0,2359296,7.237305617137904e-20,782851,1576445,0.008322345092892647,7.237304799900812e-08,0.018054058775305748,7.237304799900812e-08,0.9285138249397278,0.9751229286193848,0.9862387180328369,23,2359296,0.3318155076768663,-19.140423087581556,,
2,2359296,3.5559298099616663e-16,352972,2006324,0.0854264497756958,0.00035414821468293667,0.0391426719725132,0.0003554665599949658,0.7632277011871338,0.8734461069107056,0.9110581278800964,23,2359296,0.1496090359157986,-15.449046820099793,3.691376267481763,3.691376267481763
4,2359296,2.0872329658773925e-15,272370,2086926,0.03477979078888893,0.001632218947634101,0.08361924439668655,0.0020828526467084885,0.7928590178489685,0.9164519309997559,0.9492859244346619,23,2359296,0.11544545491536458,-14.680429074581665,0.768617745518128,0.768617745518128
6,2359296,5.907090036571822e-15,234802,2124494,0.028288140892982483,0.0031827539205551147,0.1200583353638649,0.005871973931789398,0.7652788758277893,0.9263209104537964,0.95769202709198,23,2359296,0.09952206081814235,-14.22862640952341,0.4518026650582563,0.4518026650582563
8,2359296,1.2944947881904454e-14,300162,2059134,0.03669724613428116,0.00661359541118145,0.14223454892635345,0.012775450944900513,0.6765580177307129,0.8797216415405273,0.915558934211731,23,2359296,0.1272252400716146,-13.887899693753393,0.3407267157700158,0.3407267157700158
10,2359296,2.6496959194908382e-14,385528,1973768,0.09013909101486206,0.013845428824424744,0.18002021312713623,0.02579272724688053,0.34879177808761597,0.7968111038208008,0.8432305455207825,23,2359296,0.16340806749131945,-13.576803963068686,0.3110957306847073,0.3110957306847073
12,2359296,5.532476332528041e-14,450754,1908542,0.1950279325246811,0.03378605097532272,0.22238989174365997,0.05233566835522652,0.1482715606689453,0.723325788974762,0.8052951097488403,23,2359296,0.19105445014105904,-13.257080435272274,0.31972352779641255,0.31972352779641255
14,2359296,8.954632418596911e-14,500202,1859094,0.2519768178462982,0.04527093470096588,0.25515395402908325,0.08189229667186737,0.11664088070392609,0.5395320653915405,0.8315441012382507,23,2359296,0.21201324462890625,-13.047952236934044,0.20912819833822915,0.20912819833822915
16,2359296,1.294937329024068e-13,577888,1781408,0.37706997990608215,0.07670749723911285,0.29793041944503784,0.11408624053001404,0.07130620628595352,0.3414865732192993,0.7030410766601562,23,2359296,0.2449408637152778,-12.887751249588627,0.16020098734541754,0.16020098734541754
18,2359296,1.9481287514156592e-13,593692,1765604,0.5874013900756836,0.11348779499530792,0.3462084233760834,0.1618487685918808,0.04637421667575836,0.24266622960567474,0.44247186183929443,23,2359296,0.2516394721137153,-12.71038234407877,0.17736890550985684,0.17736890550985684
20,2359296,2.806101705166153e-13,635279,1724017,0.8245673775672913,0.1358615756034851,0.4101688265800476,0.21732115745544434,0.03736783191561699,0.1977304369211197,0.3843429386615753,23,2359296,0.26926634046766496,-12.551896592326912,0.15848575175185786,0.15848575175185786
22,2359296,3.9180312640108017e-13,646017,1713279,0.8957340717315674,0.1981222778558731,0.4834057688713074,0.27796316146850586,0.03172052651643753,0.1570020616054535,0.30760180950164795,23,2359296,0.2738176981608073,-12.406932102865733,0.144964489461179,0.144964489461179
24,2359296,5.131754938526856e-13,653493,1705803,1.139237403869629,0.22299867868423462,0.546906590461731,0.33427613973617554,0.027807489037513733,0.1426641047000885,0.28099459409713745,23,2359296,0.27698644002278644,-12.289734091070818,0.1171980117949154,0.1171980117949154
26,2359296,7.052682006111755e-13,709912,1649384,1.481732964515686,0.2853040397167206,0.6347413659095764,0.4083060324192047,0.020839203149080276,0.10476791113615036,0.21700435876846313,23,2359296,0.3008999294704861,-12.151645697341321,0.13808839372949677,0.13808839372949677
28,2359296,8.753522537895131e-13,681187,1678109,2.7948720455169678,0.3346124589443207,0.725735604763031,0.4587078392505646,0.01867915876209736,0.09611310809850693,0.19513730704784393,23,2359296,0.2887246873643663,-12.057817145729825,0.09382855161149628,0.09382855161149628
30,2359296,1.1490815894285578e-12,682148,1677148,1.8752236366271973,0.3337118625640869,0.9334684610366821,0.5273637771606445,0.01766185648739338,0.09522274136543274,0.19693820178508759,23,2359296,0.2891320122612847,-11.939649133556621,0.11816801217320361,0.11816801217320361
32,2359296,1.4026359284116663e-12,695255,1664041,2.4001755714416504,0.44020745158195496,1.0027964115142822,0.577061116695404,0.015837354585528374,0.08577428758144379,0.1760217547416687,23,2359296,0.29468748304578996,-11.853055040874933,0.08659409268168794,0.08659409268168794
34,2359296,1.8056229254825862e-12,683675,1675621,2.5003106594085693,0.4332665503025055,1.0761044025421143,0.6348987817764282,0.01302665751427412,0.06504113972187042,0.13005448877811432,23,2359296,0.28977923923068577,-11.743372939781327,0.10968210109360577,0.10968210109360577
36,2359296,2.217746819521693e-12,673590,1685706,2.863888740539551,0.49261248111724854,1.1448477506637573,0.6799256801605225,0.01669858582317829,0.08350034803152084,0.17019255459308624,23,2359296,0.28550465901692706,-11.65408803490494,0.08928490487638818,0.08928490487638818
38,2359296,2.6500997576950347e-12,670112,1689184,3.484037399291992,0.5074228048324585,1.243335485458374,0.7188889384269714,0.016185354441404343,0.07770790904760361,0.1535862684249878,23,2359296,0.2840304904513889,-11.576737777609967,0.07735025729497202,0.07735025729497202
40,2359296,3.1531739025369987e-12,674358,1684938,3.6002554893493652,0.53825843334198,1.383374810218811,0.7535490393638611,0.014341047033667564,0.06855854392051697,0.13319186866283417,23,2359296,0.28583017985026044,-11.501252076562748,0.07548570104721897,0.07548570104721897
42,2359296,3.833116116180868e-12,686126,1673170,3.449345827102661,0.5463209748268127,1.4907569885253906,0.7901705503463745,0.013584967702627182,0.06699206680059433,0.13081562519073486,23,2359296,0.29081810845269096,-11.416448024509595,0.084804052053153,0.084804052053153
44,2359296,4.4508121146979995e-12,647640,1711656,3.4366836547851562,0.6193222403526306,1.5506607294082642,0.813846230506897,0.013379346579313278,0.06669291853904724,0.13316811621189117,23,2359296,0.274505615234375,-11.351560738512834,0.06488728599676108,0.06488728599676108
46,2359296,5.252878861050636e-12,631697,1727599,2.9435343742370605,0.5702770352363586,1.5673575401306152,0.8375969529151917,0.01363628450781107,0.06563431769609451,0.13147284090518951,23,2359296,0.2677480909559462,-11.279602614537435,0.07195812397539925,0.07195812397539925
48,2359296,6.085339697425862e-12,637359,1721937,4.154911994934082,0.6339613199234009,1.5465649366378784,0.8577154278755188,0.014376512728631496,0.06559411436319351,0.12649856507778168,23,2359296,0.27014795939127606,-11.215715173456957,0.06388744108047817,0.06388744108047817
50,2359296,7.0484581712881855e-12,644362,1714934,10.875370025634766,0.603374183177948,1.6561872959136963,0.8746041059494019,0.011831858195364475,0.06052963808178902,0.12337785214185715,23,2359296,0.27311621771918404,-11.151905873211943,0.06380930024501374,0.06380930024501374
52,2359296,8.142864854621124e-12,667982,1691314,18.079265594482422,0.6536572575569153,2.4608774185180664,0.889257550239563,0.0142129585146904,0.0725708156824112,0.1451491266489029,23,2359296,0.28312767876519096,-11.089222773039578,0.06268310017236445,0.06268310017236445
54,2359296,9.266495556992105e-12,625004,1734292,3.485351324081421,0.6608703136444092,3.8291003704071045,0.900864839553833,0.010364733636379242,0.05345726013183594,0.11383767426013947,23,2359296,0.2649112277560764,-11.033084478154848,0.056138294884730655,0.056138294884730655
56,2359296,1.0177926210164223e-11,573592,1785704,10.594417572021484,0.6694760322570801,3.406527042388916,0.9082622528076172,0.014210449531674385,0.06696571409702301,0.1331399381160736,23,2359296,0.24311998155381945,-10.992340702080789,0.04074377607405921,0.04074377607405921
58,2359296,1.1540990385583427e-11,613970,1745326,10.70334243774414,0.6119585037231445,3.742811918258667,0.9178443551063538,0.013350814580917358,0.065742626786232,0.13837483525276184,23,2359296,0.26023440890842015,-10.93775692076971,0.054583781311078994,0.054583781311078994
60,2359296,1.3460075068416621e-11,667528,1691768,10.488640785217285,0.669417679309845,4.057722091674805,0.9286373257637024,0.0137642165645957,0.06840462237596512,0.13481532037258148,23,2359296,0.2829352484809028,-10.870952517994048,0.06680440277566113,0.06680440277566113
62,2359296,1.460708984324377e-11,629282,1730014,3.5156352519989014,0.7115346193313599,4.437580108642578,0.9331223368644714,0.013329477049410343,0.06901834160089493,0.1372421234846115,23,2359296,0.26672448052300346,-10.835436299528514,0.03551621846553488,0.03551621846553488
64,2359296,1.5845312908990827e-11,582802,1776494,2.8903393745422363,0.6876232624053955,3.9421796798706055,0.9371939897537231,0.013994460925459862,0.07583878934383392,0.14708426594734192,23,2359296,0.24702368842230904,-10.800099180058014,0.035337119470499445,0.035337119470499445
66,2359296,1.7391600312666178e-11,601148,1758148,10.921907424926758,0.6285793781280518,3.5403223037719727,0.9424155950546265,0.013399362564086914,0.06871852278709412,0.14236760139465332,23,2359296,0.2547997368706597,-10.759660453938446,0.040438726119568,0.040438726119568
68,2359296,1.8968744977532204e-11,612479,1746817,3.195956230163574,0.7019394636154175,3.987650156021118,0.9470491409301758,0.01431885827332735,0.0737462043762207,0.14592011272907257,23,2359296,0.2596024407280816,-10.721961402235374,0.03769905170307197,0.03769905170307197
70,2359296,2.082778220724446e-11,603575,1755721,3.1201882362365723,0.6743080019950867,3.5655248165130615,0.9508237242698669,0.01623659022152424,0.07794391363859177,0.15399080514907837,23,2359296,0.25582843356662327,-10.681356972319874,0.04060442991550062,0.04060442991550062
72,2359296,2.28835578958142e-11,614186,1745110,27.508419036865234,0.6899207830429077,3.2441139221191406,0.9545907974243164,0.012564597651362419,0.06576509773731232,0.1368282586336136,23,2359296,0.26032596164279515,-10.64047645127794,0.04088052104193274,0.04088052104193274
74,2359296,2.4811394258583697e-11,606598,1752698,2.861496925354004,0.700432538986206,5.337253093719482,0.9574880599975586,0.013944985345005989,0.06987658888101578,0.13953723013401031,23,2359296,0.25710974799262154,-10.605348830173757,0.035127621104184215,0.035127621104184215
76,2359296,2.6561957494619648e-11,584248,1775048,2.710146188735962,0.7158401012420654,4.709595203399658,0.9594486355781555,0.015929879620671272,0.07556208968162537,0.1430368572473526,23,2359296,0.24763658311631945,-10.575739922610286,0.02960890756347112,0.02960890756347112
78,2359296,2.8010307615011776e-11,570722,1788574,2.902275562286377,0.6842363476753235,4.227400302886963,0.9607222676277161,0.014649864286184311,0.07705853134393692,0.16017955541610718,23,2359296,0.2419035169813368,-10.552682121638103,0.023057800972182463,0.023057800972182463
80,2359296,2.970593215856354e-11,578608,1780688,2.811955213546753,0.6951481699943542,3.8554811477661133,0.9628242254257202,0.01721891202032566,0.08325325697660446,0.15980076789855957,23,2359296,0.2452460394965278,-10.527156815111276,0.025525306526827052,0.025525306526827052
82,2359296,3.1815279577518396e-11,602340,1756956,2.399858236312866,0.6751061081886292,3.5356953144073486,0.9649010896682739,0.014609688892960548,0.07551715523004532,0.1555035412311554,23,2359296,0.2553049723307292,-10.497364256038002,0.029792559073273495,0.029792559073273495
84,2359296,3.339659451762067e-11,585917,1773379,2.882338762283325,0.7254065871238708,3.215877056121826,0.9653815627098083,0.014800731092691422,0.07370327413082123,0.1494051218032837,23,2359296,0.24834399753146702,-10.4762978163504,0.021066439687603022,0.021066439687603022
86,2359296,3.586405131206227e-11,582693,1776603,2.7365756034851074,0.6714850068092346,2.9445998668670654,0.9664055705070496,0.017901364713907242,0.08935579657554626,0.1745516061782837,23,2359296,0.24697748819986978,-10.445340652780187,0.030957163570212387,0.030957163570212387
88,2359296,3.778517776442669e-11,586968,1772328,2.6246495246887207,0.7316303253173828,2.757524013519287,0.9666606187820435,0.015406291000545025,0.07051321119070053,0.1423518806695938,23,2359296,0.24878946940104166,-10.422678530256368,0.02266212252381905,0.02266212252381905
90,2359296,3.993843103455852e-11,599238,1760058,2.0789272785186768,0.6529684066772461,2.589167356491089,0.9671088457107544,0.01792609877884388,0.09134434163570404,0.1875331699848175,23,2359296,0.25399017333984375,-10.398609000216881,0.024069530039486864,0.024069530039486864
92,2359296,4.157294647422205e-11,596590,1762706,2.7205123901367188,0.7449488043785095,2.4157588481903076,0.966838002204895,0.016664711758494377,0.08215189725160599,0.1552724689245224,23,2359296,0.25286780463324654,-10.381189193868872,0.017419806348009104,0.017419806348009104
94,2359296,4.262720038061829e-11,550966,1808330,2.39691424369812,0.7026113867759705,2.288060426712036,0.9646022915840149,0.018585538491606712,0.08659699559211731,0.17129187285900116,23,2359296,0.2335298326280382,-10.370313189501001,0.010876004367871062,0.010876004367871062
96,2359296,4.4360678325139347e-11,563606,1795690,2.0253539085388184,0.6799178719520569,2.170497417449951,0.9640569090843201,0.01908780261874199,0.09563063085079193,0.1837453842163086,23,2359296,0.23888736300998265,-10.353001821616372,0.017311367884628837,0.017311367884628837
98,2359296,4.674958684058872e-11,603594,1755702,2.1685118675231934,0.683143138885498,2.0555593967437744,0.9642660021781921,0.017422307282686234,0.08522284775972366,0.17030157148838043,23,2359296,0.25583648681640625,-10.330222222944306,0.02277959867206647,0.02277959867206647
0,589824,8.259907853720196e-15,149399,440425,0.09465596824884415,0.007347932085394859,0.17717456817626953,0.00799974799156189,0.7128629088401794,0.9000595808029175,0.9484668970108032,24,589824,0.2532942030164931,-14.083024797575995,,
2,589824,6.646565893150824e-14,176150,413674,0.16209261119365692,0.04117660969495773,0.47371768951416016,0.055424343794584274,0.10903775691986084,0.6398240327835083,0.777184247970581,24,589824,0.2986484103732639,-13.177402685354902,0.9056221122210921,0.9056221122210921
4,589824,6.4427880619531e-14,83438,506386,0.05808263644576073,0.028760867193341255,1.123175024986267,0.056428126990795135,0.18191950023174286,0.7951292991638184,0.884584903717041,24,589824,0.14146253797743055,-13.19092615470645,-0.013523469351547135,0.013523469351547135
6,589824,1.1771395761351472e-13,80736,509088,0.07239547371864319,0.03167935460805893,1.412389874458313,0.09418252110481262,0.16706301271915436,0.7251535654067993,0.8336801528930664,24,589824,0.13688151041666666,-12.92917203881213,0.26175411589431974,0.26175411589431974
8,589824,2.0698574148061977e-13,138908,450916,0.15759842097759247,0.06590182334184647,1.5345779657363892,0.14995767176151276,0.07667665183544159,0.3807124197483063,0.6944812536239624,24,589824,0.2355075412326389,-12.684059570531335,0.24511246828079436,0.24511246828079436
10,589824,3.9529458265713524e-13,197758,392066,0.46594464778900146,0.152923583984375,1.7268890142440796,0.24626782536506653,0.03154360502958298,0.1576017141342163,0.32586291432380676,24,589824,0.3352830674913194,-12.403079137436018,0.2809804330953174,0.2809804330953174
12,589824,7.686792825520317e-13,233684,356140,0.9783710241317749,0.2850009500980377,1.7775064706802368,0.3785923719406128,0.015619383193552494,0.0789356529712677,0.16297221183776855,24,589824,0.3961927625868056,-12.114254823880103,0.2888243135559154,0.2888243135559154
14,589824,1.391624987988338e-12,244508,345316,1.7095650434494019,0.3872981369495392,1.6477447748184204,0.5012630820274353,0.011885091662406921,0.05861566960811615,0.11932533979415894,24,589824,0.4145439995659722,-11.856477781672064,0.25777704220803876,0.25777704220803876
16,589824,2.7094760896712033e-12,248318,341506,2.183469772338867,0.5391524434089661,1.4876224994659424,0.629029393196106,0.008054188452661037,0.0394977405667305,0.07905589044094086,24,589824,0.4210035536024306,-11.567114677155622,0.28936310451644154,0.28936310451644154
18,589824,5.088190285773564e-12,248954,340870,2.165520429611206,0.5736475586891174,1.3192776441574097,0.7089692950248718,0.00794926006346941,0.04069426655769348,0.08201917260885239,24,589824,0.4220818413628472,-11.293436655512913,0.27367802164270927,0.27367802164270927
20,589824,8.907600351770739e-12,247178,342646,2.0577096939086914,0.680167555809021,1.2004482746124268,0.7443859577178955,0.0074602109380066395,0.03715945780277252,0.07365947216749191,24,589824,0.4190707736545139,-11.050239276248933,0.24319737926398055,0.24319737926398055
22,589824,1.5092089036827794e-11,252454,337370,1.8223437070846558,0.6449949741363525,1.0815645456314087,0.7757336497306824,0.007284495513886213,0.03724639117717743,0.07561377435922623,24,589824,0.4280158148871528,-10.821250641313016,0.22898863493591648,0.22898863493591648
24,589824,2.4656450492432924e-11,257878,331946,1.7326693534851074,0.7211723923683167,0.9913913011550903,0.7969918847084045,0.007716827094554901,0.0382467657327652,0.07583430409431458,24,589824,0.4372117784288194,-10.608069443656868,0.21318119765614796,0.21318119765614796
26,589824,3.658674058160116e-11,252198,337626,1.74270498752594,0.6972112655639648,0.9277911186218262,0.7701202630996704,0.008382302708923817,0.0411858931183815,0.08207836747169495,24,589824,0.427581787109375,-10.436676278965885,0.17139316469098276,0.17139316469098276
28,589824,5.4754641792831293e-11,255102,334722,1.6210565567016602,0.7251708507537842,0.8839396834373474,0.774395763874054,0.008114402182400227,0.040693528950214386,0.0816575363278389,24,589824,0.4325052897135417,-10.261579057865712,0.17509722110017378,0.17509722110017378
30,589824,7.998199325065514e-11,262224,327600,1.5477160215377808,0.6859709024429321,0.8663020730018616,0.7974451184272766,0.008637653663754463,0.04248276352882385,0.0857129767537117,24,589824,0.444580078125,-10.0970077769095,0.16457128095621165,0.16457128095621165
32,589824,1.0993295163075345e-10,257636,332188,1.6029412746429443,0.7573796510696411,0.8460806608200073,0.785480260848999,0.008876864798367023,0.04405440017580986,0.08838050812482834,24,589824,0.4368014865451389,-9.958872111339712,0.13813566556978785,0.13813566556978785
34,589824,1.4466944309177165e-10,250852,338972,1.544308066368103,0.7108835577964783,0.8325534462928772,0.7528076171875,0.009316250681877136,0.0469878651201725,0.0912490263581276,24,589824,0.4252997504340278,-9.839623190360156,0.11924892097955642,0.11924892097955642
36,589824,2.0048621096613317e-10,260118,329706,1.3198764324188232,0.7080018520355225,0.8229783177375793,0.7771485447883606,0.008772941306233406,0.04446827992796898,0.08806003630161285,24,589824,0.441009521484375,-9.697915491907903,0.14170769845225273,0.14170769845225273
38,589824,2.576523439046241e-10,264152,325672,1.4770233631134033,0.7225528359413147,0.8113830089569092,0.7708483338356018,0.009668675251305103,0.049789514392614365,0.0997607409954071,24,589824,0.4478488498263889,-9.5889659023385,0.10894958956940215,0.10894958956940215
40,589824,3.2633740154608404e-10,256154,333670,1.4218961000442505,0.7463967204093933,0.8095999956130981,0.7666587829589844,0.00972461886703968,0.049794264137744904,0.09728913009166718,24,589824,0.4342888726128472,-9.486333148847057,0.1026327534914433,0.1026327534914433
42,589824,4.07251787848395e-10,253332,336492,1.3265794515609741,0.6994407773017883,0.8007677793502808,0.7630130052566528,0.010559266433119774,0.05177001282572746,0.10167291015386581,24,589824,0.42950439453125,-9.39013700044858,0.09619614839847834,0.09619614839847834
44,589824,5.047364748378413e-10,255500,334324,1.2721998691558838,0.735254168510437,0.7775366306304932,0.7340472936630249,0.010285714641213417,0.050962820649147034,0.09944814443588257,24,589824,0.4331800672743056,-9.296935309792925,0.09320169065565409,0.09320169065565409
46,589824,6.301185129231612e-10,264920,324904,1.2736852169036865,0.6982218027114868,0.7850596904754639,0.7607738971710205,0.01039181649684906,0.052521515637636185,0.10167597979307175,24,589824,0.4491509331597222,-9.20057776059712,0.09635754919580464,0.09635754919580464
48,589824,7.607791063790614e-10,264388,325436,1.3377817869186401,0.7533396482467651,0.7858035564422607,0.7719454765319824,0.011154061183333397,0.05714328959584236,0.11028488725423813,24,589824,0.4482489691840278,-9.11874142313279,0.08183633746433117,0.08183633746433117
50,589824,8.76745009925628e-10,250456,339368,1.3022804260253906,0.7290858030319214,0.7875247001647949,0.7522838711738586,0.011730602942407131,0.057706743478775024,0.10668540745973587,24,589824,0.4246283637152778,-9.05712669726617,0.06161472586661887,0.06161472586661887
52,589824,1.0527574367813486e-09,252534,337290,1.1515223979949951,0.7116823792457581,0.7673483490943909,0.7372670769691467,0.011463802307844162,0.05877228081226349,0.11233734339475632,24,589824,0.4281514485677083,-8.977671681998228,0.07945501526794274,0.07945501526794274
54,589824,1.2366492274651364e-09,260452,329372,1.2097702026367188,0.7022538781166077,0.7572839856147766,0.760291337966919,0.012685638852417469,0.06200375035405159,0.11297283321619034,24,589824,0.4415757921006944,-8.90775346947313,0.06991821252509745,0.06991821252509745
56,589824,1.4634443656902363e-09,262800,327024,1.1729152202606201,0.7376313805580139,0.763756275177002,0.7567662000656128,0.010521309450268745,0.05530441552400589,0.1079946756362915,24,589824,0.445556640625,-8.834623783057996,0.07312968641513429,0.07312968641513429
58,589824,1.6642902611607724e-09,259780,330044,1.2363148927688599,0.7331318855285645,0.7659815549850464,0.7484782338142395,0.013199630193412304,0.06327276676893234,0.1179613471031189,24,589824,0.4404364691840278,-8.778770928149184,0.05585285490881198,0.05585285490881198
60,589824,1.8811998625523074e-09,254132,335692,1.1891396045684814,0.733284592628479,0.7607715129852295,0.7590711116790771,0.012391198426485062,0.06118473783135414,0.11715171486139297,24,589824,0.4308607313368056,-8.72556506165718,0.05320586649200365,0.05320586649200365
62,589824,2.101880891558494e-09,253692,336132,1.160188913345337,0.705449640750885,0.7621816396713257,0.7504428029060364,0.012120997533202171,0.058854833245277405,0.11340523511171341,24,589824,0.43011474609375,-8.67739189801497,0.048173163642211136,0.048173163642211136
64,589824,2.3953845573743138e-09,255944,333880,1.0757267475128174,0.7209151387214661,0.7465333938598633,0.7332873940467834,0.012748882174491882,0.05902072414755821,0.10472603142261505,24,589824,0.4339328342013889,-8.620624754592276,0.05676714342269307,0.05676714342269307
66,589824,2.7194253515716582e-09,261512,328312,1.0958563089370728,0.7039250731468201,0.7422027587890625,0.7545624375343323,0.013586374931037426,0.06816896051168442,0.1251070648431778,24,589824,0.4433729383680556,-8.56552285810105,0.055101896491226654,0.055101896491226654
68,589824,3.0233118231137723e-09,259258,330566,1.1745580434799194,0.753681480884552,0.7342450022697449,0.7544572353363037,0.013766209594905376,0.06341173499822617,0.11527512967586517,24,589824,0.4395514594184028,-8.519517057561295,0.04600580053975456,0.04600580053975456
70,589824,3.333902265367783e-09,255746,334078,1.1082841157913208,0.7168629765510559,0.7503300905227661,0.7778027653694153,0.013591610826551914,0.0662727877497673,0.12192565947771072,24,589824,0.4335971408420139,-8.477047135831832,0.04246992172946307,0.04246992172946307
72,589824,3.63116092749749e-09,254886,334938,1.1124041080474854,0.7362242341041565,0.7391160130500793,0.7440837025642395,0.014885086566209793,0.06842666864395142,0.12747660279273987,24,589824,0.4321390787760417,-8.43995450339352,0.03709263243831096,0.03709263243831096
74,589824,3.902002276845451e-09,249822,340002,1.1096587181091309,0.7184370756149292,0.7320758700370789,0.7225192189216614,0.013457581400871277,0.0630168691277504,0.11650694906711578,24,589824,0.423553466796875,-8.408712481527578,0.031242021865942604,0.031242021865942604
76,589824,4.312117773963564e-09,256834,332990,1.0118399858474731,0.7079035639762878,0.7239911556243896,0.7301255464553833,0.015071991831064224,0.06906016916036606,0.12612037360668182,24,589824,0.4354417588975694,-8.365309386067146,0.043403095460432084,0.043403095460432084
78,589824,4.7708361705645075e-09,267730,322094,1.0492832660675049,0.7044058442115784,0.7359171509742737,0.7720400094985962,0.01347252819687128,0.06675008684396744,0.12358345836400986,24,589824,0.4539150661892361,-8.321405496759338,0.043903889307808086,0.043903889307808086
80,589824,5.127697377815821e-09,261968,327856,1.144858479499817,0.7576236724853516,0.7335649132728577,0.7742968797683716,0.013921547681093216,0.06801976263523102,0.1292409747838974,24,589824,0.4441460503472222,-8.290077613563897,0.03132788319544133,0.03132788319544133
82,589824,5.405782932399461e-09,249852,339972,1.0983326435089111,0.7283685207366943,0.738539457321167,0.7601915001869202,0.0152970552444458,0.06890478730201721,0.1278757005929947,24,589824,0.4236043294270833,-8.2671413972525,0.022936216311396862,0.022936216311396862
84,589824,5.807661462853275e-09,252866,336958,0.9731934666633606,0.7130063772201538,0.731128990650177,0.7436215877532959,0.016127118840813637,0.07342229038476944,0.13738897442817688,24,589824,0.4287143283420139,-8.235998707235614,0.03114269001688541,0.03114269001688541
86,589824,6.165901567101173e-09,257112,332712,1.0400019884109497,0.7209703922271729,0.724437415599823,0.7431385517120361,0.013955007307231426,0.07302264869213104,0.1314796656370163,24,589824,0.4359130859375,-8.210003412662708,0.025995294572906502,0.025995294572906502
88,589824,6.5096532608777125e-09,253864,335960,1.0176697969436646,0.7368554472923279,0.7075405120849609,0.7230510711669922,0.014633819460868835,0.07256641238927841,0.13482022285461426,24,589824,0.4304063585069444,-8.186442143674194,0.023561268988514072,0.023561268988514072
90,589824,6.879913527768622e-09,254954,334870,1.0197969675064087,0.7127720713615417,0.7048267722129822,0.745280385017395,0.015720482915639877,0.07303670793771744,0.1333220899105072,24,589824,0.4322543674045139,-8.162417020289043,0.024025123385150948,0.024025123385150948
92,589824,7.397686019317007e-09,265542,324282,0.9752072095870972,0.7213074564933777,0.7124444246292114,0.7383854389190674,0.014491116628050804,0.0751858502626419,0.14517101645469666,24,589824,0.4502054850260417,-8.130904105430975,0.03151291485806773,0.03151291485806773
94,589824,7.746510100048454e-09,266956,322868,1.1139435768127441,0.7405043840408325,0.7254294157028198,0.7658026218414307,0.016437165439128876,0.07463027536869049,0.13934506475925446,24,589824,0.4526028103298611,-8.110893908545105,0.020010196885870357,0.020010196885870357
96,589824,8.019377162327146e-09,256472,333352,1.0275709629058838,0.7396876215934753,0.7317494750022888,0.783382773399353,0.01713637262582779,0.0782814472913742,0.14381296932697296,24,589824,0.4348280164930556,-8.095859360577231,0.015034547967873735,0.015034547967873735
98,589824,8.193896228192443e-09,248508,341316,1.028045654296875,0.7298573851585388,0.7252337336540222,0.7583234310150146,0.016132276505231857,0.073872871696949,0.1405065357685089,24,589824,0.42132568359375,-8.08650954048158,0.00934982009565033,0.00934982009565033
0,589824,1.880036043836429e-14,146538,443286,0.09048748761415482,0.016134435310959816,0.07273128628730774,0.017935948446393013,0.2827116549015045,0.8355512022972107,0.9080443382263184,25,589824,0.248443603515625,-13.725833824412272,,
2,589824,1.5635634605624948e-13,185394,404430,0.31893137097358704,0.09080582112073898,0.24627378582954407,0.11845672130584717,0.0486423522233963,0.24886459112167358,0.5670787692070007,25,589824,0.3143208821614583,-12.805884487294216,0.9199493371180552,0.9199493371180552
4,589824,1.4618064788154972e-13,87878,501946,0.11576193571090698,0.059940364211797714,0.319272518157959,0.11730296164751053,0.09083046764135361,0.4165775179862976,0.7908008694648743,25,589824,0.1489902072482639,-12.83511011762814,-0.029225630333924002,0.029225630333924002
6,589824,2.399917287468356e-13,69196,520628,0.10250069200992584,0.04875795543193817,0.38216134905815125,0.16828086972236633,0.11130701005458832,0.5112578868865967,0.7868807315826416,25,589824,0.11731635199652778,-12.619803725878013,0.21530639175012745,0.21530639175012745
8,589824,3.4055148024486614e-13,101654,488170,0.09161336719989777,0.06405678391456604,0.4162900447845459,0.212691068649292,0.08731579780578613,0.39708226919174194,0.7114132046699524,25,589824,0.17234632703993055,-12.467817227668027,0.1519864982099861,0.1519864982099861
10,589824,4.89259349180371e-13,144022,445802,0.16280920803546906,0.13346880674362183,0.4781297445297241,0.26784729957580566,0.0436183363199234,0.20803071558475494,0.40078598260879517,25,589824,0.2441779242621528,-12.31046086672535,0.1573563609426767,0.1573563609426767
12,589824,6.517957831450594e-13,169926,419898,0.23340719938278198,0.20253704488277435,0.51278156042099,0.3089243769645691,0.0320315882563591,0.1520838439464569,0.27930980920791626,25,589824,0.2880961100260417,-12.185888453571328,0.12457241315402179,0.12457241315402179
14,589824,8.413246770262728e-13,190666,399158,0.29563695192337036,0.24320170283317566,0.5381309986114502,0.34441685676574707,0.026827016845345497,0.13018576800823212,0.24536100029945374,25,589824,0.3232591417100694,-12.075036372537895,0.11085208103343369,0.11085208103343369
16,589824,1.0885442937660916e-12,209444,380380,0.3414885103702545,0.29289257526397705,0.5561758279800415,0.3772197663784027,0.021485457196831703,0.10461507737636566,0.20023968815803528,25,589824,0.3550957573784722,-11.963153894462284,0.11188247807561069,0.11188247807561069
18,589824,1.3528285479694202e-12,222892,366932,0.40495988726615906,0.3385924696922302,0.584096372127533,0.39978066086769104,0.01767672225832939,0.08679091185331345,0.1687140017747879,25,589824,0.3778957790798611,-11.868757240644813,0.09439665381747098,0.09439665381747098
20,589824,1.6629427869452318e-12,232410,357414,0.4578191339969635,0.3809833526611328,0.6065670847892761,0.4238668978214264,0.015575921162962914,0.07681683450937271,0.14920614659786224,25,589824,0.3940327962239583,-11.77912269229666,0.08963454834815288,0.08963454834815288
22,589824,2.023412036880612e-12,240322,349502,0.5095365047454834,0.4185497462749481,0.6070221662521362,0.44678518176078796,0.013843925669789314,0.06851224601268768,0.13571791350841522,25,589824,0.4074469672309028,-11.693915670801804,0.08520702149485615,0.08520702149485615
24,589824,2.447728868551491e-12,247560,342264,0.571476399898529,0.45634350180625916,0.6207411289215088,0.47065526247024536,0.012978672049939632,0.06482064723968506,0.1278073936700821,25,589824,0.4197184244791667,-11.611236690044967,0.0826789807568371,0.0826789807568371
26,589824,2.9400024081915888e-12,252066,337758,0.6188735365867615,0.4887697100639343,0.6233104467391968,0.4911145567893982,0.012123809196054935,0.060646817088127136,0.11870700865983963,25,589824,0.4273579915364583,-11.531652313851826,0.07958437619314118,0.07958437619314118
28,589824,3.479508564954714e-12,255602,334222,0.659596860408783,0.5154396891593933,0.633175253868103,0.5093671679496765,0.011623539961874485,0.057937730103731155,0.11406796425580978,25,589824,0.4333530002170139,-11.458482090133762,0.07317022371806381,0.07317022371806381
30,589824,4.135833168994463e-12,258324,331500,0.7108471989631653,0.541930615901947,0.6349120736122131,0.5277495384216309,0.010796519927680492,0.05478778854012489,0.1084606945514679,25,589824,0.4379679361979167,-11.383436988107155,0.07504510202660697,0.07504510202660697
32,589824,4.8376602203303865e-12,259776,330048,0.7493473887443542,0.5624039769172668,0.6304422616958618,0.5421578288078308,0.011082625016570091,0.05393877997994423,0.1065186932682991,25,589824,0.4404296875,-11.315364638168775,0.06807234993837952,0.06807234993837952
34,589824,5.577512843940591e-12,261660,328164,0.7760076522827148,0.5773956775665283,0.6297810077667236,0.5557854771614075,0.011018116027116776,0.053542766720056534,0.10598868876695633,25,589824,0.4436238606770833,-11.253559420946212,0.06180521722256316,0.06180521722256316
36,589824,6.437776093465297e-12,264048,325776,0.8179746866226196,0.5953754186630249,0.6360517740249634,0.5694867968559265,0.010304944589734077,0.0519375279545784,0.10408713668584824,25,589824,0.4476725260416667,-11.191264132195839,0.0622952887503736,0.0622952887503736
38,589824,7.304255290885298e-12,265452,324372,0.8607105612754822,0.6073716878890991,0.6367617249488831,0.5803300142288208,0.010239139199256897,0.05155734345316887,0.10395099222660065,25,589824,0.4500528971354167,-11.13642405619046,0.054840076005378435,0.054840076005378435
40,589824,8.334729607872848e-12,265306,324518,0.8904706239700317,0.6221290230751038,0.6393439769744873,0.5921785831451416,0.010339004918932915,0.051355794072151184,0.10228566080331802,25,589824,0.4498053656684028,-11.079108484823806,0.05731557136665444,0.05731557136665444
42,589824,9.439152584556076e-12,265454,324370,0.9166078567504883,0.6293871402740479,0.6446021199226379,0.605210542678833,0.010600706562399864,0.051918599754571915,0.10386733710765839,25,589824,0.4500562879774306,-11.025066993453079,0.054041491370727,0.054041491370727
44,589824,1.0662198554611813e-11,265216,324608,0.9489618539810181,0.641388475894928,0.6504940986633301,0.6185706853866577,0.0099051333963871,0.05061911791563034,0.10236939042806625,25,589824,0.4496527777777778,-10.972153234175588,0.05291375927749087,0.05291375927749087
46,589824,1.2086771687680464e-11,263736,326088,0.9707643389701843,0.6485199332237244,0.6595783233642578,0.6295562982559204,0.010214759968221188,0.050941091030836105,0.10259880870580673,25,589824,0.4471435546875,-10.917689681392995,0.05446355278259318,0.05446355278259318
48,589824,1.3603673743034506e-11,263240,326584,0.9870226383209229,0.6564741134643555,0.6674227714538574,0.6399337649345398,0.01046193577349186,0.051766447722911835,0.1041141152381897,25,589824,0.4463026258680556,-10.866343792300832,0.05134588909216298,0.05134588909216298
50,589824,1.5165165997976793e-11,261416,328408,1.0005271434783936,0.6643203496932983,0.6722884178161621,0.6482112407684326,0.009670410305261612,0.0512172169983387,0.10341371595859528,25,589824,0.4432101779513889,-10.819152831537902,0.04719096076292928,0.04719096076292928
52,589824,1.691636934697538e-11,260334,329490,1.0065510272979736,0.6668592095375061,0.677320659160614,0.6570684909820557,0.010482688434422016,0.052885908633470535,0.10531087219715118,25,589824,0.441375732421875,-10.771692841165112,0.04745999037278992,0.04745999037278992
54,589824,1.8825463757310423e-11,259898,329926,1.0207631587982178,0.6744552254676819,0.6847325563430786,0.6665990352630615,0.009784608148038387,0.051424019038677216,0.10421396046876907,25,589824,0.4406365288628472,-10.725254316335228,0.04643852482988464,0.04643852482988464
56,589824,2.094906886851433e-11,258604,331220,1.0298714637756348,0.6780811548233032,0.6880291700363159,0.6750802397727966,0.010169990360736847,0.05233484506607056,0.10609658062458038,25,589824,0.4384426540798611,-10.678835275525989,0.046419040809238865,0.046419040809238865
58,589824,2.3130251186609385e-11,257406,332418,1.0346544981002808,0.683163046836853,0.6933804154396057,0.6831099987030029,0.010858332738280296,0.052924174815416336,0.10644663125276566,25,589824,0.4364115397135417,-10.635819650914376,0.04301562461161268,0.04301562461161268
60,589824,2.5392313252048382e-11,255644,334180,1.0380359888076782,0.6859875321388245,0.6957927346229553,0.6873700022697449,0.010616326704621315,0.053508006036281586,0.10772793740034103,25,589824,0.4334242078993056,-10.595297732886136,0.04052191802824012,0.04052191802824012
62,589824,2.79633330380058e-11,255056,334768,1.0361604690551758,0.6862212419509888,0.6990340352058411,0.6939638257026672,0.010938773863017559,0.05421162396669388,0.10917994379997253,25,589824,0.4324273003472222,-10.553411064909788,0.04188666797634788,0.04188666797634788
64,589824,3.061004921756094e-11,255020,334804,1.0444947481155396,0.6917930841445923,0.7036154866218567,0.703641414642334,0.010646223090589046,0.053584031760692596,0.10984627902507782,25,589824,0.4323662651909722,-10.514135972104791,0.039275092804997414,0.039275092804997414
66,589824,3.334990616998823e-11,253390,336434,1.0431077480316162,0.6950121521949768,0.7067782878875732,0.7102909088134766,0.011133036576211452,0.054706186056137085,0.11149611324071884,25,589824,0.4296027289496528,-10.476905383633898,0.037230588470892556,0.037230588470892556
68,589824,3.6088191462946284e-11,252246,337578,1.0445470809936523,0.6953800320625305,0.7087075114250183,0.7162163257598877,0.0109337717294693,0.05512872710824013,0.11254093796014786,25,589824,0.4276631673177083,-10.442634881790404,0.03427050184349412,0.03427050184349412
70,589824,3.894367120449438e-11,251684,338140,1.0462912321090698,0.6973974108695984,0.7108026146888733,0.7215110063552856,0.01107738260179758,0.05630075931549072,0.11346370726823807,25,589824,0.4267103407118056,-10.40956311011695,0.033071771673453654,0.033071771673453654
72,589824,4.187081584228203e-11,251360,338464,1.04326593875885,0.6976024508476257,0.7132272720336914,0.7270196676254272,0.011497453786432743,0.05766231566667557,0.11659770458936691,25,589824,0.4261610243055556,-10.378088576907926,0.03147453320902471,0.03147453320902471
74,589824,4.475989023866589e-11,251098,338726,1.04819917678833,0.7004525661468506,0.7167947888374329,0.7328142523765564,0.011525381356477737,0.05846323445439339,0.11789421737194061,25,589824,0.4257168240017361,-10.349110987130286,0.028977589777639423,0.028977589777639423
76,589824,4.7821965137861966e-11,250220,339604,1.046848177909851,0.7029445171356201,0.7196135520935059,0.740498423576355,0.011573814786970615,0.05953960493206978,0.12073774635791779,25,589824,0.4242282443576389,-10.320372581482602,0.028738405647684928,0.028738405647684928
78,589824,5.083995724408652e-11,249392,340432,1.0456491708755493,0.705090343952179,0.7224024534225464,0.7459585666656494,0.01138368435204029,0.0596771314740181,0.12063337862491608,25,589824,0.4228244357638889,-10.293794823355345,0.0265777581272566,0.0265777581272566
80,589824,5.385744628050304e-11,248726,341098,1.0410710573196411,0.7056224942207336,0.7245880365371704,0.7496508955955505,0.011856420896947384,0.06115565076470375,0.12282995134592056,25,589824,0.4216952853732639,-10.268754243063004,0.02504058029234102,0.02504058029234102
82,589824,5.6934717357348674e-11,248296,341528,1.0433001518249512,0.7066678404808044,0.7254111766815186,0.7547001242637634,0.01227567158639431,0.06231272593140602,0.12420257180929184,25,589824,0.4209662543402778,-10.244622830989272,0.02413141207373215,0.02413141207373215
84,589824,6.009973768650312e-11,248620,341204,1.0325579643249512,0.7073724865913391,0.7279223799705505,0.7611171007156372,0.012496983632445335,0.06303595751523972,0.12774917483329773,25,589824,0.4215155707465278,-10.221127423530586,0.023495407458685946,0.023495407458685946
86,589824,6.320118040026301e-11,248822,341002,1.0372482538223267,0.710390567779541,0.7302985787391663,0.7685266137123108,0.012563196942210197,0.06361575424671173,0.12767760455608368,25,589824,0.4218580457899306,-10.199274810380063,0.021852613150523226,0.021852613150523226
88,589824,6.62456062228145e-11,247932,341892,1.039029836654663,0.7111763954162598,0.7314115762710571,0.7732024192810059,0.01278979703783989,0.06443298608064651,0.12921284139156342,25,589824,0.42034912109375,-10.178842921262339,0.020431889117723756,0.020431889117723756
90,589824,6.917030143105407e-11,247102,342722,1.0288833379745483,0.7119219303131104,0.7323790192604065,0.7763429284095764,0.012950117699801922,0.06516741961240768,0.13070310652256012,25,589824,0.4189419216579861,-10.160080331744217,0.01876258951812204,0.01876258951812204
92,589824,7.218849823464879e-11,247422,342402,1.021207332611084,0.7103965282440186,0.7323197722434998,0.7804515361785889,0.013325410895049572,0.06637243181467056,0.1323285698890686,25,589824,0.4194844563802083,-10.141531992889377,0.018548338854840196,0.018548338854840196
94,589824,7.520004757788357e-11,248070,341754,1.0222214460372925,0.713202953338623,0.7325595021247864,0.7843382358551025,0.013476034626364708,0.06693675369024277,0.13421614468097687,25,589824,0.4205830891927083,-10.123781884637005,0.017750108252371888,0.017750108252371888
96,589824,7.79902392666898e-11,247910,341914,1.0116093158721924,0.7146645784378052,0.7320021986961365,0.7876643538475037,0.01349683292210102,0.06867814809083939,0.13773949444293976,25,589824,0.4203118218315972,-10.107959747282203,0.015822137354801313,0.015822137354801313
98,589824,8.065027118364654e-11,247606,342218,1.0071405172348022,0.7163369059562683,0.730699360370636,0.7916378974914551,0.013267045840620995,0.06846360862255096,0.1374562829732895,25,589824,0.4197964138454861,-10.093394167972933,0.01456557930927005,0.01456557930927005
0,589824,1.1596312187681524e-14,152169,437655,0.09080535918474197,0.01024668663740158,0.2617309093475342,0.011154817417263985,0.4796312153339386,0.8692440986633301,0.9292103052139282,26,589824,0.2579905192057292,-13.935680101392034,,
2,589824,8.298271331154058e-14,174502,415322,0.16514606773853302,0.049029067158699036,0.6060400605201721,0.06716686487197876,0.09439433366060257,0.5119826793670654,0.7615442872047424,26,589824,0.2958543565538194,-13.081012369013376,0.8546677323786582,0.8546677323786582
4,589824,8.041482789985371e-14,85062,504762,0.06558961421251297,0.03484533354640007,1.433929681777954,0.06886806339025497,0.15208907425403595,0.7220498323440552,0.8684841990470886,26,589824,0.14421590169270834,-13.094663863175256,-0.013651494161880606,0.013651494161880606
6,589824,1.4740055150844894e-13,80810,509014,0.08135158568620682,0.03766375780105591,1.7297642230987549,0.11353638023138046,0.1383863389492035,0.6415295004844666,0.8167429566383362,26,589824,0.13700697157118055,-12.831500891533764,0.26316297164149205,0.26316297164149205
8,589824,2.5739447465783494e-13,140852,448972,0.17623528838157654,0.07771928608417511,1.8533351421356201,0.17701178789138794,0.0647062137722969,0.32241642475128174,0.620346188545227,26,589824,0.2388034396701389,-12.589400780086521,0.2421001114472432,0.2421001114472432
10,589824,4.946135189788647e-13,200822,389002,0.5042908787727356,0.17832578718662262,2.0259435176849365,0.2845790982246399,0.02678491361439228,0.1352989226579666,0.27704134583473206,26,589824,0.3404778374565972,-12.305734017498207,0.28366676258831447,0.28366676258831447
12,589824,9.740473401811944e-13,235814,354010,1.0292385816574097,0.3224940001964569,2.0019896030426025,0.4249805808067322,0.014129780232906342,0.07090333849191666,0.14442315697669983,26,589824,0.3998040093315972,-12.011419935236535,0.2943140822616712,0.2943140822616712
14,589824,1.7558710561915714e-12,246272,343552,1.7191081047058105,0.4240749180316925,1.769523024559021,0.5402475595474243,0.010618341155350208,0.05424896255135536,0.11001250892877579,26,589824,0.4175347222222222,-11.755507380024799,0.2559125552117365,0.2559125552117365
16,589824,3.3578396139988254e-12,250740,339084,2.1334800720214844,0.5629814863204956,1.5393813848495483,0.652485728263855,0.007916566915810108,0.037792135030031204,0.07635000348091125,26,589824,0.42510986328125,-11.473940051622263,0.2815673284025362,0.2815673284025362
18,589824,6.166206000662866e-12,251700,338124,2.054064989089966,0.5898939967155457,1.3401187658309937,0.7172138094902039,0.007965832948684692,0.03955105319619179,0.07885578274726868,26,589824,0.4267374674479167,-11.209981970453379,0.26395808116888375,0.26395808116888375
20,589824,1.0624088414568078e-11,249712,340112,2.0056395530700684,0.6828234195709229,1.199681043624878,0.7445657849311829,0.007500641047954559,0.037082720547914505,0.07334049046039581,26,589824,0.4233669704861111,-10.973708323725374,0.2362736467280051,0.2362736467280051
22,589824,1.7831371795784534e-11,254806,335018,1.6994909048080444,0.6525670886039734,1.0744646787643433,0.7727980613708496,0.007268274202942848,0.03676129877567291,0.0740681141614914,26,589824,0.4320034450954861,-10.74881524457437,0.22489307915100376,0.22489307915100376
24,589824,2.884834038319184e-11,260810,329014,1.6910988092422485,0.7205371260643005,0.9768070578575134,0.7911733388900757,0.0074575357139110565,0.03740654140710831,0.07504313439130783,26,589824,0.4421827528211806,-10.539879166326408,0.20893607824796234,0.20893607824796234
26,589824,4.269926426325732e-11,254544,335280,1.69619882106781,0.700179398059845,0.9119405746459961,0.7634294033050537,0.008143974468111992,0.04011094197630882,0.08110974729061127,26,589824,0.4315592447916667,-10.369579608093485,0.17029955823292298,0.17029955823292298
28,589824,6.328822188539363e-11,256774,333050,1.6102406978607178,0.7238611578941345,0.8705284595489502,0.7666298747062683,0.007835684344172478,0.03976648673415184,0.08030018955469131,26,589824,0.4353400336371528,-10.198677105877195,0.17090250221628978,0.17090250221628978
30,589824,9.270717526987937e-11,264728,325096,1.5119199752807617,0.6895669102668762,0.8564959764480591,0.7895723581314087,0.007879786193370819,0.04148031026124954,0.08423740416765213,26,589824,0.4488254123263889,-10.03288665140545,0.165790454471745,0.165790454471745
32,589824,1.2753230416162609e-10,260276,329548,1.5713399648666382,0.7550745606422424,0.8364352583885193,0.7814475297927856,0.008602406829595566,0.0435921885073185,0.08817946910858154,26,589824,0.4412773980034722,-9.89437979372308,0.13850685768236914,0.13850685768236914
34,589824,1.6732079610726203e-10,253614,336210,1.5302163362503052,0.7111423015594482,0.8224142789840698,0.7445372939109802,0.009963961318135262,0.0486723929643631,0.093989297747612,26,589824,0.4299825032552083,-9.776450077726548,0.11792971599653335,0.11792971599653335
36,589824,2.3070170773742404e-10,262208,327616,1.3111884593963623,0.7152535319328308,0.8172791600227356,0.7695210576057434,0.00888607557862997,0.04361804202198982,0.08672504127025604,26,589824,0.4445529513888889,-9.636949190662284,0.13950088706426378,0.13950088706426378
38,589824,2.9981894744679494e-10,266474,323350,1.4019936323165894,0.7189556956291199,0.8032312393188477,0.7658217549324036,0.009663231670856476,0.0503651387989521,0.10050136595964432,26,589824,0.4517856174045139,-9.52314092481806,0.11380826584422365,0.11380826584422365
40,589824,3.7832284527361537e-10,259642,330182,1.3954963684082031,0.7487355470657349,0.7963941097259521,0.7615598440170288,0.009412961080670357,0.04969150200486183,0.09843169152736664,26,589824,0.4402025010850694,-9.422137432757738,0.10100349206032178,0.10100349206032178
42,589824,4.724166613456759e-10,255656,334168,1.2750434875488281,0.7039932608604431,0.7869998216629028,0.7607124447822571,0.010486748069524765,0.051788341253995895,0.10085036605596542,26,589824,0.4334445529513889,-9.325674793948263,0.09646263880947537,0.09646263880947537
44,589824,5.843046047004918e-10,256786,333038,1.2397691011428833,0.7357007265090942,0.7584861516952515,0.727874755859375,0.010615844279527664,0.05078158900141716,0.0976104661822319,26,589824,0.4353603786892361,-9.233360691153134,0.09231410279512886,0.09231410279512886
46,589824,7.291853232338497e-10,266316,323508,1.2256323099136353,0.6989560127258301,0.7632869482040405,0.7494521141052246,0.01051007118076086,0.05183691531419754,0.09991513937711716,26,589824,0.4515177408854167,-9.13716208124402,0.09619860990911455,0.09619860990911455
48,589824,8.86453910275975e-10,268474,321350,1.2635430097579956,0.7490246295928955,0.7660427093505859,0.7704399228096008,0.010995478369295597,0.05543181300163269,0.10895282030105591,26,589824,0.4551764594184028,-9.052343839908715,0.08481824133530402,0.08481824133530402
50,589824,1.0172328535063002e-09,253686,336138,1.2833045721054077,0.7351968884468079,0.7598238587379456,0.7458967566490173,0.011809875257313251,0.05758299678564072,0.1062021553516388,26,589824,0.4301045735677083,-8.992579621887907,0.059764218020808,0.059764218020808
52,589824,1.217284606447322e-09,253410,336414,1.130115032196045,0.7156525254249573,0.7419074177742004,0.7308700680732727,0.011250542476773262,0.05665522441267967,0.11073359847068787,26,589824,0.4296366373697917,-8.914607869954818,0.0779717519330898,0.0779717519330898
54,589824,1.4383774171733421e-09,263156,326668,1.153187870979309,0.701996386051178,0.7336083650588989,0.7519009709358215,0.01256669033318758,0.06192904710769653,0.11458222568035126,26,589824,0.4461602105034722,-8.842127144071632,0.07248072588318522,0.07248072588318522
56,589824,1.693542195368991e-09,264838,324986,1.1506901979446411,0.7402836680412292,0.7360066771507263,0.7471809983253479,0.010606484487652779,0.05411987751722336,0.10484900325536728,26,589824,0.4490119086371528,-8.771203978241305,0.07092316583032776,0.07092316583032776
58,589824,1.9392190075961935e-09,262580,327244,1.1763123273849487,0.7322905659675598,0.7389043569564819,0.7412639260292053,0.012548556551337242,0.06275039911270142,0.12007387727499008,26,589824,0.4451836480034722,-8.712373140679192,0.05883083756211249,0.05883083756211249
60,589824,2.1920114612328234e-09,258524,331300,1.180585503578186,0.7380084991455078,0.7339630126953125,0.7549832463264465,0.012478532269597054,0.061665453016757965,0.11967940628528595,26,589824,0.4383070203993056,-8.659157179413418,0.053215961265774325,0.053215961265774325
62,589824,2.456515657556224e-09,256348,333476,1.1303462982177734,0.7089350819587708,0.7386401295661926,0.7469346523284912,0.012073432095348835,0.06003947928547859,0.11633015424013138,26,589824,0.4346177842881944,-8.609680463375852,0.04947671603756554,0.04947671603756554
64,589824,2.7781368316937005e-09,257698,332126,1.0808181762695312,0.7255862951278687,0.7237901091575623,0.724899411201477,0.01279404666274786,0.06024494022130966,0.10806448012590408,26,589824,0.4369066026475694,-8.55624636774669,0.05343409562916257,0.05343409562916257
66,589824,3.1569098446482258e-09,262810,327014,1.077133297920227,0.7026912569999695,0.7222641706466675,0.744886040687561,0.0134888319298625,0.06617708504199982,0.12345420569181442,26,589824,0.4455735948350694,-8.500737820556584,0.05550854719010623,0.05550854719010623
68,589824,3.522208968931295e-09,262229,327595,1.143961787223816,0.7513027787208557,0.7155604958534241,0.7450878620147705,0.014220395125448704,0.06723131239414215,0.1202460452914238,26,589824,0.4445885552300347,-8.453184881372284,0.0475529391842997,0.0475529391842997
70,589824,3.8892680187530004e-09,259341,330483,1.0971605777740479,0.7239348888397217,0.7324503064155579,0.7690817713737488,0.013611421920359135,0.0648181289434433,0.11976894736289978,26,589824,0.4396921793619792,-8.410132127550737,0.04305275382154683,0.04305275382154683
72,589824,4.252295404683082e-09,259014,330810,1.0874093770980835,0.7365270256996155,0.7266514301300049,0.7511676549911499,0.015180645510554314,0.0709768533706665,0.13207007944583893,26,589824,0.4391377766927083,-8.371376572895807,0.03875555465493008,0.03875555465493008
74,589824,4.5465902154262494e-09,252234,337590,1.114858865737915,0.7258963584899902,0.7169250845909119,0.7146432399749756,0.013899791054427624,0.06372257322072983,0.11882220208644867,26,589824,0.427642822265625,-8.342314187030652,0.02906238586515464,0.02906238586515464
76,589824,5.009122894250595e-09,256800,333024,0.9916081428527832,0.710488498210907,0.7081713080406189,0.7150120735168457,0.01425233669579029,0.06971573829650879,0.1272468864917755,26,589824,0.4353841145833333,-8.30023831316172,0.042075873868931524,0.042075873868931524
78,589824,5.555501392251472e-09,270176,319648,1.0221443176269531,0.7005952596664429,0.718865156173706,0.761576235294342,0.01434620376676321,0.06685271859169006,0.123515784740448,26,589824,0.4580620659722222,-8.255276739232281,0.04496157392943978,0.04496157392943978
80,589824,6.008393338419182e-09,266346,323478,1.122869849205017,0.758568525314331,0.7197068333625793,0.7702190279960632,0.0135575532913208,0.06705563515424728,0.12781119346618652,26,589824,0.451568603515625,-8.221241644060921,0.03403509517135994,0.03403509517135994
82,589824,6.313401801349983e-09,253230,336594,1.0932599306106567,0.7333983182907104,0.7243810296058655,0.7537381052970886,0.01563400775194168,0.06952572613954544,0.12941594421863556,26,589824,0.4293314615885417,-8.199736570160024,0.021505073900897287,0.021505073900897287
84,589824,6.784363737466492e-09,254454,335370,0.9529091119766235,0.7172165513038635,0.7168439626693726,0.7379374504089355,0.016686709597706795,0.07195406407117844,0.1369638592004776,26,589824,0.4314066569010417,-8.168490875825075,0.031245694334948837,0.031245694334948837
86,589824,7.214359776241963e-09,259850,329974,1.0121634006500244,0.719082772731781,0.7093247175216675,0.7358231544494629,0.014827785082161427,0.07315759360790253,0.13314220309257507,26,589824,0.4405551486545139,-8.141802203445364,0.026688672379711065,0.026688672379711065
88,589824,7.599536999691736e-09,256994,332830,1.0061408281326294,0.7398452162742615,0.691906213760376,0.7119173407554626,0.014132624492049217,0.07342194020748138,0.13633780181407928,26,589824,0.4357130262586806,-8.119212866219762,0.02258933722560208,0.02258933722560208
90,589824,8.035422993657448e-09,257764,332060,0.9986852407455444,0.7137710452079773,0.6886855363845825,0.735482394695282,0.0158439502120018,0.0756893903017044,0.1390729546546936,26,589824,0.4370185004340278,-8.09499125655141,0.024221609668352073,0.024221609668352073
92,589824,8.615469226924688e-09,266892,322932,0.9799069166183472,0.7270668745040894,0.6938338875770569,0.7282491326332092,0.014676348306238651,0.07243753969669342,0.14019528031349182,26,589824,0.4524943033854167,-8.064721064459167,0.030270192092242354,0.030270192092242354
94,589824,9.067815831542703e-09,269574,320250,1.0597611665725708,0.7374212741851807,0.7093284726142883,0.7534063458442688,0.016092056408524513,0.07502949237823486,0.1434262990951538,26,589824,0.4570414225260417,-8.04249730903041,0.022223755428758096,0.022223755428758096
96,589824,9.407387757676133e-09,260874,328950,1.0222103595733643,0.7454013228416443,0.7132647037506104,0.7762852907180786,0.017153875902295113,0.07775784283876419,0.1440005600452423,26,589824,0.442291259765625,-8.026530954673014,0.015966354357395574,0.015966354357395574
98,589824,9.583856375172672e-09,251200,338624,1.0087217092514038,0.7329229116439819,0.7067920565605164,0.7542772889137268,0.01683519035577774,0.07808120548725128,0.14242833852767944,26,589824,0.4258897569444444,-8.018459703295473,0.008071251377540278,0.008071251377540278
0,589824,1.642624058962542e-14,144601,445223,0.04120703786611557,0.014012726955115795,0.06053612008690834,0.01571105234324932,0.3313117027282715,0.86219322681427,0.9302356243133545,27,589824,0.2451595730251736,-13.784461820496801,,
2,589824,1.331328845994087e-13,185528,404296,0.2701473534107208,0.07822080701589584,0.1773754209280014,0.10260259360074997,0.05720430612564087,0.2932387590408325,0.6787870526313782,27,589824,0.3145480685763889,-12.875714658003174,0.9087471624936274,0.9087471624936274
4,589824,1.2252137780895123e-13,87096,502728,0.09469716995954514,0.05017196387052536,0.22039411962032318,0.10043440759181976,0.10753651708364487,0.4983237087726593,0.821610689163208,27,589824,0.14766438802083334,-12.91178812799785,-0.03607346999467609,0.03607346999467609
6,589824,2.067431919021076e-13,70830,518994,0.08985546976327896,0.04413178190588951,0.2707573473453522,0.1489749699831009,0.12493294477462769,0.556727409362793,0.8032472133636475,27,589824,0.120086669921875,-12.684568782950889,0.2272193450469615,0.2272193450469615
8,589824,2.971086376056531e-13,101980,487844,0.08652739226818085,0.05879293754696846,0.30180731415748596,0.19132381677627563,0.09130221605300903,0.4299960732460022,0.7471857070922852,27,589824,0.17289903428819445,-12.527084722111036,0.15748406083985245,0.15748406083985245
10,589824,4.3396314102980837e-13,143098,446726,0.15229173004627228,0.1211908683180809,0.3494253158569336,0.24586646258831024,0.04689793288707733,0.2255377471446991,0.43211644887924194,27,589824,0.2426113552517361,-12.362547156033928,0.164537566077108,0.164537566077108
12,589824,5.79142202944416e-13,167930,421894,0.2142375409603119,0.18703415989875793,0.38214045763015747,0.2859465181827545,0.03463347628712654,0.16239504516124725,0.29906508326530457,27,589824,0.2847120496961806,-12.237214786235594,0.1253323697983344,0.1253323697983344
14,589824,7.363101556419338e-13,187766,402058,0.2547675669193268,0.2193577140569687,0.4112894535064697,0.31785815954208374,0.030239766463637352,0.14464811980724335,0.26850441098213196,27,589824,0.3183424207899306,-12.132939209425736,0.104275576809858,0.104275576809858
16,589824,9.490478064880237e-13,206506,383318,0.3136211633682251,0.271431565284729,0.44338586926460266,0.3513665199279785,0.02299691177904606,0.11159966886043549,0.21366450190544128,27,589824,0.3501146104600694,-12.022711910258678,0.11022729916705742,0.11022729916705742
18,589824,1.1646376137791625e-12,216886,372938,0.358035147190094,0.31161820888519287,0.4657183885574341,0.3711811304092407,0.019793808460235596,0.0951652005314827,0.1808830350637436,27,589824,0.3677130805121528,-11.933809187787206,0.08890272247147202,0.08890272247147202
20,589824,1.4110435909986396e-12,226312,363512,0.40059125423431396,0.34674280881881714,0.48692452907562256,0.3930499851703644,0.017944253981113434,0.0848386287689209,0.16362367570400238,27,589824,0.3836941189236111,-11.850459569493173,0.08334961829403298,0.08334961829403298
22,589824,1.6969394639465563e-12,234618,355206,0.4475943446159363,0.3867547810077667,0.5080686211585999,0.41576525568962097,0.015800151973962784,0.07605128735303879,0.14774656295776367,27,589824,0.3977762858072917,-11.770333650282737,0.08012591921043644,0.08012591921043644
24,589824,2.0072088522532505e-12,240584,349240,0.4903084635734558,0.41838306188583374,0.5268322229385376,0.43531280755996704,0.014493897557258606,0.07143450528383255,0.13831758499145508,27,589824,0.4078911675347222,-11.697407436350549,0.07292621393218823,0.07292621393218823
26,589824,2.336917551831741e-12,245362,344462,0.5217740535736084,0.4463043212890625,0.5387479066848755,0.45249247550964355,0.013930438086390495,0.06721904873847961,0.12974707782268524,27,589824,0.4159918891059028,-11.631356609565906,0.06605082678464314,0.06605082678464314
28,589824,2.6575330477895953e-12,249278,340546,0.5517964363098145,0.4706614315509796,0.5473338961601257,0.46568918228149414,0.012957421131432056,0.06385240703821182,0.12396601587533951,27,589824,0.4226311577690972,-11.575521326095947,0.055835283469958696,0.055835283469958696
30,589824,3.0334751637689505e-12,252630,337194,0.5855331420898438,0.4919251501560211,0.5520524382591248,0.4784790277481079,0.01281716302037239,0.06174642592668533,0.12045282870531082,27,589824,0.428314208984375,-11.51805955644179,0.05746176965415728,0.05746176965415728
32,589824,3.4531359976303078e-12,255538,334286,0.6161075830459595,0.5149113535881042,0.5575714111328125,0.4931891858577728,0.012248667888343334,0.0600341260433197,0.11661671102046967,27,589824,0.4332444932725694,-11.461786317145096,0.05627323929669359,0.05627323929669359
34,589824,3.846550248459701e-12,257800,332024,0.6430709362030029,0.5297188758850098,0.5585006475448608,0.5040412545204163,0.012203257530927658,0.05958106741309166,0.11557408422231674,27,589824,0.4370795355902778,-11.414928589890414,0.0468577272546824,0.0468577272546824
36,589824,4.281729051175409e-12,260218,329606,0.6725837588310242,0.5476683378219604,0.5601273775100708,0.5158950090408325,0.011551852338016033,0.058339543640613556,0.1139390766620636,27,589824,0.4411790635850694,-11.368380818429358,0.046547771461055376,0.046547771461055376
38,589824,4.6935289856053775e-12,262020,327804,0.7006430625915527,0.5596116781234741,0.559251070022583,0.5246577858924866,0.011754828505218029,0.05725517123937607,0.11355239897966385,27,589824,0.4442342122395833,-11.328500495737915,0.03988032269144348,0.03988032269144348
40,589824,5.213197061537667e-12,263278,326546,0.7340208888053894,0.5743362307548523,0.5654227137565613,0.5372166037559509,0.01120868418365717,0.05580413341522217,0.11096256226301193,27,589824,0.4463670518663194,-11.28289585820729,0.045604637530624714,0.045604637530624714
42,589824,5.699936182768095e-12,263910,325914,0.7671156525611877,0.5849025249481201,0.5675192475318909,0.5479171276092529,0.011250047013163567,0.057352885603904724,0.1134856566786766,27,589824,0.4474385579427083,-11.244130006718178,0.038765851489111824,0.038765851489111824
44,589824,6.2435126513271655e-12,263520,326304,0.791226863861084,0.5969411730766296,0.5726230144500732,0.5585722923278809,0.011065573431551456,0.05582877993583679,0.11119839549064636,27,589824,0.44677734375,-11.204571003927947,0.039559002790230835,0.039559002790230835
46,589824,6.9076918664257025e-12,262780,327044,0.8282442092895508,0.6070931553840637,0.5785426497459412,0.5692049264907837,0.011142401024699211,0.05534667894244194,0.10978005081415176,27,589824,0.4455227322048611,-11.160667043382468,0.04390396054547985,0.04390396054547985
48,589824,7.563037002222828e-12,262488,327336,0.8415623307228088,0.6158046722412109,0.5884972810745239,0.5812500715255737,0.011189082637429237,0.05565206706523895,0.11097269505262375,27,589824,0.4450276692708333,-11.121303774809249,0.03936326857321859,0.03936326857321859
50,589824,8.200736964503186e-12,261884,327940,0.8640576004981995,0.6222903728485107,0.5943934917449951,0.5907321572303772,0.011142337694764137,0.05651738867163658,0.11269111186265945,27,589824,0.4440036349826389,-11.086147117709517,0.0351566570997317,0.0351566570997317
52,589824,8.975626665519432e-12,260426,329398,0.8833862543106079,0.6302884817123413,0.6008704304695129,0.6015332341194153,0.010590340942144394,0.05527866259217262,0.11102962493896484,27,589824,0.4415317111545139,-11.04693521986652,0.039211897842998056,0.039211897842998056
54,589824,9.780255598446086e-12,259526,330298,0.8991420269012451,0.6372633576393127,0.6105521321296692,0.6125252842903137,0.01095458585768938,0.055697694420814514,0.11163043230772018,27,589824,0.4400058322482639,-11.009649795156754,0.037285424709764925,0.037285424709764925
56,589824,1.0693146021423239e-11,258520,331304,0.9159134030342102,0.6445136070251465,0.6177161931991577,0.6228449940681458,0.010494353249669075,0.05520656332373619,0.11130667477846146,27,589824,0.4383002387152778,-10.97089450258024,0.03875529257651422,0.03875529257651422
58,589824,1.1644236790064877e-11,257412,332412,0.9253526926040649,0.6495228409767151,0.626102089881897,0.6338605284690857,0.01118829008191824,0.05615900084376335,0.1119217500090599,27,589824,0.4364217122395833,-10.93388897159694,0.037005530983300616,0.037005530983300616
60,589824,1.2558188863809328e-11,256056,333768,0.9415814876556396,0.6548981070518494,0.633082389831543,0.6432090997695923,0.010462555103003979,0.05580420047044754,0.11359234154224396,27,589824,0.4341227213541667,-10.901072989832102,0.03281598176483769,0.03281598176483769
62,589824,1.3652255541340974e-11,254546,335278,0.945706844329834,0.6597234606742859,0.640704333782196,0.6521653532981873,0.010677834041416645,0.05553809180855751,0.1124904677271843,27,589824,0.4315626356336806,-10.864795591243412,0.03627739858868928,0.03627739858868928
64,589824,1.4716292420779986e-11,253178,336646,0.957327663898468,0.6628393530845642,0.6477409601211548,0.6613330841064453,0.011327998712658882,0.056355610489845276,0.11321679502725601,27,589824,0.4292432996961806,-10.832201591086264,0.03259400015714853,0.03259400015714853
66,589824,1.5898185545815124e-11,252492,337332,0.959297239780426,0.6650869846343994,0.6548434495925903,0.6705862283706665,0.01125580258667469,0.056785959750413895,0.1144709512591362,27,589824,0.4280802408854167,-10.798652438723948,0.03354915236231548,0.03354915236231548
68,589824,1.7039461855383742e-11,252132,337692,0.9738007187843323,0.6700928807258606,0.6614145040512085,0.6795554757118225,0.010760236531496048,0.05615312606096268,0.11438056081533432,27,589824,0.4274698893229167,-10.76854412535147,0.030108313372478435,0.030108313372478435
70,589824,1.8183655969838952e-11,251278,338546,0.9748303294181824,0.6711118221282959,0.6672871112823486,0.6879429817199707,0.010924155823886395,0.05725929141044617,0.11681882292032242,27,589824,0.4260219997829861,-10.740318793946853,0.028225331404616583,0.028225331404616583
72,589824,1.9310606932942953e-11,250544,339280,0.9806903004646301,0.6747338771820068,0.6729689240455627,0.6972097158432007,0.011363273486495018,0.058225300163030624,0.11781562864780426,27,589824,0.4247775607638889,-10.714204076117774,0.02611471782907948,0.02611471782907948
74,589824,2.042416236136546e-11,249868,339956,0.9747670888900757,0.6762984991073608,0.6783736944198608,0.7069656252861023,0.011806233786046505,0.06009573116898537,0.12124001979827881,27,589824,0.4236314561631944,-10.689855745777013,0.024348330340760782,0.024348330340760782
76,589824,2.160582303345482e-11,249078,340746,0.9856909513473511,0.6798773407936096,0.681576132774353,0.7146801948547363,0.011799516156315804,0.06018194928765297,0.1221223846077919,27,589824,0.4222920735677083,-10.665429185400898,0.024426560376115347,0.024426560376115347
78,589824,2.2776804747826063e-11,248848,340976,0.988158643245697,0.6819644570350647,0.6874734163284302,0.7242899537086487,0.012244421988725662,0.06156770512461662,0.12420835345983505,27,589824,0.4219021267361111,-10.642507201140083,0.022921984260815265,0.022921984260815265
80,589824,2.3962179462877486e-11,248002,341822,0.9955682754516602,0.6868870258331299,0.692274272441864,0.7315905094146729,0.01181442104279995,0.061394669115543365,0.1241844892501831,27,589824,0.4204678005642361,-10.620473683542556,0.022033517597526142,0.022033517597526142
82,589824,2.516963026888419e-11,246560,343264,0.9866527915000916,0.6864042282104492,0.6948650479316711,0.7381899356842041,0.012086307629942894,0.06232965737581253,0.1259733885526657,27,589824,0.4180230034722222,-10.599123164005183,0.021350519537373103,0.021350519537373103
84,589824,2.6366509670028293e-11,247198,342626,0.9836515188217163,0.6864117980003357,0.6979061961174011,0.7472131848335266,0.012532463297247887,0.06464049220085144,0.12964101135730743,27,589824,0.4191046820746528,-10.578947357175592,0.020175806829591636,0.020175806829591636
86,589824,2.7562375992662425e-11,247204,342620,0.9983578324317932,0.6916900277137756,0.7012407779693604,0.7550536394119263,0.012168087996542454,0.06354265660047531,0.12832720577716827,27,589824,0.4191148546006944,-10.559683347140869,0.019264010034723,0.019264010034723
88,589824,2.877387564326206e-11,245818,344006,0.9933372735977173,0.692521870136261,0.7033831477165222,0.7602500319480896,0.012846902944147587,0.06421010196208954,0.1294250190258026,27,589824,0.4167650010850694,-10.541001637688343,0.018681709452526007,0.018681709452526007
90,589824,2.992946862567791e-11,245822,344002,0.9909630417823792,0.6932412981987,0.7062807083129883,0.7670046091079712,0.012704314664006233,0.06516911089420319,0.13265696167945862,27,589824,0.4167717827690972,-10.523900993650436,0.017100644037906676,0.017100644037906676
92,589824,3.107735596641348e-11,245918,343906,0.9860697388648987,0.6950791478157043,0.7080785632133484,0.7716312408447266,0.012849812395870686,0.06567636877298355,0.13222293555736542,27,589824,0.4169345431857639,-10.507555937684602,0.01634505596583402,0.01634505596583402
94,589824,3.222554167958691e-11,245478,344346,0.9834415316581726,0.696367084980011,0.7076274156570435,0.7744671702384949,0.012901360169053078,0.06593259423971176,0.13355983793735504,27,589824,0.4161885579427083,-10.491799773851103,0.015756163833499315,0.015756163833499315
96,589824,3.3382997755015964e-11,245958,343866,0.9763091802597046,0.6974368095397949,0.7079198360443115,0.7785602807998657,0.013331543654203415,0.06690166145563126,0.13600288331508636,27,589824,0.4170023600260417,-10.476474666757886,0.015325107093216772,0.015325107093216772
98,589824,3.445229865284283e-11,246726,343098,0.9813949465751648,0.6991013884544373,0.7085629105567932,0.7845394015312195,0.013144135475158691,0.06835923343896866,0.13758176565170288,27,589824,0.418304443359375,-10.46278179671886,0.013692870039026417,0.013692870039026417
0,2359296,2.6007166204806845e-15,850170,1509126,0.06300552934408188,0.002593970624729991,0.07579006254673004,0.002593970624729991,0.7094922065734863,0.8658868074417114,0.9176058769226074,28,2359296,0.36034901936848956,-14.584906966860748,,
2,2359296,3.517793898516995e-14,549888,1809408,0.4312383830547333,0.028222329914569855,0.19532233476638794,0.03398250415921211,0.13727523386478424,0.6629313826560974,0.7354733943939209,28,2359296,0.23307291666666666,-13.453729608698572,1.1311773581621765,1.1311773581621765
4,2359296,5.131534981011113e-14,294110,2065186,0.1822209507226944,0.03069118782877922,0.32628756761550903,0.04856662079691887,0.18372377753257751,0.7059705853462219,0.7903607487678528,28,2359296,0.12466006808810765,-13.289752706219781,0.16397690247879027,0.16397690247879027
6,2359296,9.771459493325765e-14,253952,2105344,0.18150845170021057,0.03395030274987221,0.4277344346046448,0.08737827837467194,0.14844536781311035,0.6780769228935242,0.7623054385185242,28,2359296,0.1076388888888889,-13.010040563962027,0.279712142257754,0.279712142257754
8,2359296,1.6314711083834088e-13,331042,2028254,0.14313893020153046,0.04759851470589638,0.5176107287406921,0.13481420278549194,0.11434803158044815,0.5227433443069458,0.7920868396759033,28,2359296,0.1403138902452257,-12.787420612700966,0.22261995126106093,0.22261995126106093
10,2359296,2.856789783033109e-13,491034,1868262,0.2616013288497925,0.0943283960223198,0.5981761813163757,0.20925207436084747,0.05453390255570412,0.2713519036769867,0.5269431471824646,28,2359296,0.2081273396809896,-12.544121716014756,0.24329889668621085,0.24329889668621085
12,2359296,4.767191958028605e-13,638936,1720360,0.5077781081199646,0.17866022884845734,0.668345034122467,0.2971808612346649,0.02877596579492092,0.14512094855308533,0.29162389039993286,28,2359296,0.2708163791232639,-12.321737360211804,0.22238435580295146,0.22238435580295146
14,2359296,7.165632562138036e-13,726448,1632848,0.6926544308662415,0.2520689070224762,0.6997787952423096,0.3738030791282654,0.02152528427541256,0.10709094256162643,0.21531066298484802,28,2359296,0.3079087999131944,-12.14474546526385,0.17699189494795498,0.17699189494795498
16,2359296,9.955214820903113e-13,802442,1556854,0.802631676197052,0.3119365870952606,0.7615134716033936,0.432819128036499,0.01723862998187542,0.08518746495246887,0.16938669979572296,28,2359296,0.34011925591362846,-12.001949364011638,0.14279610125221076,0.14279610125221076
18,2359296,1.3963467968697296e-12,860046,1499250,1.0201021432876587,0.3919133245944977,0.7951393127441406,0.48740020394325256,0.013949253596365452,0.06848703324794769,0.13507649302482605,28,2359296,0.36453501383463544,-11.85500670688312,0.14694265712851795,0.14694265712851795
20,2359296,1.9366530948361493e-12,912130,1447166,1.5135868787765503,0.4181535243988037,0.8421872854232788,0.5335474014282227,0.012588117271661758,0.06210189312696457,0.1247815489768982,28,2359296,0.38661109076605904,-11.712948165801839,0.14205854108128158,0.14205854108128158
22,2359296,2.549478423513607e-12,966832,1392464,1.0411763191223145,0.4729039669036865,0.988609254360199,0.5689402222633362,0.011279106140136719,0.05677511915564537,0.11435596644878387,28,2359296,0.4097968207465278,-11.593548659157825,0.11939950664401344,0.11939950664401344
24,2359296,3.3308139232857137e-12,965624,1393672,1.05416738986969,0.5312713980674744,0.9569578170776367,0.5933106541633606,0.010720528662204742,0.05331992730498314,0.10644101351499557,28,2359296,0.4092848036024306,-11.477449628595966,0.116099030561859,0.116099030561859
26,2359296,4.335994237270047e-12,995478,1363818,1.163306713104248,0.556572675704956,0.9319150447845459,0.6325809359550476,0.009082069620490074,0.04604622349143028,0.09405934065580368,28,2359296,0.42193857828776044,-11.362911303666044,0.11453832492992255,0.11453832492992255
28,2359296,5.565472561974705e-12,1010008,1349288,1.1464543342590332,0.5876443386077881,0.9169479608535767,0.6491590738296509,0.009749427437782288,0.048361994326114655,0.09727051854133606,28,2359296,0.4280971950954861,-11.254497953998692,0.10841334966735161,0.10841334966735161
30,2359296,6.924382508349813e-12,1013328,1345968,1.199463129043579,0.5976879596710205,0.900623619556427,0.6554567217826843,0.008856954984366894,0.04478313401341438,0.09244292229413986,28,2359296,0.42950439453125,-11.159618949364353,0.09487900463433974,0.09487900463433974
32,2359296,8.667080074464817e-12,1016926,1342370,1.461573839187622,0.6258769631385803,0.8844848871231079,0.6752935647964478,0.009950576350092888,0.04921596869826317,0.09841915220022202,28,2359296,0.43102942572699654,-11.062127191005361,0.09749175835899138,0.09749175835899138
34,2359296,1.0600681790706723e-11,1022218,1337078,1.2607755661010742,0.6488115787506104,0.9276289939880371,0.6934425830841064,0.008906123228371143,0.04445039853453636,0.09068808704614639,28,2359296,0.43327246771918404,-10.97466620186545,0.0874609891399114,0.0874609891399114
36,2359296,1.3267927555238312e-11,1030090,1329206,1.246497631072998,0.6508234143257141,0.9143331050872803,0.7162539958953857,0.008354609832167625,0.04207690432667732,0.0864613801240921,28,2359296,0.43660905626085067,-10.8771969084554,0.09746929341005028,0.09746929341005028
38,2359296,1.601677991625028e-11,1000820,1358476,1.2161681652069092,0.6658083200454712,0.8736841678619385,0.7120224237442017,0.010485401377081871,0.05246298015117645,0.10517475754022598,28,2359296,0.4242028130425347,-10.795424791945356,0.08177211651004335,0.08177211651004335
40,2359296,1.919073580602948e-11,1003476,1355820,1.2275993824005127,0.6748183369636536,0.8554511070251465,0.718486487865448,0.009522899053990841,0.047183990478515625,0.09435103833675385,28,2359296,0.4253285725911458,-10.716908373343106,0.07851641860225023,0.07851641860225023
42,2359296,2.3073964613984366e-11,1024330,1334966,1.2838548421859741,0.6784864068031311,0.8479129672050476,0.7249472737312317,0.00979078933596611,0.04892271012067795,0.09711811691522598,28,2359296,0.43416765001085067,-10.636877777735283,0.08003059560782333,0.08003059560782333
44,2359296,2.7422496565177035e-11,1018360,1340936,1.3512119054794312,0.6874082088470459,0.8463101387023926,0.7440850734710693,0.008994854055345058,0.04643740877509117,0.0926489606499672,28,2359296,0.4316372341579861,-10.561893009242954,0.07498476849232816,0.07498476849232816
46,2359296,3.212160051835333e-11,996704,1362592,1.4021722078323364,0.6957435607910156,0.8475987315177917,0.7473521828651428,0.010528703220188618,0.0545678585767746,0.10922801494598389,28,2359296,0.4224582248263889,-10.49320282332575,0.06869018591720355,0.06869018591720355
48,2359296,3.7924378915032975e-11,995864,1363432,1.353579044342041,0.6925024390220642,0.8653011918067932,0.7479591965675354,0.009873838163912296,0.05015845596790314,0.09886490553617477,28,2359296,0.4221021864149306,-10.421081522894104,0.07212130043164677,0.07212130043164677
50,2359296,4.3386089859653865e-11,987184,1372112,1.3792884349822998,0.7085562348365784,0.8666789531707764,0.7433966398239136,0.011263350956141949,0.05601387098431587,0.10865958034992218,28,2359296,0.4184231228298611,-10.362649488586987,0.058432034307116965,0.058432034307116965
52,2359296,5.008022121999467e-11,1001382,1357914,1.6193650960922241,0.6916121244430542,0.8870815634727478,0.7650070190429688,0.010536438785493374,0.052205853164196014,0.10173340886831284,28,2359296,0.42444101969401044,-10.300333761378882,0.06231572720810519,0.06231572720810519
54,2359296,5.811455483506478e-11,1017058,1342238,1.3599399328231812,0.7129708528518677,0.9550880789756775,0.7714576721191406,0.010297347791492939,0.05129697918891907,0.10406289994716644,28,2359296,0.43108537462022567,-10.235715084598873,0.06461867678000921,0.06461867678000921
56,2359296,6.504720373445849e-11,971830,1387466,1.9164233207702637,0.7201114296913147,0.9366669654846191,0.7694672346115112,0.012096765451133251,0.05657882243394852,0.10767417401075363,28,2359296,0.41191524929470485,-10.186771368261454,0.04894371633741912,0.04894371633741912
58,2359296,7.240284066734048e-11,948902,1410394,1.3465110063552856,0.7086595892906189,1.0210673809051514,0.7562313675880432,0.011094928719103336,0.0547063872218132,0.1071828231215477,28,2359296,0.40219709608289933,-10.140244394273168,0.04652697398828565,0.04652697398828565
60,2359296,8.267813517148781e-11,992166,1367130,1.3670976161956787,0.6894746422767639,1.0116926431655884,0.7784059643745422,0.011233000084757805,0.053456783294677734,0.10593993961811066,28,2359296,0.42053476969401044,-10.082609327568045,0.05763506670512264,0.05763506670512264
62,2359296,9.359601982339427e-11,1009158,1350138,1.332017421722412,0.7197402119636536,1.0127712488174438,0.7908533215522766,0.010598934255540371,0.05532136559486389,0.11160392314195633,28,2359296,0.42773691813151044,-10.028742619269268,0.053866708298777155,0.053866708298777155
64,2359296,1.0182909376821314e-10,967572,1391724,1.4392879009246826,0.730494499206543,0.9943826794624329,0.7841370105743408,0.012126228772103786,0.05851243808865547,0.11245673894882202,28,2359296,0.4101104736328125,-9.992128121235023,0.0366144980342451,0.0366144980342451
66,2359296,1.1128794413783893e-10,951186,1408110,1.2954498529434204,0.7121691703796387,0.9912647604942322,0.7764718532562256,0.012199507094919682,0.06099753826856613,0.11973263323307037,28,2359296,0.40316518147786456,-9.953551880391245,0.038576240843777754,0.038576240843777754
68,2359296,1.2263838555792717e-10,977636,1381660,1.2356371879577637,0.6974748969078064,0.9831855297088623,0.7913523316383362,0.011661805212497711,0.0581054724752903,0.11448842287063599,28,2359296,0.4143761528862847,-9.911373575276142,0.04217830511510279,0.04217830511510279
70,2359296,1.3427807477039977e-10,968778,1390518,1.3448740243911743,0.7288799285888672,0.9539185166358948,0.7849896550178528,0.011516571044921875,0.05752195417881012,0.1145525649189949,28,2359296,0.41062164306640625,-9.87199489413378,0.03937868114236309,0.03937868114236309
72,2359296,1.4791078084552822e-10,970340,1388956,1.2861175537109375,0.7076907753944397,0.9563923478126526,0.8017159700393677,0.012689366936683655,0.06182369217276573,0.1182781308889389,28,2359296,0.4112837049696181,-9.830000170214824,0.041994723918955756,0.041994723918955756
74,2359296,1.598551568893214e-10,975260,1384036,1.3180885314941406,0.7327190041542053,0.9582802057266235,0.8051204681396484,0.012426430359482765,0.06165945529937744,0.12199106067419052,28,2359296,0.4133690728081597,-9.796273348929665,0.03372682128515869,0.03372682128515869
76,2359296,1.7059442747324738e-10,950402,1408894,1.2683788537979126,0.7217093110084534,0.9544101357460022,0.8042999505996704,0.013032380491495132,0.06418652087450027,0.12186527252197266,28,2359296,0.40283287896050346,-9.768035159318234,0.028238189611430542,0.028238189611430542
78,2359296,1.8296379689086706e-10,959666,1399630,1.2418878078460693,0.7152708768844604,0.9509533047676086,0.8008257150650024,0.012776320800185204,0.06273745000362396,0.12514354288578033,28,2359296,0.40675947401258683,-9.737634835766622,0.030400323551612374,0.030400323551612374
80,2359296,1.9309465137951065e-10,954548,1404748,1.365260362625122,0.7182037830352783,0.9410312175750732,0.7935453653335571,0.012975774705410004,0.06416858732700348,0.1256668120622635,28,2359296,0.4045901828342014,-9.71422975578319,0.023405079983431776,0.023405079983431776
82,2359296,2.088612893746955e-10,958568,1400728,1.1990349292755127,0.7080144286155701,0.9486480951309204,0.805119514465332,0.01343670953065157,0.0678720772266388,0.13553133606910706,28,2359296,0.4062940809461806,-9.680142045270175,0.03408771051301507,0.03408771051301507
84,2359296,2.243879110297442e-10,979678,1379618,1.2506927251815796,0.7256178259849548,0.9489710330963135,0.8230075240135193,0.012955277226865292,0.06296150386333466,0.12084684520959854,28,2359296,0.41524166531032985,-9.64900054453931,0.031141500730864635,0.031141500730864635
86,2359296,2.373140572942134e-10,969746,1389550,1.3092327117919922,0.7332183718681335,0.9516899585723877,0.8254731297492981,0.013335450552403927,0.0698605626821518,0.1356932520866394,28,2359296,0.41103193495008683,-9.62467653559434,0.024324008944971,0.024324008944971
88,2359296,2.4513879814946904e-10,937604,1421692,1.2509369850158691,0.7327899932861328,0.9555956721305847,0.8129352331161499,0.014051775448024273,0.06887129694223404,0.13298791646957397,28,2359296,0.3974083794487847,-9.610587947463792,0.014088588130547919,0.014088588130547919
90,2359296,2.578491309357389e-10,932600,1426696,1.1219274997711182,0.7140106558799744,0.9404497146606445,0.8051059246063232,0.01460218708962202,0.07175745069980621,0.13725927472114563,28,2359296,0.3952874077690972,-9.588634328017006,0.02195361944678531,0.02195361944678531
92,2359296,2.7268837188287876e-10,974256,1385040,1.1309449672698975,0.7001332640647888,0.9351593255996704,0.8286564946174622,0.014049694873392582,0.07019304484128952,0.13724933564662933,28,2359296,0.4129435221354167,-9.564333381071103,0.024300946945903235,0.024300946945903235
94,2359296,2.845325364209117e-10,972328,1386968,1.2494251728057861,0.7396962642669678,0.9235548973083496,0.8295677900314331,0.014509507454931736,0.07149850577116013,0.1413411945104599,28,2359296,0.4121263292100694,-9.545868064663905,0.018465316407198173,0.018465316407198173
96,2359296,2.9618651975482635e-10,957998,1401298,1.185927152633667,0.7231072783470154,0.9282923936843872,0.827232837677002,0.01440190989524126,0.07222562283277512,0.14426440000534058,28,2359296,0.40605248345269096,-9.528434711275027,0.017433353388877748,0.017433353388877748
98,2359296,3.065993015027857e-10,956412,1402884,1.1665738821029663,0.731049656867981,0.9233980178833008,0.8240923285484314,0.01565747894346714,0.07483595609664917,0.14735281467437744,28,2359296,0.4053802490234375,-9.51342883889401,0.015005872381017582,0.015005872381017582
0,2359296,7.472246198596028e-16,921854,1437442,0.036256492137908936,0.0007466666866093874,0.03478981554508209,0.0007466666866093874,0.780901312828064,0.9047669172286987,0.9408376812934875,29,2359296,0.39073265923394096,-15.126548827231627,,
2,2359296,1.1627925998371896e-14,491208,1868088,0.2155475616455078,0.009848042391240597,0.09701503813266754,0.011494271457195282,0.515500545501709,0.7585340738296509,0.8261123895645142,29,2359296,0.20820109049479166,-13.934497740799184,1.1920510864324427,1.1920510864324427
4,2359296,1.8098315814757404e-14,270542,2088754,0.07643633335828781,0.011405136436223984,0.1649128943681717,0.017694806680083275,0.4462634325027466,0.814302384853363,0.8838923573493958,29,2359296,0.11467064751519097,-13.742361837638493,0.1921359031606915,0.1921359031606915
6,2359296,3.7829582402813117e-14,267550,2091746,0.0697624608874321,0.015151803381741047,0.22237750887870789,0.035879869014024734,0.3254756033420563,0.790715754032135,0.8735712766647339,29,2359296,0.11340247260199653,-13.422168452816559,0.32019338482193405,0.32019338482193405
8,2359296,7.203404675049443e-14,388670,1970626,0.08646518737077713,0.02902250364422798,0.2610650360584259,0.06497088819742203,0.17354826629161835,0.7385880351066589,0.8310495018959045,29,2359296,0.1647398206922743,-13.142462186611034,0.2797062662055243,0.2797062662055243
10,2359296,1.387191956355588e-13,558790,1800506,0.17376571893692017,0.059312429279088974,0.31744635105133057,0.11585822701454163,0.08528248220682144,0.4182411730289459,0.7632312178611755,29,2359296,0.23684607611762154,-12.857863438120829,0.2845987484902057,0.2845987484902057
12,2359296,2.62741895297805e-13,708810,1650486,0.34328150749206543,0.13080914318561554,0.38043537735939026,0.19521188735961914,0.037371087819337845,0.18799397349357605,0.3896290957927704,29,2359296,0.30043284098307294,-12.580470671614574,0.2773927665062548,0.2773927665062548
14,2359296,4.346622074855727e-13,776668,1582628,0.3727036118507385,0.1800365298986435,0.4253738522529602,0.276504248380661,0.02912956289947033,0.1440589725971222,0.2912415564060211,29,2359296,0.3291948106553819,-12.36184811870952,0.21862255290505317,0.21862255290505317
16,2359296,6.336989852133434e-13,868616,1490680,0.5767487287521362,0.25659337639808655,0.476174920797348,0.3490338623523712,0.019375650212168694,0.09757591038942337,0.19794592261314392,29,2359296,0.3681674533420139,-12.198116988340436,0.1637311303690847,0.1637311303690847
18,2359296,9.682316797279822e-13,895428,1463868,0.8230467438697815,0.35207679867744446,0.518017053604126,0.42883095145225525,0.013960921205580235,0.06851695477962494,0.13825678825378418,29,2359296,0.3795318603515625,-12.014020711711687,0.1840962766287486,0.1840962766287486
20,2359296,1.3990903704672042e-12,941740,1417556,1.0476545095443726,0.3650021255016327,0.5860702991485596,0.507169783115387,0.0124928317964077,0.06451355665922165,0.13364197313785553,29,2359296,0.3991614447699653,-11.854154232521992,0.1598664791896951,0.1598664791896951
22,2359296,2.0176848473246745e-12,945728,1413568,1.0717518329620361,0.4801928400993347,0.6557842493057251,0.556850790977478,0.011551947332918644,0.05725007876753807,0.11271951347589493,29,2359296,0.4008517795138889,-11.695146667512606,0.15900756500938584,0.15900756500938584
24,2359296,2.7331585345652387e-12,937716,1421580,1.1459017992019653,0.491403192281723,0.681276798248291,0.5995593070983887,0.010915884748101234,0.05515529215335846,0.11208724230527878,29,2359296,0.3974558512369792,-11.56333517669006,0.13181149082254606,0.13181149082254606
26,2359296,3.871216281564616e-12,1002036,1357260,1.3597064018249512,0.5608751773834229,0.7283486723899841,0.6648246049880981,0.009441777132451534,0.04734061658382416,0.09436288475990295,29,2359296,0.4247182210286458,-11.412152564339502,0.1511826123505582,0.1511826123505582
28,2359296,4.950156604066613e-12,974812,1384484,1.5512609481811523,0.5876915454864502,0.7765718102455139,0.6835126876831055,0.009248963557183743,0.04630431532859802,0.0936519056558609,29,2359296,0.4131791856553819,-11.305381061428827,0.10677150291067505,0.10677150291067505
30,2359296,6.583936087295461e-12,965896,1393400,2.5371599197387695,0.5834547281265259,0.818540632724762,0.7069461941719055,0.009814721532166004,0.049137797206640244,0.10173973441123962,29,2359296,0.4094000922309028,-11.181514393632607,0.12386666779621969,0.12386666779621969
32,2359296,8.502316906078278e-12,975846,1383450,1.5553385019302368,0.6594001054763794,1.0429579019546509,0.7356570959091187,0.00844293087720871,0.042735226452350616,0.0875302106142044,29,2359296,0.41361745198567706,-11.070462711648819,0.11105168198378834,0.11105168198378834
34,2359296,1.1084964543495168e-11,968810,1390486,1.4226417541503906,0.6353543400764465,1.006248116493225,0.7477508187294006,0.008619853295385838,0.04248201474547386,0.08462443947792053,29,2359296,0.41063520643446183,-10.955265691686979,0.1151970199618404,0.1151970199618404
36,2359296,1.3807328544390707e-11,957738,1401558,1.3932462930679321,0.6653515696525574,0.9530269503593445,0.7515196800231934,0.011686911806464195,0.05867993086576462,0.11549504846334457,29,2359296,0.40594228108723956,-10.859890341020261,0.09537535066671765,0.09537535066671765
38,2359296,1.679751476801883e-11,975640,1383656,2.466909170150757,0.6708298921585083,0.9419119954109192,0.7764900922775269,0.009469681419432163,0.04788343980908394,0.09570128470659256,29,2359296,0.4135301378038194,-10.774754968415559,0.08513537260470194,0.08513537260470194
40,2359296,2.1098471927882834e-11,973006,1386290,1.4843084812164307,0.682610034942627,1.0977221727371216,0.7948282361030579,0.008567264303565025,0.04448482394218445,0.08975792676210403,29,2359296,0.41241370307074654,-10.675748997655857,0.09900597075970197,0.09900597075970197
42,2359296,2.5864390490459854e-11,947286,1412010,1.3788076639175415,0.686867892742157,1.0281296968460083,0.7911906242370605,0.01053958386182785,0.053283803164958954,0.10295412689447403,29,2359296,0.40151214599609375,-10.587297751538637,0.08845124611722,0.08845124611722
44,2359296,3.102283707701048e-11,940690,1418606,2.162571430206299,0.7074292898178101,0.9717716574668884,0.7866223454475403,0.012243140488862991,0.060075052082538605,0.1162242591381073,29,2359296,0.39871639675564235,-10.508318487936053,0.07897926360258367,0.07897926360258367
46,2359296,3.657957617364538e-11,950644,1408652,1.5414682626724243,0.693647027015686,1.086219310760498,0.7982577681541443,0.010494991205632687,0.05015337094664574,0.0974854975938797,29,2359296,0.4029354519314236,-10.436761330748979,0.07155715718707434,0.07155715718707434
48,2359296,4.2654806770014986e-11,944746,1414550,1.437476396560669,0.7061468958854675,1.0472966432571411,0.8037405610084534,0.012083670124411583,0.060379188507795334,0.11895471811294556,29,2359296,0.40043555365668404,-10.370032021095152,0.06672930965382662,0.06672930965382662
50,2359296,5.1079574597823196e-11,951080,1408216,1.4607269763946533,0.6999150514602661,1.0093363523483276,0.8264375329017639,0.00965533871203661,0.045651257038116455,0.08580560982227325,29,2359296,0.4031202528211806,-10.29175272829561,0.07827929279954304,0.07827929279954304
52,2359296,5.98279897845444e-11,955644,1403652,1.5419387817382812,0.7181776165962219,0.992499589920044,0.8314893245697021,0.011613111943006516,0.06031116470694542,0.11350775510072708,29,2359296,0.4050547281901042,-10.223095589171098,0.06865713912451099,0.06865713912451099
54,2359296,6.703939486873978e-11,925842,1433454,1.3826066255569458,0.712005078792572,0.9921865463256836,0.8085877299308777,0.012582060880959034,0.060207899659872055,0.11660953611135483,29,2359296,0.39242299397786456,-10.17366991452028,0.04942567465081815,0.04942567465081815
56,2359296,7.575253618830047e-11,899344,1459952,1.4459010362625122,0.7212773561477661,0.9445706605911255,0.8089637756347656,0.011518396437168121,0.05859271064400673,0.11427552253007889,29,2359296,0.3811916775173611,-10.1206028224409,0.053067092079380984,0.053067092079380984
58,2359296,8.797321898734722e-11,927236,1432060,1.9248545169830322,0.6710618138313293,0.9350428581237793,0.8238111734390259,0.01041913777589798,0.051064666360616684,0.09706374257802963,29,2359296,0.3930138481987847,-10.055649516670057,0.06495330577084246,0.06495330577084246
60,2359296,1.0009829770618595e-10,954474,1404822,1.3157683610916138,0.7278498411178589,1.0314375162124634,0.8409172296524048,0.011857839301228523,0.06046680733561516,0.12041815370321274,29,2359296,0.40455881754557294,-9.999573308166,0.05607620850405759,0.05607620850405759
62,2359296,1.1013773920653946e-10,933092,1426204,1.3671990633010864,0.734170138835907,1.006731390953064,0.8414837718009949,0.012067406438291073,0.057062968611717224,0.10786288976669312,29,2359296,0.3954959445529514,-9.958063842510645,0.04150946565535385,0.04150946565535385
64,2359296,1.2190010112433924e-10,903219,1456077,1.4381146430969238,0.719808042049408,0.9646546244621277,0.8350443840026855,0.012472058646380901,0.062100112438201904,0.11822492629289627,29,2359296,0.38283411661783856,-9.913995934104962,0.0440679084056832,0.0440679084056832
66,2359296,1.364960505734203e-10,907721,1451575,1.2940757274627686,0.6827040910720825,0.9523423910140991,0.8469904065132141,0.012391473166644573,0.0631008893251419,0.12034865468740463,29,2359296,0.3847423129611545,-9.86487991447659,0.04911601962837153,0.04911601962837153
68,2359296,1.4993996322321124e-10,918398,1440898,1.312874436378479,0.735688328742981,0.9370739459991455,0.8444127440452576,0.013531169854104519,0.06329172849655151,0.12278880923986435,29,2359296,0.38926781548394096,-9.824082600012238,0.04079731446435275,0.04079731446435275
70,2359296,1.6720413942294954e-10,919468,1439828,1.2684348821640015,0.7048380970954895,0.9224539399147034,0.8434728980064392,0.010947635397315025,0.05429879203438759,0.10762419551610947,29,2359296,0.3897213406032986,-9.776752975065111,0.04732962494712645,0.04732962494712645
72,2359296,1.79049566839673e-10,914118,1445178,1.272843599319458,0.7357833981513977,0.9072537422180176,0.8456881046295166,0.013665632344782352,0.06842771172523499,0.1343458890914917,29,2359296,0.38745371500651044,-9.747026725304787,0.029726249760324563,0.029726249760324563
74,2359296,1.9518009430896655e-10,906718,1452578,1.2353928089141846,0.7208753228187561,0.8985652327537537,0.8611352443695068,0.014191843569278717,0.06333722174167633,0.11635591089725494,29,2359296,0.38431718614366317,-9.70956447648793,0.03746224881685656,0.03746224881685656
76,2359296,2.0979606940585427e-10,915304,1443992,1.2918287515640259,0.7189262509346008,0.888727068901062,0.8596258759498596,0.012525893747806549,0.06230935454368591,0.12815742194652557,29,2359296,0.3879564073350694,-9.678202652707471,0.031361823780459375,0.031361823780459375
78,2359296,2.2172008673493337e-10,881760,1477536,1.432804822921753,0.7227736115455627,0.8719353675842285,0.8421904444694519,0.013904009945690632,0.0627608448266983,0.12186989933252335,29,2359296,0.3737386067708333,-9.65419496018739,0.024007692520081392,0.024007692520081392
80,2359296,2.423148626196081e-10,898076,1461220,1.1038721799850464,0.7028476595878601,0.8844947814941406,0.859788179397583,0.015644555911421776,0.0753432884812355,0.14630499482154846,29,2359296,0.3806542290581597,-9.6156199471678,0.038575013019588766,0.038575013019588766
82,2359296,2.6356178350894766e-10,946446,1412850,1.1928048133850098,0.7210738658905029,0.8825809955596924,0.8757349252700806,0.012128531001508236,0.06183342635631561,0.11986209452152252,29,2359296,0.40115610758463544,-9.579117562266276,0.036502384901524465,0.036502384901524465
84,2359296,2.7683441650161456e-10,903636,1455660,1.3022767305374146,0.7476211190223694,0.8606717586517334,0.8652740716934204,0.014132902957499027,0.07176119834184647,0.13665568828582764,29,2359296,0.3830108642578125,-9.557779918667636,0.0213376435986401,0.0213376435986401
86,2359296,2.896823336762111e-10,876000,1483296,1.6557201147079468,0.7240808606147766,0.8613781332969666,0.8598132133483887,0.01549086719751358,0.07222716510295868,0.13616780936717987,29,2359296,0.3712972005208333,-9.538077989507606,0.019701929160030218,0.019701929160030218
88,2359296,3.038604645677623e-10,895086,1464210,1.184543251991272,0.7175896167755127,0.9308724403381348,0.8623905181884766,0.014590777456760406,0.0739280954003334,0.1446542590856552,29,2359296,0.37938690185546875,-9.517325802509763,0.02075218699784287,0.02075218699784287
90,2359296,3.241648338647707e-10,927877,1431419,1.2135353088378906,0.6805086135864258,0.9229485392570496,0.8824654817581177,0.01386713981628418,0.06987671554088593,0.1375688761472702,29,2359296,0.39328553941514754,-9.489234100181044,0.028091702328719492,0.028091702328719492
92,2359296,3.384071634027208e-10,919977,1439319,1.318806529045105,0.7557008266448975,0.9211905598640442,0.8784360885620117,0.014405795373022556,0.07366162538528442,0.14313292503356934,29,2359296,0.3899370829264323,-9.470560452390266,0.01867364779077718,0.01867364779077718
94,2359296,3.5397296205275097e-10,892150,1467146,1.1185749769210815,0.7133452296257019,0.9197636246681213,0.8760508894920349,0.015537746250629425,0.07418147474527359,0.14272935688495636,29,2359296,0.37814246283637154,-9.451029909950904,0.019530542439362364,0.019530542439362364
96,2359296,3.693120809167283e-10,889418,1469878,1.137748122215271,0.7310925722122192,0.884534478187561,0.8656646013259888,0.016536656767129898,0.07992080599069595,0.1548181027173996,29,2359296,0.37698449028862846,-9.432606485499154,0.018423424451750492,0.018423424451750492
98,2359296,3.842546281163095e-10,897428,1461868,1.1761499643325806,0.7220040559768677,0.8759229779243469,0.8779868483543396,0.015200105495750904,0.07252837717533112,0.13719429075717926,29,2359296,0.3803795708550347,-9.415380892980409,0.017225592518745003,0.017225592518745003
0,589824,7.916868827444624e-15,148320,441504,0.03773381933569908,0.0069696297869086266,0.11402527242898941,0.00765901617705822,0.7278249859809875,0.9144687652587891,0.9587446451187134,30,589824,0.25146484375,-14.101446550713808,,
2,589824,5.370307131391701e-14,170662,419162,0.11541616916656494,0.032472409307956696,0.31208696961402893,0.04510728642344475,0.14132612943649292,0.7206115126609802,0.81215500831604,30,589824,0.2893439398871528,-13.270000876003543,0.831445674710265,0.831445674710265
4,589824,4.937945939729321e-14,83066,506758,0.036273736506700516,0.02137438952922821,0.4129771292209625,0.043734077364206314,0.24174752831459045,0.8502275347709656,0.9298750758171082,30,589824,0.1408318413628472,-13.306453669002256,-0.036452792998712624,0.036452792998712624
6,589824,9.40252650044604e-14,85814,504010,0.06586144119501114,0.026858339086174965,0.600193977355957,0.07655047625303268,0.19408254325389862,0.7526510953903198,0.8483347296714783,30,589824,0.14549085828993055,-13.026755433871395,0.27969823513086034,0.27969823513086034
8,589824,1.689206093795706e-13,146598,443226,0.1464434564113617,0.05755531042814255,0.6898123621940613,0.1261274814605713,0.0862903967499733,0.43412595987319946,0.7502012252807617,30,589824,0.24854532877604166,-12.772317360530888,0.2544380733405074,0.2544380733405074
10,589824,3.2525829360592617e-13,208620,381204,0.45321208238601685,0.13647128641605377,0.8232471942901611,0.21383555233478546,0.0341721773147583,0.1734253615140915,0.36749112606048584,30,589824,0.35369873046875,-12.487771620757561,0.28454573977332664,0.28454573977332664
12,589824,6.820715325005222e-13,241454,348370,1.049796462059021,0.2745860815048218,0.9320395588874817,0.3564259707927704,0.015506058931350708,0.07897156476974487,0.16205157339572906,30,589824,0.4093661838107639,-12.166170076162937,0.32160154459462476,0.32160154459462476
14,589824,1.2935997759089268e-12,247076,342748,1.994208574295044,0.38222014904022217,0.9695949554443359,0.49038177728652954,0.011381113901734352,0.05783240869641304,0.11809726804494858,30,589824,0.4188978407118056,-11.888200068334745,0.27797000782819126,0.27797000782819126
16,589824,2.6994895034604394e-12,251016,338808,2.3633720874786377,0.5461722612380981,1.0444080829620361,0.6389501094818115,0.007601108867675066,0.03880230709910393,0.07686761021614075,30,589824,0.4255777994791667,-11.568718356875115,0.31948171145963045,0.31948171145963045
18,589824,5.109500062633332e-12,247680,342144,2.4642505645751953,0.5838055610656738,1.0678635835647583,0.7138223648071289,0.008393894881010056,0.041674740612506866,0.08350290358066559,30,589824,0.419921875,-11.291621591188441,0.2770967656866734,0.2770967656866734
20,589824,9.243065514363824e-12,247128,342696,2.0662505626678467,0.6863585710525513,1.0695081949234009,0.7542312145233154,0.007263442501425743,0.035791169852018356,0.07181703299283981,30,589824,0.4189860026041667,-11.034183968695967,0.2574376224924748,0.2574376224924748
22,589824,1.5921460330692305e-11,254992,334832,1.8543777465820312,0.6565632224082947,0.9980427622795105,0.7864704132080078,0.00775318406522274,0.0381423719227314,0.07723771780729294,30,589824,0.4323187934027778,-10.798017100890108,0.23616686780585816,0.23616686780585816
24,589824,2.6008918976860862e-11,257534,332290,1.7657618522644043,0.7245563268661499,0.9329373836517334,0.79648357629776,0.00783585850149393,0.03887253999710083,0.07819550484418869,30,589824,0.4366285536024306,-10.584877698251674,0.21313940263843456,0.21313940263843456
26,589824,3.840399179222409e-11,254146,335678,1.8346664905548096,0.7007613182067871,0.8978081941604614,0.7702128291130066,0.008042620494961739,0.03972126170992851,0.07978878170251846,30,589824,0.4308844672309028,-10.415623631798224,0.16925406645344943,0.16925406645344943
28,589824,5.891518523037931e-11,259096,330728,1.5880589485168457,0.7184353470802307,0.8751227855682373,0.7855221033096313,0.008016332983970642,0.04069148004055023,0.08285731822252274,30,589824,0.4392768012152778,-10.229772752551044,0.18585087924718025,0.18585087924718025
30,589824,8.503166226692116e-11,261034,328790,1.630807638168335,0.7056255340576172,0.8535614013671875,0.799715518951416,0.008680861443281174,0.04294842854142189,0.08551759272813797,30,589824,0.4425625271267361,-10.070419330904691,0.1593534216463528,0.1593534216463528
32,589824,1.1658654597290763e-10,256294,333530,1.6037009954452515,0.7479069828987122,0.839564859867096,0.7698378562927246,0.008958461694419384,0.04609550163149834,0.09172669053077698,30,589824,0.4345262315538194,-9.93335156404401,0.13706776686068167,0.13706776686068167
34,589824,1.558961432168715e-10,255488,334336,1.5686184167861938,0.714661717414856,0.837605357170105,0.7612062096595764,0.009295935742557049,0.04494144767522812,0.0874757319688797,30,589824,0.4331597222222222,-9.807164628880109,0.12618693516390067,0.12618693516390067
36,589824,2.1484793111259393e-10,262874,326950,1.3482626676559448,0.7067106366157532,0.8332810401916504,0.7789069414138794,0.008779872208833694,0.045112866908311844,0.09011542052030563,30,589824,0.4456821017795139,-9.667868824017361,0.13929580486274773,0.13929580486274773
38,589824,2.752356675905787e-10,263768,326056,1.5196757316589355,0.7300944328308105,0.8220095634460449,0.7690848112106323,0.009925388731062412,0.051651451736688614,0.10392845422029495,30,589824,0.4471978081597222,-9.560295286882589,0.10757353713477258,0.10757353713477258
40,589824,3.503816126126935e-10,255834,333990,1.4266144037246704,0.7398633360862732,0.8183167576789856,0.7668938040733337,0.009822775609791279,0.05046631768345833,0.09836847335100174,30,589824,0.433746337890625,-9.455458692887444,0.10483659399514522,0.10483659399514522
42,589824,4.3651940395683653e-10,253872,335952,1.3475052118301392,0.7075657248497009,0.8106738924980164,0.7602103352546692,0.009938078932464123,0.05020640417933464,0.09965652227401733,30,589824,0.430419921875,-9.359996446473689,0.09546224641375467,0.09546224641375467
44,589824,5.463273167194416e-10,259896,329928,1.3210278749465942,0.7261512875556946,0.7939060926437378,0.7285524010658264,0.009946285746991634,0.05063948407769203,0.09735817462205887,30,589824,0.4406331380208333,-9.26254708393733,0.09744936253635927,0.09744936253635927
46,589824,6.812979069792391e-10,268162,321662,1.3885626792907715,0.7138687968254089,0.8143436908721924,0.772193968296051,0.010262452997267246,0.05235641077160835,0.10171463340520859,30,589824,0.4546474880642361,-9.166662945258112,0.0958841386792173,0.0958841386792173
48,589824,8.112568394835762e-10,261998,327826,1.3750367164611816,0.7528506517410278,0.8246039748191833,0.767492949962616,0.011885587126016617,0.059718016535043716,0.1119474247097969,30,589824,0.4441969129774306,-9.090841628758655,0.07582131649945723,0.07582131649945723
50,589824,9.41330458026357e-10,249562,340262,1.31121027469635,0.7267550230026245,0.8195281624794006,0.7499946355819702,0.011608337983489037,0.05592598393559456,0.10316875576972961,30,589824,0.4231126573350694,-9.026257888896405,0.06458373986225041,0.06458373986225041
52,589824,1.1442808922623726e-09,256688,333136,1.1327146291732788,0.6933494806289673,0.7972350120544434,0.737133800983429,0.012345727533102036,0.0609845407307148,0.11605139076709747,30,589824,0.4351942274305556,-8.94146735405209,0.08479053484431454,0.08479053484431454
54,589824,1.3371035390008501e-09,262100,327724,1.2610557079315186,0.7254993319511414,0.7826787829399109,0.759410560131073,0.013067531399428844,0.060976725071668625,0.10865699499845505,30,589824,0.4443698459201389,-8.873834961716556,0.06763239233553442,0.06763239233553442
56,589824,1.5841005174266343e-09,262862,326962,1.1493659019470215,0.7322381734848022,0.7883774042129517,0.7571102380752563,0.009997641667723656,0.05499083176255226,0.1110430583357811,30,589824,0.4456617567274306,-8.800217264174128,0.07361769754242786,0.07361769754242786
58,589824,1.8068714302543754e-09,262582,327242,1.2389003038406372,0.7362615466117859,0.7882506251335144,0.7575109004974365,0.013013077899813652,0.06318788230419159,0.11864103376865387,30,589824,0.4451870388454861,-8.743072748998333,0.05714451517579455,0.05714451517579455
60,589824,2.03150540833974e-09,254434,335390,1.2183030843734741,0.7319046854972839,0.7780643105506897,0.7553651928901672,0.011826248839497566,0.059944815933704376,0.11673753708600998,30,589824,0.4313727484809028,-8.692182017143143,0.05089073185519055,0.05089073185519055
62,589824,2.2692441259408724e-09,252406,337418,1.1618949174880981,0.7114236354827881,0.7776579260826111,0.7422133684158325,0.012428388930857182,0.05872680991888046,0.11051638424396515,30,589824,0.4279344346788194,-8.64411878007547,0.048063237067673015,0.048063237067673015
64,589824,2.5980433360217603e-09,258136,331688,1.0892760753631592,0.7055564522743225,0.7601432204246521,0.7333866357803345,0.012059533968567848,0.058263856917619705,0.10714506357908249,30,589824,0.4376491970486111,-8.58535360906047,0.05876517101500056,0.05876517101500056
66,589824,2.9552187363890425e-09,263912,325912,1.146297574043274,0.7235753536224365,0.7622993588447571,0.7568280696868896,0.013803843408823013,0.06820455193519592,0.1227833554148674,30,589824,0.4474419487847222,-8.52941036842367,0.055943240636798564,0.055943240636798564
68,589824,3.284688299132199e-09,261112,328712,1.1824557781219482,0.7494606375694275,0.7617125511169434,0.755448043346405,0.013917400501668453,0.06246745213866234,0.11626429110765457,30,589824,0.4426947699652778,-8.483505836572895,0.04590453185077514,0.04590453185077514
70,589824,3.625817868169179e-09,257154,332670,1.1114658117294312,0.7262658476829529,0.7784545421600342,0.7835468649864197,0.012786113657057285,0.0648094192147255,0.11948482692241669,30,589824,0.4359842936197917,-8.440594015142803,0.04291182143009209,0.04291182143009209
72,589824,3.910988422006767e-09,252546,337278,1.1217542886734009,0.733556866645813,0.7550380825996399,0.7301039695739746,0.013692555949091911,0.06843505799770355,0.13035646080970764,30,589824,0.4281717936197917,-8.40771346972059,0.03288054542221275,0.03288054542221275
74,589824,4.248561058517453e-09,252466,337358,1.0774223804473877,0.715476930141449,0.7519561648368835,0.7225104570388794,0.012575951404869556,0.061746928840875626,0.11580173671245575,30,589824,0.4280361599392361,-8.371758135869984,0.03595533385060712,0.03595533385060712
76,589824,4.709690859527882e-09,262010,327814,1.0124198198318481,0.7045900225639343,0.7420852184295654,0.7387259602546692,0.015174993313848972,0.06956986337900162,0.12811343371868134,30,589824,0.4442172580295139,-8.327007598690079,0.044750537179904626,0.044750537179904626
78,589824,5.183581119894143e-09,266824,323000,1.0689176321029663,0.725546658039093,0.7493435740470886,0.7730270028114319,0.01364195067435503,0.06501663476228714,0.1205063983798027,30,589824,0.4523790147569444,-8.285370100630642,0.04163749805943695,0.04163749805943695
80,589824,5.561357152572555e-09,261546,328278,1.1372191905975342,0.7470353245735168,0.7452265024185181,0.7704584002494812,0.015683665871620178,0.07285907864570618,0.1350584626197815,30,589824,0.4434305826822917,-8.254819213462794,0.030550887167848373,0.030550887167848373
82,589824,5.887661913561715e-09,252516,337308,1.0865576267242432,0.7312514185905457,0.7522867918014526,0.7647679448127747,0.016105908900499344,0.06759175658226013,0.12584549188613892,30,589824,0.4281209309895833,-8.230057136389672,0.024762077073122057,0.024762077073122057
84,589824,6.312887990134186e-09,254102,335722,0.9726502895355225,0.711967408657074,0.7419909238815308,0.741348385810852,0.015674808993935585,0.07265586405992508,0.13824763894081116,30,589824,0.4308098687065972,-8.199771916311517,0.03028522007815404,0.03028522007815404
86,589824,6.704235833154826e-09,256870,332954,1.0476583242416382,0.732006311416626,0.7316228151321411,0.7361006736755371,0.014976447448134422,0.07350800186395645,0.13251450657844543,30,589824,0.4355027940538194,-8.173650717045389,0.02612119926612877,0.02612119926612877
88,589824,7.0417134345746035e-09,253864,335960,1.0103609561920166,0.7314650416374207,0.7134736180305481,0.7206434607505798,0.013905082829296589,0.07162496447563171,0.13477689027786255,30,589824,0.4304063585069444,-8.152321652698847,0.021329064346542026,0.021329064346542026
90,589824,7.46778461291342e-09,256452,333372,1.0176725387573242,0.7174190282821655,0.7119125723838806,0.7407553791999817,0.015336203388869762,0.0726451724767685,0.13418886065483093,30,589824,0.4347941080729167,-8.126808216536046,0.025513436162800218,0.025513436162800218
92,589824,8.085914160460561e-09,269276,320548,0.973598301410675,0.7142141461372375,0.7209137082099915,0.7324811816215515,0.014123055152595043,0.07462603598833084,0.14950458705425262,30,589824,0.4565361870659722,-8.09227087341988,0.03453734311616685,0.03453734311616685
94,589824,8.463244327572284e-09,269600,320224,1.1444157361984253,0.7493039965629578,0.7375102639198303,0.7737659811973572,0.01612388715147972,0.07212907820940018,0.13678783178329468,30,589824,0.4570855034722222,-8.072463121185146,0.0198077522347333,0.0198077522347333
96,589824,8.691682928940736e-09,255166,334658,1.0399739742279053,0.7420240640640259,0.745351254940033,0.7774012684822083,0.01713002473115921,0.08112365752458572,0.14817804098129272,30,589824,0.4326137966579861,-8.060896125048597,0.011566996136549434,0.011566996136549434
98,589824,8.8832425859664e-09,247962,341862,1.00449800491333,0.7302915453910828,0.7379449009895325,0.7589330077171326,0.015893563628196716,0.07236592471599579,0.13803324103355408,30,589824,0.4203999837239583,-8.051428477899137,0.009467647149460134,0.009467647149460134
0,589824,2.595305901068566e-14,143542,446282,0.06409060209989548,0.021937359124422073,0.07760079205036163,0.02457880787551403,0.2092488557100296,0.8070181608200073,0.8938220143318176,31,589824,0.24336412217881945,-13.585811445786085,,
2,589824,1.838567004804753e-13,180188,409636,0.3456510901451111,0.10026409476995468,0.2188258320093155,0.13529394567012787,0.04535263031721115,0.22939929366111755,0.4983184039592743,31,589824,0.3054945203993056,-12.735520538062346,0.850290907723739,0.850290907723739
4,589824,1.6493809085454253e-13,85170,504654,0.113158218562603,0.0636134073138237,0.2778884172439575,0.13067743182182312,0.08922155946493149,0.3959023356437683,0.7783609628677368,31,589824,0.14439900716145834,-12.78267903666834,-0.047158498605993415,0.047158498605993415
6,589824,2.7267950267542695e-13,68196,521628,0.10315626859664917,0.05217834934592247,0.3510792851448059,0.18630467355251312,0.10471288859844208,0.4814651906490326,0.7831544280052185,31,589824,0.11562093098958333,-12.564347506757763,0.2183315299105768,0.2183315299105768
8,589824,3.905089142677842e-13,102158,487666,0.10092414915561676,0.07222042232751846,0.3911294639110565,0.23494179546833038,0.07560837268829346,0.3541768789291382,0.6624346375465393,31,589824,0.17320081922743055,-12.408369047899045,0.15597845885871742,0.15597845885871742
10,589824,5.510825086194049e-13,143176,446648,0.17077142000198364,0.1438683569431305,0.4297153949737549,0.2889733612537384,0.04120802506804466,0.19787535071372986,0.376801997423172,31,589824,0.2427435980902778,-12.258783373279787,0.1495856746192583,0.1495856746192583
12,589824,7.358293661885451e-13,169754,420070,0.2504798173904419,0.21532173454761505,0.4677135646343231,0.3322063386440277,0.03059721551835537,0.1427418440580368,0.2653663456439972,31,589824,0.2878044976128472,-12.133222883915675,0.12556048936411202,0.12556048936411202
14,589824,9.208567068597073e-13,188620,401204,0.2883007228374481,0.2497340887784958,0.4851475954055786,0.36122503876686096,0.02670978754758835,0.12716573476791382,0.24076980352401733,31,589824,0.3197903103298611,-12.035807944463023,0.09741493945265134,0.09741493945265134
16,589824,1.1208945013482796e-12,206506,383318,0.32524994015693665,0.28730344772338867,0.49886396527290344,0.3836498260498047,0.02218337543308735,0.1065731793642044,0.202652707695961,31,589824,0.3501146104600694,-11.9504352613019,0.08537268316112367,0.08537268316112367
18,589824,1.3454387343819763e-12,220532,369292,0.3829440474510193,0.33201760053634644,0.5135498046875,0.3984996974468231,0.018546059727668762,0.09093011170625687,0.1732129454612732,31,589824,0.3738945855034722,-11.871136073393071,0.07929918790882873,0.07929918790882873
20,589824,1.579830450487707e-12,230610,359214,0.42458418011665344,0.36812007427215576,0.5398629903793335,0.4165270924568176,0.016560425981879234,0.0811239704489708,0.15678851306438446,31,589824,0.3909810384114583,-11.801389519608064,0.06974655378500749,0.06974655378500749
22,589824,1.856697304583599e-12,239740,350084,0.4712807238101959,0.40159422159194946,0.5453396439552307,0.43659380078315735,0.015262368135154247,0.07502711564302444,0.14436890184879303,31,589824,0.4064602322048611,-11.731258893063808,0.07013062654425539,0.07013062654425539
24,589824,2.1882409079188037e-12,247368,342456,0.5250110030174255,0.43776699900627136,0.5482905507087708,0.45455116033554077,0.013946833088994026,0.06860628724098206,0.13383300602436066,31,589824,0.4193929036458333,-11.659904867338431,0.07135402572537686,0.07135402572537686
26,589824,2.5677231608317586e-12,252272,337552,0.5706647038459778,0.4674798846244812,0.5543794631958008,0.47223809361457825,0.012914631515741348,0.0633443295955658,0.1240050420165062,31,589824,0.4277072482638889,-11.590451801554973,0.069453065783458,0.069453065783458
28,589824,2.9838301968121428e-12,256456,333368,0.6143007278442383,0.49336114525794983,0.5572971701622009,0.48700186610221863,0.012239916250109673,0.05996740236878395,0.1187572106719017,31,589824,0.4348008897569444,-11.525225895236158,0.06522590631881542,0.06522590631881542
30,589824,3.5160954009461065e-12,260128,329696,0.6674231290817261,0.5198958516120911,0.5628147721290588,0.5048118233680725,0.011640422977507114,0.057248737663030624,0.1134326159954071,31,589824,0.4410264756944444,-11.453939349883141,0.0712865453530167,0.0712865453530167
32,589824,4.056524647438886e-12,262070,327754,0.706063985824585,0.5411877036094666,0.5723863244056702,0.5200328230857849,0.011329034343361855,0.056488726288080215,0.11166100949048996,31,589824,0.4443189832899306,-11.391845880905361,0.06209346897778012,0.06209346897778012
34,589824,4.646737855606986e-12,263140,326684,0.7441990375518799,0.5591211318969727,0.5774922370910645,0.5329673290252686,0.01149958185851574,0.055757392197847366,0.1108117327094078,31,589824,0.4461330837673611,-11.332851827429597,0.058994053475764474,0.058994053475764474
36,589824,5.399388835342078e-12,263896,325928,0.7851764559745789,0.5796014666557312,0.594871461391449,0.549859344959259,0.010507927276194096,0.053373295813798904,0.1053558960556984,31,589824,0.4474148220486111,-11.267655395817744,0.06519643161185229,0.06519643161185229
38,589824,6.167680081936577e-12,263984,325840,0.8132815957069397,0.5913892388343811,0.5967890024185181,0.560918390750885,0.010690041817724705,0.05341232940554619,0.1061427965760231,31,589824,0.4475640190972222,-11.209878161262697,0.05777723455504713,0.05777723455504713
40,589824,7.0160665471830086e-12,264788,325036,0.83481365442276,0.6063871383666992,0.6018365621566772,0.5732112526893616,0.010616039857268333,0.05258924141526222,0.10589981824159622,31,589824,0.4489271375868056,-11.153906300352206,0.05597186091049089,0.05597186091049089
42,589824,7.86080922576815e-12,264876,324948,0.8704845309257507,0.6166185140609741,0.6047264337539673,0.584276556968689,0.010563433170318604,0.05266615003347397,0.10477355122566223,31,589824,0.4490763346354167,-11.104532743503135,0.049373556849070965,0.049373556849070965
44,589824,8.755676739191642e-12,264394,325430,0.8935960531234741,0.6248685121536255,0.609580397605896,0.5971484184265137,0.01039736159145832,0.052243996411561966,0.10580043494701385,31,589824,0.4482591417100694,-11.057710281021063,0.04682246248207278,0.04682246248207278
46,589824,9.86871088320962e-12,263870,325954,0.9201472401618958,0.6339471936225891,0.616227924823761,0.6079303622245789,0.010364952497184277,0.05283283442258835,0.10594232380390167,31,589824,0.4473707411024306,-11.005739574065224,0.05197070695583861,0.05197070695583861
48,589824,1.1050087928010655e-11,262926,326898,0.944075345993042,0.6445648670196533,0.6250438094139099,0.6192741990089417,0.010523873381316662,0.05290081724524498,0.10578261315822601,31,589824,0.445770263671875,-10.956634266187205,0.04910530787801903,0.04910530787801903
50,589824,1.22421621451263e-11,261060,328764,0.9579668641090393,0.6512349247932434,0.6317148208618164,0.6281234622001648,0.010553129948675632,0.053194668143987656,0.10668045282363892,31,589824,0.4426066080729167,-10.91214187265032,0.04449239353688483,0.04449239353688483
52,589824,1.362208349592331e-11,259630,330194,0.9780879020690918,0.657844066619873,0.6380879878997803,0.638157844543457,0.010345491580665112,0.05347995087504387,0.1066286638379097,31,589824,0.4401821560329861,-10.865756462057549,0.04638541059277124,0.04638541059277124
54,589824,1.5080450777027465e-11,259234,330590,0.9908632040023804,0.6620079874992371,0.6466410160064697,0.647442102432251,0.010469305329024792,0.05305631086230278,0.10695356130599976,31,589824,0.4395107693142361,-10.821585676566402,0.04417078549114706,0.04417078549114706
56,589824,1.6704785124610488e-11,258132,331692,1.003226399421692,0.6696876883506775,0.6551059484481812,0.6582427024841309,0.010634093545377254,0.053224705159664154,0.10811522603034973,31,589824,0.4376424153645833,-10.777159106365039,0.04442657020136309,0.04442657020136309
58,589824,1.8354729194869357e-11,256450,333374,1.0093815326690674,0.6735636591911316,0.6621575951576233,0.6671571731567383,0.010735036805272102,0.05434197932481766,0.10783778876066208,31,589824,0.4347907172309028,-10.736252018680643,0.04090708768439555,0.04090708768439555
60,589824,2.0057278754537222e-11,255078,334746,1.0245957374572754,0.6770535707473755,0.6688664555549622,0.6749904155731201,0.010702609084546566,0.05477932468056679,0.11065635085105896,31,589824,0.432464599609375,-10.697727989663349,0.038524029017294126,0.038524029017294126
62,589824,2.2010082992296454e-11,254164,335660,1.014456033706665,0.6801651120185852,0.6760717630386353,0.6818047165870667,0.011063722893595695,0.05429958924651146,0.10987000912427902,31,589824,0.4309149848090278,-10.65737831987153,0.04034966979181931,0.04034966979181931
64,589824,2.3909747445816087e-11,253856,335968,1.0210269689559937,0.6827061176300049,0.6806864738464355,0.6916017532348633,0.010565045289695263,0.055570874363183975,0.11265048384666443,31,589824,0.4303927951388889,-10.621425011231265,0.03595330864026458,0.03595330864026458
66,589824,2.6018485976830874e-11,252480,337344,1.032279372215271,0.688342273235321,0.6846432685852051,0.6992459297180176,0.011133555322885513,0.05569550022482872,0.11156527698040009,31,589824,0.4280598958333333,-10.584717978759768,0.036707032471497314,0.036707032471497314
68,589824,2.805810271622189e-11,251128,338696,1.0340858697891235,0.6888712048530579,0.6892678737640381,0.7058176398277283,0.011109871789813042,0.05624621361494064,0.1140892282128334,31,589824,0.4257676866319444,-10.55194169922831,0.032776279531457675,0.032776279531457675
70,589824,3.025889955265981e-11,250496,339328,1.0295658111572266,0.6910232305526733,0.6930363178253174,0.712226390838623,0.011145886033773422,0.057869188487529755,0.11572639644145966,31,589824,0.4246961805555556,-10.51914687032796,0.032794828900350126,0.032794828900350126
72,589824,3.241263160647101e-11,250432,339392,1.0320566892623901,0.6914576888084412,0.6979537010192871,0.7204214930534363,0.011388321407139301,0.058111585676670074,0.1184593066573143,31,589824,0.4245876736111111,-10.489285706833526,0.02986116349443435,0.02986116349443435
74,589824,3.4603354903683936e-11,249806,340018,1.039866328239441,0.6961838006973267,0.701832115650177,0.727132260799408,0.011869210749864578,0.05980641022324562,0.12019727379083633,31,589824,0.4235263400607639,-10.460881792955089,0.02840391387843688,0.02840391387843688
76,589824,3.6890747401319146e-11,248396,341428,1.0407943725585938,0.6974937319755554,0.7062104344367981,0.7332606315612793,0.011880223639309406,0.06031900644302368,0.12116137146949768,31,589824,0.4211357964409722,-10.433082545939351,0.02779924701573755,0.02779924701573755
78,589824,3.914340726551835e-11,247470,342354,1.0408729314804077,0.7002496719360352,0.7096430659294128,0.7407992482185364,0.012264113873243332,0.061082154512405396,0.12279468774795532,31,589824,0.4195658365885417,-10.407341373562844,0.025741172376507748,0.025741172376507748
80,589824,4.139195930452644e-11,247094,342730,1.0279934406280518,0.7000627517700195,0.7139478325843811,0.7459157109260559,0.01200757548213005,0.0615757554769516,0.12513861060142517,31,589824,0.4189283582899306,-10.383084015614106,0.024257357948737734,0.024257357948737734
82,589824,4.379805546017579e-11,247114,342710,1.030413031578064,0.7018840909004211,0.7147701978683472,0.7517885565757751,0.012322247959673405,0.061930932104587555,0.12565860152244568,31,589824,0.4189622667100694,-10.358545170812391,0.024538844801714532,0.024538844801714532
84,589824,4.611063267323523e-11,247008,342816,1.0289053916931152,0.7039569020271301,0.717009961605072,0.7594456672668457,0.012400408275425434,0.06307893246412277,0.12799586355686188,31,589824,0.4187825520833333,-10.336198918886428,0.0223462519259634,0.0223462519259634
86,589824,4.8416021192210223e-11,246696,343128,1.0335830450057983,0.7064118385314941,0.7193410992622375,0.7659943103790283,0.01219719834625721,0.06398157775402069,0.12952783703804016,31,589824,0.4182535807291667,-10.315010903561527,0.02118801532490089,0.02118801532490089
88,589824,5.076219306010543e-11,246570,343254,1.0270828008651733,0.7062843441963196,0.7231231331825256,0.7726188898086548,0.01250760443508625,0.06550269573926926,0.13069716095924377,31,589824,0.4180399576822917,-10.294459623509402,0.02055128005212481,0.02055128005212481
90,589824,5.2884929074847875e-11,245428,344396,1.031209945678711,0.7097721695899963,0.7237400412559509,0.7752235531806946,0.012655443511903286,0.06531854718923569,0.13160274922847748,31,589824,0.4161037868923611,-10.276668073752276,0.017791549757125935,0.017791549757125935
92,589824,5.513704770532257e-11,244790,345034,1.012068748474121,0.7067753076553345,0.7237707376480103,0.7785872220993042,0.013101025484502316,0.06657543033361435,0.13464193046092987,31,589824,0.4150221082899306,-10.258556491759684,0.018111581992592107,0.018111581992592107
94,589824,5.7422226695802436e-11,246016,343808,1.0075138807296753,0.7085703015327454,0.7232933640480042,0.783214807510376,0.013393438421189785,0.067341148853302,0.13547900319099426,31,589824,0.4171006944444444,-10.240919970617815,0.017636521141868755,0.017636521141868755
96,589824,5.954452902967589e-11,246654,343170,1.010972261428833,0.7112112641334534,0.7232378125190735,0.7892963886260986,0.013597995974123478,0.06820079684257507,0.13786113262176514,31,589824,0.418182373046875,-10.225158135463714,0.01576183515410179,0.01576183515410179
98,589824,6.148307557518606e-11,245974,343850,1.012621283531189,0.7137001156806946,0.7220239639282227,0.7925007343292236,0.013704700395464897,0.06975940614938736,0.13973835110664368,31,589824,0.4170294867621528,-10.211244415864495,0.013913719599218055,0.013913719599218055
0,589824,1.1708246744628233e-14,144255,445569,0.07512183487415314,0.01010871771723032,0.1538480818271637,0.011270221322774887,0.49185124039649963,0.8901112675666809,0.9451041221618652,32,589824,0.24457295735677084,-13.931508133633077,,
2,589824,7.568334251407266e-14,170788,419036,0.1664801687002182,0.044006675481796265,0.413571298122406,0.061960600316524506,0.10512448102235794,0.5853514075279236,0.7741878628730774,32,589824,0.2895575629340278,-13.120999695800746,0.8105084378323308,0.8105084378323308
4,589824,7.12013998108163e-14,83152,506672,0.05007456615567207,0.03007318638265133,0.5541017055511475,0.061649076640605927,0.17477631568908691,0.8048032522201538,0.8987757563591003,32,589824,0.14097764756944445,-13.147511468102788,-0.026511772302042047,0.026511772302042047
6,589824,1.3584040847464812e-13,82734,507090,0.08466877043247223,0.03662263974547386,0.7730525732040405,0.10601750761270523,0.14261367917060852,0.6566828489303589,0.8152391910552979,32,589824,0.14026896158854166,-12.866971021166531,0.2805404469362571,0.2805404469362571
8,589824,2.381134569032217e-13,142450,447374,0.16610457003116608,0.07324231415987015,0.8618603348731995,0.166543111205101,0.06856440752744675,0.34078624844551086,0.6464794874191284,32,589824,0.2415127224392361,-12.623216059892615,0.2437549612739165,0.2437549612739165
10,589824,4.552907530153139e-13,208134,381690,0.4734724760055542,0.17181186378002167,0.9860993027687073,0.2704169750213623,0.026165835559368134,0.13656586408615112,0.28634437918663025,32,589824,0.352874755859375,-12.341711170151298,0.28150488974131704,0.28150488974131704
12,589824,9.36774312634836e-13,245562,344262,1.0764598846435547,0.3235352337360382,1.0432242155075073,0.42059940099716187,0.012962102890014648,0.0669403225183487,0.13811175525188446,32,589824,0.4163309733072917,-12.028365026596983,0.31334614355431434,0.31334614355431434
14,589824,1.7805431608286515e-12,253256,336568,1.8764852285385132,0.4357284605503082,1.015647292137146,0.550142765045166,0.010246549732983112,0.05101557448506355,0.10217724740505219,32,589824,0.4293755425347222,-11.749447494451099,0.27891753214588455,0.27891753214588455
16,589824,3.6412309799283005e-12,256266,333558,2.3175220489501953,0.5812479257583618,1.0308905839920044,0.6761335730552673,0.007199550047516823,0.03520950675010681,0.07056339830160141,32,589824,0.434478759765625,-11.438751770907704,0.3106957235433949,0.3106957235433949
18,589824,6.846093570517242e-12,252932,336892,2.3067381381988525,0.6090033650398254,1.0415133237838745,0.7332683801651001,0.00748027116060257,0.03940584510564804,0.07870494574308395,32,589824,0.4288262261284722,-11.164557169340473,0.2741946015672312,0.2741946015672312
20,589824,1.2355201930991377e-11,252028,337796,1.912781000137329,0.696817934513092,1.0264456272125244,0.760362446308136,0.007312679197639227,0.03600790351629257,0.0719166100025177,32,589824,0.4272935655381944,-10.908150152180266,0.25640701716020686,0.25640701716020686
22,589824,2.1306128736298113e-11,260448,329376,1.6239594221115112,0.6661567091941833,0.9508460164070129,0.7888142466545105,0.007456382270902395,0.037274233996868134,0.07503608614206314,32,589824,0.4415690104166667,-10.671495453204397,0.23665469897586888,0.23665469897586888
24,589824,3.4487548233874676e-11,263812,326012,1.6415356397628784,0.727727472782135,0.8765449523925781,0.7919784188270569,0.007611481007188559,0.03847815841436386,0.07665686309337616,32,589824,0.4472724066840278,-10.462337679113238,0.20915777409115854,0.20915777409115854
26,589824,5.125482677170723e-11,258582,331242,1.6551690101623535,0.7079226970672607,0.8402999043464661,0.7609083652496338,0.007471517659723759,0.038417212665081024,0.07690403610467911,32,589824,0.4384053548177083,-10.290265229948089,0.17207244916514952,0.17207244916514952
28,589824,7.803985235810273e-11,263746,326078,1.5156723260879517,0.7183494567871094,0.8160639405250549,0.7765416502952576,0.007905333302915096,0.040588293224573135,0.08265528082847595,32,589824,0.4471605088975694,-10.107683560909015,0.1825816690390738,0.1825816690390738
30,589824,1.1302198760221316e-10,267764,322060,1.5100237131118774,0.711223304271698,0.8108292818069458,0.7937129735946655,0.00814149808138609,0.04188016429543495,0.08539609611034393,32,589824,0.4539727105034722,-9.94683705947766,0.16084650143135448,0.16084650143135448
32,589824,1.5507238548817526e-10,261960,327864,1.5032225847244263,0.75030916929245,0.7969796061515808,0.7582523822784424,0.009035730734467506,0.045789431780576706,0.0908421128988266,32,589824,0.4441324869791667,-9.809465532282166,0.13737152719549428,0.13737152719549428
34,589824,2.0674251199892524e-10,259924,329900,1.4676704406738281,0.7172907590866089,0.7916125655174255,0.7499625086784363,0.009241162799298763,0.04692910239100456,0.09058032929897308,32,589824,0.4406806098090278,-9.68457021118987,0.12489532109229629,0.12489532109229629
36,589824,2.8471303092914013e-10,268712,321112,1.3182833194732666,0.7089754343032837,0.7928320169448853,0.769531786441803,0.009076631627976894,0.045085445046424866,0.09066212177276611,32,589824,0.4555799696180556,-9.545592655328951,0.13897755586091876,0.13897755586091876
38,589824,3.67930935718519e-10,269690,320134,1.3982062339782715,0.7347739934921265,0.7907081842422485,0.7600769996643066,0.00991508737206459,0.05211909860372543,0.10519485175609589,32,589824,0.4572380913628472,-9.434233695052773,0.11135896027617775,0.11135896027617775
40,589824,4.657769725469052e-10,261416,328408,1.3368642330169678,0.7427043914794922,0.7812241911888123,0.7578564882278442,0.010221256874501705,0.05183691903948784,0.10091961175203323,32,589824,0.4432101779513889,-9.331821986267244,0.10241170878552985,0.10241170878552985
42,589824,5.797536339890996e-10,259638,330186,1.2585169076919556,0.7101712226867676,0.771011233329773,0.7508532404899597,0.010141042061150074,0.05100563168525696,0.1006670817732811,32,589824,0.4401957194010417,-9.236756520453723,0.09506546581352104,0.09506546581352104
44,589824,7.259082779320636e-10,264954,324870,1.1896589994430542,0.7278902530670166,0.7509668469429016,0.7132579684257507,0.010650904849171638,0.051442891359329224,0.09996074438095093,32,589824,0.4492085774739583,-9.139118251069194,0.0976382693845288,0.0976382693845288
46,589824,9.085288077415044e-10,273352,316472,1.2293633222579956,0.7144284248352051,0.7580277919769287,0.7553676962852478,0.010652930475771427,0.052869558334350586,0.10324051231145859,32,589824,0.4634467230902778,-9.041661297475574,0.09745695359361939,0.09745695359361939
48,589824,1.0830611962830972e-09,268758,321066,1.2778756618499756,0.7532896995544434,0.7574883103370667,0.7574980854988098,0.011850809678435326,0.05958520248532295,0.11379382014274597,32,589824,0.455657958984375,-8.965347003709674,0.07631429376590049,0.07631429376590049
50,589824,1.2558800666084835e-09,255308,334516,1.2424111366271973,0.7340200543403625,0.7528921961784363,0.7405471801757812,0.011323577724397182,0.05729550123214722,0.10550002008676529,32,589824,0.4328545464409722,-8.901051832650664,0.06429517105901006,0.06429517105901006
52,589824,1.522554637922724e-09,261564,328260,1.0548760890960693,0.6939689517021179,0.7368369698524475,0.7194877862930298,0.011847960762679577,0.059404198080301285,0.11546695977449417,32,589824,0.4434611002604167,-8.817427113458587,0.08362471919207692,0.08362471919207692
54,589824,1.7868484469829582e-09,268984,320840,1.1873748302459717,0.7251878976821899,0.723060131072998,0.7443830966949463,0.01361047476530075,0.06440532207489014,0.11363501101732254,32,589824,0.4560411241319444,-8.747912280975145,0.06951483248344204,0.06951483248344204
56,589824,2.105734031587758e-09,268676,321148,1.1327296495437622,0.7366175651550293,0.7342690229415894,0.7397851347923279,0.01051824539899826,0.05431449040770531,0.10721464455127716,32,589824,0.4555189344618056,-8.67659648400915,0.07131579696599566,0.07131579696599566
58,589824,2.416314703879152e-09,268168,321656,1.1660635471343994,0.7360538244247437,0.7422274351119995,0.7455924153327942,0.01235419511795044,0.06375107914209366,0.12235613167285919,32,589824,0.4546576605902778,-8.61684650330527,0.059749980703879046,0.059749980703879046
60,589824,2.713093305573011e-09,261672,328152,1.1941516399383545,0.7351477146148682,0.7344985008239746,0.7449213862419128,0.0126112075522542,0.06334647536277771,0.12159497290849686,32,589824,0.4436442057291667,-8.566535270227092,0.050311233078177864,0.050311233078177864
62,589824,3.041193963326805e-09,258106,331718,1.1105953454971313,0.7145767211914062,0.7393650412559509,0.7293892502784729,0.012305022217333317,0.05800330266356468,0.10917995870113373,32,589824,0.4375983344184028,-8.516955880245149,0.04957938998194322,0.04957938998194322
64,589824,3.459296848973281e-09,262340,327484,1.025127649307251,0.7098735570907593,0.7202188968658447,0.7148288488388062,0.012754440307617188,0.06223221495747566,0.11057405918836594,32,589824,0.4447767469618056,-8.461012168734564,0.05594371151058475,0.05594371151058475
66,589824,3.9570968723978694e-09,270178,319646,1.0546880960464478,0.717878520488739,0.7198140621185303,0.7433366775512695,0.013468898832798004,0.06472770124673843,0.12055756151676178,32,589824,0.4580654568142361,-8.402623317782274,0.05838885095229074,0.05838885095229074
68,589824,4.403942543973471e-09,268804,321020,1.1244579553604126,0.7524361610412598,0.7139225006103516,0.7368048429489136,0.014843529090285301,0.06650570780038834,0.12069761008024216,32,589824,0.4557359483506944,-8.35615835568531,0.04646496209696416,0.04646496209696416
70,589824,4.850276180690116e-09,263760,326064,1.0844672918319702,0.7325121164321899,0.7314808964729309,0.7715150713920593,0.013402335345745087,0.06526387482881546,0.11820215731859207,32,589824,0.4471842447916667,-8.314233531431801,0.041924824253507964,0.041924824253507964
72,589824,5.2405471073768695e-09,259200,330624,1.0691890716552734,0.7326653599739075,0.7158080339431763,0.7232730388641357,0.013587962836027145,0.06709876656532288,0.1303665190935135,32,589824,0.439453125,-8.280623370781262,0.033610160650539456,0.033610160650539456
74,589824,5.6829532191216e-09,257960,331864,1.0340651273727417,0.718346118927002,0.7069040536880493,0.7081580758094788,0.013102807104587555,0.06368817389011383,0.11733990162611008,32,589824,0.4373508029513889,-8.2454259189616,0.03519745181966272,0.03519745181966272
76,589824,6.295172827464057e-09,267122,322702,0.9832670092582703,0.7054232954978943,0.6984186172485352,0.7193512916564941,0.013948682695627213,0.06777427345514297,0.12569163739681244,32,589824,0.4528842502170139,-8.20099234228628,0.044433576675318776,0.044433576675318776
78,589824,6.934187890550447e-09,272582,317242,1.0376029014587402,0.7252650260925293,0.7069559693336487,0.7540044784545898,0.014421348460018635,0.06550689041614532,0.11683456599712372,32,589824,0.4621412489149306,-8.15900439476446,0.04198794752181989,0.04198794752181989
80,589824,7.478320185327902e-09,268848,320976,1.0557301044464111,0.7462517619132996,0.7102771997451782,0.7599380612373352,0.014082306995987892,0.07077977061271667,0.13327233493328094,32,589824,0.455810546875,-8.126195944404556,0.032808450359905095,0.032808450359905095
82,589824,7.901826748479834e-09,260286,329538,1.0748754739761353,0.7346973419189453,0.7101101279258728,0.751273512840271,0.017192626371979713,0.07128696888685226,0.1316743791103363,32,589824,0.4412943522135417,-8.102272496674827,0.023923447729728764,0.023923447729728764
84,589824,8.459982936415145e-09,260248,329576,0.942798376083374,0.7156887054443359,0.7055932879447937,0.7304720878601074,0.016050076112151146,0.07340306043624878,0.137553408741951,32,589824,0.4412299262152778,-8.072630512921759,0.029641983753068146,0.029641983753068146
86,589824,9.046752680319514e-09,264690,325134,0.9977971911430359,0.7294875979423523,0.6996612548828125,0.7242656946182251,0.01515357568860054,0.07524651288986206,0.13438361883163452,32,589824,0.448760986328125,-8.043507282242235,0.029123230679523715,0.029123230679523715
88,589824,9.446709192673097e-09,260012,329812,1.003044605255127,0.7382819056510925,0.6770089268684387,0.6990004181861877,0.015922341495752335,0.07792717218399048,0.14152806997299194,32,589824,0.4408298068576389,-8.024719453751585,0.01878782849064997,0.01878782849064997
90,589824,9.984205462387763e-09,259760,330064,0.981295108795166,0.7176527976989746,0.6751933693885803,0.7224148511886597,0.014771327376365662,0.06931783258914948,0.132083460688591,32,589824,0.4404025607638889,-8.00068649033562,0.024032963415965725,0.024032963415965725
92,589824,1.0777917225368583e-08,274522,315302,0.9268214702606201,0.7113401889801025,0.6849597692489624,0.7070362567901611,0.013893239200115204,0.06843531876802444,0.13770480453968048,32,589824,0.4654303656684028,-7.967465156117958,0.033221334217660825,0.033221334217660825
94,589824,1.1402945254701535e-08,278312,311512,1.0634757280349731,0.747381865978241,0.7000024914741516,0.7540042996406555,0.015464658848941326,0.07299721240997314,0.13903102278709412,32,589824,0.4718560112847222,-7.942982960710831,0.024482195407127705,0.024482195407127705
96,589824,1.1771793317905122e-08,264576,325248,1.0187739133834839,0.7475947141647339,0.7068772315979004,0.7676703333854675,0.018206488341093063,0.07998458296060562,0.14514166116714478,32,589824,0.4485677083333333,-7.929157371587827,0.013825589123003468,0.013825589123003468
98,589824,1.1936371002718715e-08,252808,337016,0.9948959946632385,0.7384855151176453,0.6967488527297974,0.749961256980896,0.01728980243206024,0.07862093299627304,0.1428317129611969,32,589824,0.4286159939236111,-7.9231276910502375,0.006029680537589677,0.006029680537589677
0,589824,2.2736258269975482e-14,142949,446875,0.05470985546708107,0.0193072110414505,0.07837651669979095,0.021622363477945328,0.2364339679479599,0.8211529850959778,0.9031962156295776,33,589824,0.2423587375217014,-13.643281006069133,,
2,589824,1.5621855751265373e-13,176958,412866,0.29608961939811707,0.08655115216970444,0.2051841765642166,0.11820409446954727,0.053153857588768005,0.26814836263656616,0.5987240076065063,33,589824,0.300018310546875,-12.8062673766903,0.8370136293788324,0.8370136293788324
4,589824,1.3417201106657312e-13,83236,506588,0.08615221083164215,0.051015011966228485,0.2452094554901123,0.10942061245441437,0.10765773802995682,0.48989617824554443,0.8345907926559448,33,589824,0.1411200629340278,-12.872338070658051,-0.06607069396775067,0.06607069396775067
6,589824,2.2682295494971805e-13,68724,521100,0.09254653751850128,0.046350136399269104,0.29566434025764465,0.16135257482528687,0.12051103264093399,0.5355625152587891,0.7999243140220642,33,589824,0.11651611328125,-12.644312996059881,0.22802507459817,0.22802507459817
8,589824,3.242391977738984e-13,100378,489446,0.0886233001947403,0.06252286583185196,0.32845184206962585,0.20565150678157806,0.08784793317317963,0.4057263433933258,0.7197493314743042,33,589824,0.17018296983506945,-12.489134483787707,0.15517851227217427,0.15517851227217427
10,589824,4.666179010022475e-13,141113,448711,0.1550777703523636,0.12895901501178741,0.37278318405151367,0.2600564658641815,0.046303316950798035,0.21701757609844208,0.412187397480011,33,589824,0.2392459445529514,-12.33103860425343,0.15809587953427595,0.15809587953427595
12,589824,6.194303967324566e-13,166281,423543,0.22114019095897675,0.1937953233718872,0.4088054299354553,0.3012033700942993,0.034592047333717346,0.15942290425300598,0.290544331073761,33,589824,0.2819163004557292,-12.208007486726626,0.12303111752680529,0.12303111752680529
14,589824,7.686105983444047e-13,185090,404734,0.25220200419425964,0.22201886773109436,0.4302503168582916,0.32910802960395813,0.030239341780543327,0.14296287298202515,0.2656005024909973,33,589824,0.3138054741753472,-12.114293631359104,0.09371385536752186,0.09371385536752186
16,589824,9.349613097620058e-13,202694,387130,0.293037474155426,0.2620234489440918,0.45123904943466187,0.3531831204891205,0.02426810935139656,0.11653527617454529,0.22016438841819763,33,589824,0.3436516655815972,-12.029206360576174,0.08508727078292999,0.08508727078292999
18,589824,1.1214644664303552e-12,215404,374420,0.3509981036186218,0.30488693714141846,0.4717978835105896,0.3699451684951782,0.02054743655025959,0.0986379086971283,0.18665391206741333,33,589824,0.3652004665798611,-11.950214482471292,0.07899187810488151,0.07899187810488151
20,589824,1.3188401109046066e-12,224890,364934,0.38436707854270935,0.3394348621368408,0.4891798496246338,0.3892044425010681,0.018449019640684128,0.08843879401683807,0.16908711194992065,33,589824,0.3812832302517361,-11.879807852793952,0.0704066296773398,0.0704066296773398
22,589824,1.5466074601566682e-12,234070,355754,0.42765340209007263,0.3708361089229584,0.5069300532341003,0.41037222743034363,0.016653137281537056,0.0811082199215889,0.15592344105243683,33,589824,0.3968471950954861,-11.810619899306644,0.06918795348730811,0.06918795348730811
24,589824,1.8194265538618026e-12,241922,347902,0.4782426655292511,0.409216970205307,0.5128384828567505,0.4294206202030182,0.015000702813267708,0.07296980172395706,0.14149601757526398,33,589824,0.4101596408420139,-11.74006547121066,0.07055442809598489,0.07055442809598489
26,589824,2.0906375589047066e-12,247324,342500,0.5126693248748779,0.4338320791721344,0.5163520574569702,0.4440183639526367,0.013949313201010227,0.06925328820943832,0.134220689535141,33,589824,0.4193183051215278,-11.679721251644876,0.060344219565783064,0.060344219565783064
28,589824,2.394301120214881e-12,252376,337448,0.5504797697067261,0.45976898074150085,0.5236950516700745,0.45933833718299866,0.013444226235151291,0.06543411314487457,0.12775778770446777,33,589824,0.4278835720486111,-11.620821231279695,0.05890002036518105,0.05890002036518105
30,589824,2.771171746934753e-12,255964,333860,0.6015079021453857,0.4875681400299072,0.5314746499061584,0.4758593738079071,0.012521292082965374,0.061871983110904694,0.12080996483564377,33,589824,0.4339667426215278,-11.557336557424325,0.06348467385537049,0.06348467385537049
32,589824,3.159331520355413e-12,258254,331570,0.6344358921051025,0.5084417462348938,0.5388835072517395,0.4899812936782837,0.012309586629271507,0.06095162034034729,0.11820920556783676,33,589824,0.4378492567274306,-11.500404799575483,0.05693175784884197,0.05693175784884197
34,589824,3.5781707458104606e-12,260008,329816,0.6710840463638306,0.5272110104560852,0.5421560406684875,0.5035975575447083,0.011753485538065434,0.0587058886885643,0.11526568979024887,33,589824,0.4408230251736111,-11.446338939287372,0.05406586028811056,0.05406586028811056
36,589824,4.082095772517391e-12,261650,328174,0.7057382464408875,0.5464457273483276,0.5521537065505981,0.5188601016998291,0.011591820977628231,0.05641888082027435,0.11161857843399048,33,589824,0.4436069064670139,-11.389116810254958,0.057222129032414415,0.057222129032414415
38,589824,4.612355202632257e-12,262502,327322,0.7420444488525391,0.5616801381111145,0.5605573654174805,0.5317597985267639,0.011607530526816845,0.05722622945904732,0.11238009482622147,33,589824,0.4450514051649306,-11.336077254585701,0.053039555669256444,0.053039555669256444
40,589824,5.190046743069887e-12,262266,327558,0.766551673412323,0.5775357484817505,0.5675405263900757,0.5448571443557739,0.01149977557361126,0.05587838590145111,0.11103612929582596,33,589824,0.4446512858072917,-11.28482873075156,0.05124852383414158,0.05124852383414158
42,589824,5.725616161744718e-12,262002,327822,0.790604829788208,0.5874571204185486,0.5702241659164429,0.5546602010726929,0.011125869117677212,0.05604918673634529,0.11166708171367645,33,589824,0.4442036946614583,-11.24217776990571,0.042650960845849184,0.042650960845849184
44,589824,6.3562310796683175e-12,262750,327074,0.8178516030311584,0.5983231067657471,0.5762761831283569,0.568231999874115,0.011372026056051254,0.056015223264694214,0.11135680228471756,33,589824,0.4454718695746528,-11.196800322477783,0.04537744742792782,0.04537744742792782
46,589824,7.0947527366915786e-12,262410,327414,0.85357666015625,0.6097747683525085,0.5846461653709412,0.5803547501564026,0.011310544796288013,0.05531420186161995,0.10951945185661316,33,589824,0.4448954264322917,-11.149062735789547,0.04773758668823547,0.04773758668823547
48,589824,7.865434865916843e-12,260646,329178,0.8726933002471924,0.621273934841156,0.5932793021202087,0.5918030738830566,0.010907514952123165,0.053720373660326004,0.1081620380282402,33,589824,0.4419047037760417,-11.104277261006734,0.04478547478281314,0.04478547478281314
50,589824,8.590452134360493e-12,259304,330520,0.8901761770248413,0.6269806623458862,0.6000452637672424,0.6018957495689392,0.010933112353086472,0.05646268278360367,0.11260142177343369,33,589824,0.4396294487847222,-11.065983977694913,0.03829328331182147,0.03829328331182147
52,589824,9.468914367871673e-12,258696,331128,0.911846399307251,0.6337137222290039,0.6085983514785767,0.6125133633613586,0.010862170718610287,0.05513034760951996,0.11079800873994827,33,589824,0.4385986328125,-11.023699810972442,0.04228416672247093,0.04228416672247093
54,589824,1.0405639891408747e-11,257658,332166,0.9265247583389282,0.642501711845398,0.6184694766998291,0.6245552897453308,0.01100295688956976,0.054882828146219254,0.11060009151697159,33,589824,0.4368387858072917,-10.982731207834581,0.04096860313786088,0.04096860313786088
56,589824,1.1429785937155934e-11,256482,333342,0.9345356225967407,0.6479580998420715,0.6268748044967651,0.6361379623413086,0.011154779233038425,0.0548381581902504,0.11125537753105164,33,589824,0.434844970703125,-10.941961903216487,0.04076930461809347,0.04076930461809347
58,589824,1.2440378588385315e-11,254954,334870,0.9550065994262695,0.6548923254013062,0.633444607257843,0.645416259765625,0.010786260478198528,0.05449610948562622,0.11135342717170715,33,589824,0.4322543674045139,-10.905166402897224,0.03679550031926304,0.03679550031926304
60,589824,1.3508895391201037e-11,253280,336544,0.9600914716720581,0.6577979922294617,0.6407985687255859,0.6542795300483704,0.011197094805538654,0.055736735463142395,0.11306854337453842,33,589824,0.4294162326388889,-10.869380161349461,0.035786241547763,0.035786241547763
62,589824,1.468183560837666e-11,253016,336808,0.9644737839698792,0.6615520715713501,0.6489033102989197,0.6648072600364685,0.01095978170633316,0.05571584403514862,0.11203639209270477,33,589824,0.4289686414930556,-10.833219643006332,0.036160518343129056,0.036160518343129056
64,589824,1.5817749887681032e-11,252588,337236,0.9767338633537292,0.6669796109199524,0.6560944318771362,0.6745877265930176,0.011508860625326633,0.05608738586306572,0.11412260681390762,33,589824,0.4282430013020833,-10.800855295861465,0.03236434714486691,0.03236434714486691
66,589824,1.706409145929566e-11,250918,338906,0.987496554851532,0.670303463935852,0.6623560190200806,0.6838349103927612,0.01173291727900505,0.05772802233695984,0.1152966320514679,33,589824,0.4254116482204861,-10.76791682984174,0.03293846601972561,0.03293846601972561
68,589824,1.8291061373854056e-11,249842,339982,0.9955517053604126,0.6733754873275757,0.6691064834594727,0.6919577717781067,0.011487260460853577,0.05783255398273468,0.117017962038517,33,589824,0.4235873752170139,-10.737761093023634,0.030155736818105794,0.030155736818105794
70,589824,1.956629476496108e-11,248660,341164,0.9970453381538391,0.6767547130584717,0.6744813323020935,0.6997097134590149,0.011553929187357426,0.05850156769156456,0.1172042116522789,33,589824,0.4215833875868056,-10.708491408142926,0.029269684880707914,0.029269684880707914
72,589824,2.0873053285797027e-11,248502,341322,0.9975100755691528,0.6772583723068237,0.6806856989860535,0.7094335556030273,0.011979782953858376,0.05979026481509209,0.12016402184963226,33,589824,0.4213155110677083,-10.680414018199333,0.028077389943593545,0.028077389943593545
74,589824,2.213216068747137e-11,247944,341880,1.013904094696045,0.6826657056808472,0.6862200498580933,0.7180182337760925,0.011813151650130749,0.060029685497283936,0.12198319286108017,33,589824,0.4203694661458333,-10.654976185311817,0.025437832887515555,0.025437832887515555
76,589824,2.3506970675546413e-11,247016,342808,1.0053311586380005,0.6835233569145203,0.6931313872337341,0.7274584770202637,0.011780613102018833,0.0614575557410717,0.12446966022253036,33,589824,0.4187961154513889,-10.628803334450637,0.026172850861179597,0.026172850861179597
78,589824,2.4809468715525362e-11,246470,343354,1.0137057304382324,0.6889761090278625,0.6987431049346924,0.736055850982666,0.012285470962524414,0.06198320537805557,0.12453442811965942,33,589824,0.4178704155815972,-10.605382535864274,0.023420798586363034,0.023420798586363034
80,589824,2.6140823880527186e-11,244718,345106,1.0048941373825073,0.6902142763137817,0.7014928460121155,0.74172043800354,0.012185454368591309,0.06244330108165741,0.12601442635059357,33,589824,0.4149000379774306,-10.58268072887758,0.022701806986693995,0.022701806986693995
82,589824,2.7525388218707647e-11,244366,345458,1.0049240589141846,0.6898484826087952,0.7028346061706543,0.7485372424125671,0.012538569048047066,0.06244731321930885,0.127292662858963,33,589824,0.4143032497829861,-10.560266547013667,0.02241418186391364,0.02241418186391364
84,589824,2.8852814235036384e-11,245084,344740,1.0117918252944946,0.6907894611358643,0.706444263458252,0.7573747038841248,0.012787452898919582,0.06472066789865494,0.13002480566501617,33,589824,0.4155205620659722,-10.539811820389028,0.020454726624638653,0.020454726624638653
86,589824,3.018922264952373e-11,244816,345008,1.0153889656066895,0.6946839690208435,0.7105036377906799,0.7655486464500427,0.012650316581130028,0.06441164016723633,0.13043265044689178,33,589824,0.4150661892361111,-10.520148069599253,0.01966375078977478,0.01966375078977478
88,589824,3.1575922432303116e-11,244434,345390,1.0052566528320312,0.6949484348297119,0.7143179178237915,0.7729538083076477,0.013193746097385883,0.06609146296977997,0.13168790936470032,33,589824,0.4144185384114583,-10.500643953475478,0.019504116123775006,0.019504116123775006
90,589824,3.289159222763516e-11,243692,346132,1.0162702798843384,0.6987629532814026,0.7148928642272949,0.7776527404785156,0.012815357185900211,0.06467179954051971,0.13155129551887512,33,589824,0.4131605360243056,-10.48291510253016,0.01772885094531773,0.01772885094531773
92,589824,3.4228227890897855e-11,242940,346884,0.9960718750953674,0.6978463530540466,0.7159932255744934,0.7819159030914307,0.012855025008320808,0.06659257411956787,0.13401661813259125,33,589824,0.4118855794270833,-10.465615585148623,0.01729951738153801,0.01729951738153801
94,589824,3.554679814388173e-11,243866,345958,0.9926331639289856,0.699009895324707,0.7163732051849365,0.7872549295425415,0.012683195061981678,0.06686459481716156,0.1352546066045761,33,589824,0.4134555392795139,-10.449199511982556,0.016416073166066525,0.016416073166066525
96,589824,3.6780353068754934e-11,244222,345602,0.9955254197120667,0.7017249464988708,0.7160254716873169,0.7912449836730957,0.013692460022866726,0.06835174560546875,0.1369205117225647,33,589824,0.4140591091579861,-10.434384106118168,0.014815405864387898,0.014815405864387898
98,589824,3.792108294042862e-11,243678,346146,0.992331862449646,0.7022786736488342,0.7144838571548462,0.7936930656433105,0.013681991025805473,0.06988321244716644,0.14033684134483337,33,589824,0.4131368001302083,-10.42111926868796,0.013264837430208232,0.013264837430208232
0,2359296,9.856570041492235e-15,785415,1573881,0.09030462801456451,0.009760365821421146,0.08843439817428589,0.009746106341481209,0.6347255706787109,0.8114423155784607,0.8822444081306458,34,2359296,0.3329022725423177,-14.006274187615164,,
2,2359296,8.037576951658992e-14,597112,1762184,0.4431421160697937,0.05528729408979416,0.22711384296417236,0.0732627809047699,0.0754481628537178,0.43421000242233276,0.6940423250198364,34,2359296,0.2530890570746528,-13.094874856117999,0.9113993314971651,0.9113993314971651
4,2359296,9.450996436193362e-14,298036,2061260,0.18354153633117676,0.049520380795001984,0.31920456886291504,0.08425101637840271,0.12187118828296661,0.5050832629203796,0.7618610262870789,34,2359296,0.1263241238064236,-13.024522400599002,0.07035245551899649,0.07035245551899649
6,2359296,1.722466434891587e-13,274802,2084494,0.22284582257270813,0.050131890922784805,0.4081194996833801,0.13906973600387573,0.10340536385774612,0.4986936151981354,0.7334408164024353,34,2359296,0.1164762708875868,-12.763849232284429,0.26067316831457354,0.26067316831457354
8,2359296,2.716253871132279e-13,358336,2000960,0.15956290066242218,0.06345019489526749,0.4684585928916931,0.19488413631916046,0.08342170715332031,0.4042491018772125,0.7026310563087463,34,2359296,0.1518825954861111,-12.566029641726113,0.197819590558316,0.197819590558316
10,2359296,4.456217296208709e-13,524377,1834919,0.23263780772686005,0.1220763623714447,0.5356857776641846,0.27311232686042786,0.04212236404418945,0.20701707899570465,0.41328853368759155,34,2359296,0.22225994533962673,-12.351033640041807,0.21499600168430533,0.21499600168430533
12,2359296,6.813272819192195e-13,668470,1690826,0.388542503118515,0.218019500374794,0.5967904925346375,0.34727591276168823,0.025233743712306023,0.12330695986747742,0.24671414494514465,34,2359296,0.28333452012803817,-12.166644220557519,0.18438941948428855,0.18438941948428855
14,2359296,9.55643441984122e-13,755851,1603445,0.4197458326816559,0.2924729287624359,0.6214283108711243,0.4023692309856415,0.018929656594991684,0.09328557550907135,0.18555641174316406,34,2359296,0.3203714158799913,-12.019704116158286,0.1469401043992331,0.1469401043992331
16,2359296,1.3092344049170368e-12,836968,1522328,0.48791658878326416,0.3440912067890167,0.6374767422676086,0.4478611350059509,0.01688714511692524,0.08245716243982315,0.16138850152492523,34,2359296,0.3547532823350694,-11.882982590539948,0.13672152561833784,0.13672152561833784
18,2359296,1.759637574538786e-12,912376,1446920,0.6033742427825928,0.40897148847579956,0.6569593548774719,0.4846092164516449,0.014405244961380959,0.06910309195518494,0.1362190544605255,34,2359296,0.3867153591579861,-11.754576772859856,0.12840581768009152,0.12840581768009152
20,2359296,2.344228110240376e-12,962766,1396530,0.6602758169174194,0.45319876074790955,0.6643655300140381,0.5159228444099426,0.012227269820868969,0.059947069734334946,0.11902373284101486,34,2359296,0.40807342529296875,-11.630000130623854,0.1245766422360024,0.1245766422360024
22,2359296,3.0064973947918627e-12,1007022,1352274,0.7482766509056091,0.4866791069507599,0.6778640747070312,0.545548677444458,0.01114772167056799,0.05600573122501373,0.11139082163572311,34,2359296,0.42683156331380206,-11.521939168145776,0.10806096247807773,0.10806096247807773
24,2359296,3.848838782405384e-12,1020432,1338864,0.8439304828643799,0.5410386919975281,0.6722869873046875,0.5682038068771362,0.010527893900871277,0.052456215023994446,0.1039118766784668,34,2359296,0.4325154622395833,-11.414670279962332,0.10726888818344449,0.10726888818344449
26,2359296,4.8547129857801075e-12,1039110,1320186,0.877460777759552,0.5658180713653564,0.6774649620056152,0.5915609002113342,0.009671738371253014,0.04761863499879837,0.09558853507041931,34,2359296,0.44043223063151044,-11.313836440807782,0.10083383915455002,0.10083383915455002
28,2359296,6.130010127974872e-12,1062878,1296418,0.9450797438621521,0.5891350507736206,0.6794334650039673,0.610068678855896,0.009095117449760437,0.045877326279878616,0.09271618723869324,34,2359296,0.45050642225477433,-11.212538807941623,0.10129763286615834,0.10129763286615834
30,2359296,7.565539340836924e-12,1061020,1298276,1.027259111404419,0.6111540198326111,0.6833120584487915,0.6222652792930603,0.009039415046572685,0.045541081577539444,0.09226027876138687,34,2359296,0.4497188991970486,-11.121160106054539,0.09137870188708419,0.09137870188708419
32,2359296,9.37475444495739e-12,1064206,1295090,1.0206106901168823,0.6215413808822632,0.6912460923194885,0.639228105545044,0.009261365048587322,0.04660094156861305,0.09387186169624329,34,2359296,0.45106930202907985,-11.028040099023887,0.09312000703065237,0.09312000703065237
34,2359296,1.1434742909488538e-11,1068578,1290718,1.2932069301605225,0.6562190055847168,0.6949573159217834,0.6514895558357239,0.00888283271342516,0.045277927070856094,0.09182857722043991,34,2359296,0.45292239718967015,-10.941773595311332,0.08626650371255451,0.08626650371255451
36,2359296,1.4081897106721364e-11,1073526,1285770,1.1100990772247314,0.6517193913459778,0.757620632648468,0.6762347221374512,0.008364026434719563,0.04224956035614014,0.08545111864805222,34,2359296,0.45501963297526044,-10.851338833299002,0.0904347620123307,0.0904347620123307
38,2359296,1.7089420156768398e-11,1063528,1295768,1.1000603437423706,0.6690138578414917,0.7475993037223816,0.678277313709259,0.009520200081169605,0.048519644886255264,0.09765797853469849,34,2359296,0.4507819281684028,-10.767272672620864,0.08406616067813744,0.08406616067813744
40,2359296,2.0451878038341142e-11,1051190,1308106,1.122708797454834,0.680368185043335,0.7375795245170593,0.6771852970123291,0.009267591871321201,0.04662906005978584,0.09264357388019562,34,2359296,0.44555240207248265,-10.689266805786756,0.0780058668341077,0.0780058668341077
42,2359296,2.464746635955084e-11,1058932,1300364,1.1088922023773193,0.6814034581184387,0.7353641986846924,0.6923968195915222,0.009587962180376053,0.047364700585603714,0.0938662737607956,34,2359296,0.4488338894314236,-10.608227717466646,0.08103908832011086,0.08103908832011086
44,2359296,2.923829928169752e-11,1069318,1289978,1.1757246255874634,0.6875655055046082,0.7378398180007935,0.711185872554779,0.009404124692082405,0.04713939130306244,0.09417684376239777,34,2359296,0.45323605007595485,-10.534047892796778,0.0741798246698675,0.0741798246698675
46,2359296,3.433180476020148e-11,1050424,1308872,1.1423311233520508,0.7018781900405884,0.7414095997810364,0.715578019618988,0.009802708402276039,0.050380609929561615,0.09998724609613419,34,2359296,0.4452277289496528,-10.464303365907343,0.06974452688943522,0.06974452688943522
48,2359296,4.002730438767976e-11,1039618,1319678,1.1332987546920776,0.6955409646034241,0.7353745102882385,0.7062018513679504,0.009600642137229443,0.0490853413939476,0.09808699786663055,34,2359296,0.44064754909939235,-10.397643656184547,0.06665970972279567,0.06665970972279567
50,2359296,4.6559450739280805e-11,1040154,1319142,1.1189050674438477,0.7041186094284058,0.7284849286079407,0.7101180553436279,0.010620543733239174,0.05336133390665054,0.10305782407522202,34,2359296,0.44087473551432294,-10.331992151689493,0.06565150449505452,0.06565150449505452
52,2359296,5.358812699141069e-11,1046038,1313258,1.1297976970672607,0.7013455033302307,0.7310309410095215,0.7251465320587158,0.010131563059985638,0.05001634731888771,0.09904037415981293,34,2359296,0.44336869981553817,-10.27093142212247,0.06106072956702313,0.06106072956702313
54,2359296,6.174696171035166e-11,1056482,1302814,1.1413216590881348,0.7115404605865479,0.7399766445159912,0.732673704624176,0.010392983444035053,0.05119632929563522,0.10212478786706924,34,2359296,0.44779544406467015,-10.209384407216342,0.06154701490612702,0.06154701490612702
56,2359296,6.971796751020776e-11,1033272,1326024,1.1595758199691772,0.714596152305603,0.7372040748596191,0.7346331477165222,0.011196470819413662,0.054661307483911514,0.10552690178155899,34,2359296,0.437957763671875,-10.15665528237627,0.05272912484007186,0.05272912484007186
58,2359296,7.784944217048562e-11,1008794,1350502,1.1149200201034546,0.7130221128463745,0.7295129299163818,0.7243006825447083,0.010901134461164474,0.05341823771595955,0.10374268144369125,34,2359296,0.42758263481987846,-10.10874449501812,0.04791078735815013,0.04791078735815013
60,2359296,8.844364823845652e-11,1033686,1325610,1.0868123769760132,0.6989234685897827,0.7322767972946167,0.7373852729797363,0.011174573563039303,0.05350077524781227,0.10577970743179321,34,2359296,0.43813323974609375,-10.053333351381067,0.055411143637053684,0.055411143637053684
62,2359296,1.0002357969662867e-10,1049328,1309968,1.1066749095916748,0.7173006534576416,0.7366757988929749,0.7456529140472412,0.010809775441884995,0.05329125002026558,0.10588681697845459,34,2359296,0.44476318359375,-9.999897606750226,0.05343574463084089,0.05343574463084089
64,2359296,1.0923192211853561e-10,1021324,1337972,1.1402137279510498,0.7249616980552673,0.7333051562309265,0.7412394285202026,0.011835617013275623,0.058406535536050797,0.11304737627506256,34,2359296,0.4328935411241319,-9.961650424140691,0.03824718260953475,0.03824718260953475
66,2359296,1.1991049819748412e-10,1008014,1351282,1.0942994356155396,0.7171846032142639,0.7330350279808044,0.7444360852241516,0.011593093164265156,0.05774225667119026,0.11312244087457657,34,2359296,0.42725202772352433,-9.92114279263387,0.040507631506821795,0.040507631506821795
68,2359296,1.3207893112543445e-10,1023362,1335934,1.0776182413101196,0.7036335468292236,0.733060896396637,0.7527033090591431,0.011198383755981922,0.05593524128198624,0.11094119399785995,34,2359296,0.43375735812717015,-9.879166454344022,0.0419763382898477,0.0419763382898477
70,2359296,1.4443357621019004e-10,1018320,1340976,1.111386775970459,0.7239927649497986,0.7269967794418335,0.7468224167823792,0.011227316223084927,0.05628093704581261,0.1120070368051529,34,2359296,0.4316202799479167,-9.840331835383026,0.038834618960995826,0.038834618960995826
72,2359296,1.5823792276492554e-10,1018206,1341090,1.0769342184066772,0.7134724855422974,0.7319318056106567,0.7533541321754456,0.012415955774486065,0.06020687520503998,0.11597456783056259,34,2359296,0.43157196044921875,-9.800689426819012,0.039642408564013465,0.039642408564013465
74,2359296,1.7149424935691826e-10,1024330,1334966,1.0885539054870605,0.7260295748710632,0.7356769442558289,0.7613139152526855,0.011898509226739407,0.059954311698675156,0.11829878389835358,34,2359296,0.43416765001085067,-9.76575043838757,0.03493898843144194,0.03493898843144194
76,2359296,1.831118173756252e-10,1006728,1352568,1.081146001815796,0.7222930788993835,0.7337955236434937,0.7629830837249756,0.012608171440660954,0.06262366473674774,0.12061251699924469,34,2359296,0.4267069498697917,-9.73728362699588,0.028466811391689717,0.028466811391689717
78,2359296,1.9661917927127348e-10,1006828,1352468,1.0629862546920776,0.7196215391159058,0.7330958247184753,0.7570539116859436,0.012301009148359299,0.06069159880280495,0.11895478516817093,34,2359296,0.4267493353949653,-9.706374121064318,0.03090950593156272,0.03090950593156272
80,2359296,2.087549022533608e-10,1007922,1351374,1.0796080827713013,0.7159098386764526,0.7287021279335022,0.7548912763595581,0.012530731037259102,0.06284911185503006,0.12397387623786926,34,2359296,0.42721303304036456,-9.680363317058324,0.02601080400599365,0.02601080400599365
82,2359296,2.2409947508794659e-10,1008660,1350636,1.0567646026611328,0.7168175578117371,0.7271255850791931,0.7591341733932495,0.012894335202872753,0.06401265412569046,0.1260196715593338,34,2359296,0.4275258382161458,-9.649559160719178,0.030804156339145905,0.030804156339145905
84,2359296,2.402210652618919e-10,1023170,1336126,1.0417548418045044,0.7225090265274048,0.7338972091674805,0.7755622863769531,0.013023251667618752,0.0643695592880249,0.1254112273454666,34,2359296,0.43367597791883683,-9.619388911479884,0.030170249239294122,0.030170249239294122
86,2359296,2.542144827977211e-10,1019967,1339329,1.0575262308120728,0.7314692735671997,0.7370613217353821,0.787796139717102,0.013241605833172798,0.06493053585290909,0.12622566521167755,34,2359296,0.43231836954752606,-9.594799710981215,0.024589200498668973,0.024589200498668973
88,2359296,2.636840468195345e-10,990961,1368335,1.068625569343567,0.7288364768028259,0.7278411984443665,0.7640897035598755,0.014185220003128052,0.06899060308933258,0.13262984156608582,34,2359296,0.4200240241156684,-9.578916144714825,0.01588356626639076,0.01588356626639076
90,2359296,2.7731161811317406e-10,988212,1371084,1.009006381034851,0.7178815007209778,0.7217265367507935,0.7557399868965149,0.013982829637825489,0.06843572109937668,0.13199494779109955,34,2359296,0.4188588460286458,-9.557031935049817,0.021884209665007148,0.021884209665007148
92,2359296,2.9288016456519017e-10,1023588,1335708,1.010172724723816,0.7069091796875,0.7261307835578918,0.7724487781524658,0.013513249345123768,0.06784174591302872,0.1338898092508316,34,2359296,0.4338531494140625,-9.533310040102577,0.023721894947239974,0.023721894947239974
94,2359296,3.057914477189172e-10,1023203,1336093,1.0671943426132202,0.7362949848175049,0.7254449725151062,0.7774558067321777,0.013909264467656612,0.07038193196058273,0.13698944449424744,34,2359296,0.4336899651421441,-9.514574664968238,0.018735375134339094,0.018735375134339094
96,2359296,3.176159890649899e-10,1006509,1352787,1.0217658281326294,0.7275835275650024,0.7285952568054199,0.7796236276626587,0.014900016598403454,0.07160492986440659,0.14012791216373444,34,2359296,0.42661412556966144,-9.498097642932882,0.016477022035356725,0.016477022035356725
98,2359296,3.293515737912145e-10,1005764,1353532,1.0194575786590576,0.7264241576194763,0.7234417200088501,0.7747781872749329,0.014950823970139027,0.07275364547967911,0.14134927093982697,34,2359296,0.4262983534071181,-9.482340256961477,0.015757385971404858,0.015757385971404858
0,2359296,3.673465848728127e-15,895466,1463830,0.053428955376148224,0.003660020884126425,0.04362986236810684,0.003656582674011588,0.6930235028266907,0.8531501889228821,0.9076882600784302,35,2359296,0.37954796685112846,-14.434923993325489,,
2,2359296,3.2783654670088744e-14,540356,1818940,0.2351199984550476,0.024552199989557266,0.12957216799259186,0.03157736361026764,0.16856665909290314,0.6934595108032227,0.7705420255661011,35,2359296,0.22903272840711805,-13.484342633603227,0.9505813597222623,0.9505813597222623
4,2359296,3.8614260172622344e-14,263602,2095694,0.0832531526684761,0.021755442023277283,0.16684524714946747,0.03657348081469536,0.2572135329246521,0.7710449695587158,0.8540906310081482,35,2359296,0.11172909206814235,-13.413252281582457,0.07109035202076974,0.07109035202076974
6,2359296,7.328384047603637e-14,267704,2091592,0.10007766634225845,0.024960903450846672,0.2182559370994568,0.0654870942234993,0.2031385451555252,0.733287513256073,0.8231815695762634,35,2359296,0.1134677463107639,-13.13499177932593,0.27826050225652743,0.27826050225652743
8,2359296,1.2647210210527116e-13,379998,1979298,0.10418550670146942,0.040667757391929626,0.262283593416214,0.10438644886016846,0.13563229143619537,0.6052321791648865,0.8127095699310303,35,2359296,0.16106414794921875,-12.898005262930333,0.23698651639559642,0.23698651639559642
10,2359296,2.271563877753388e-13,558578,1800718,0.22296687960624695,0.08226775377988815,0.32441338896751404,0.16774536669254303,0.061590325087308884,0.3094715476036072,0.5797901153564453,35,2359296,0.23675621880425346,-12.643675046053515,0.2543302168768182,0.2543302168768182
12,2359296,3.8934190615437514e-13,721708,1637588,0.35652947425842285,0.16522839665412903,0.39188724756240845,0.24870817363262177,0.030491555109620094,0.1521792709827423,0.3128841519355774,35,2359296,0.3058997260199653,-12.409668849217555,0.2340061968359599,0.2340061968359599
14,2359296,6.123162415473671e-13,800438,1558858,0.43686777353286743,0.2326986938714981,0.43779629468917847,0.3254895508289337,0.022827502340078354,0.1137002483010292,0.22853988409042358,35,2359296,0.33926984998914933,-12.213024220850318,0.1966446283672365,0.1966446283672365
16,2359296,8.562638445508419e-13,877246,1482050,0.5484765768051147,0.29345303773880005,0.4793720841407776,0.38121655583381653,0.017607375979423523,0.0877758339047432,0.17614100873470306,35,2359296,0.37182532416449654,-12.067392393527632,0.14563182732268665,0.14563182732268665
18,2359296,1.2409450637212993e-12,922790,1436506,0.7455629110336304,0.3866344094276428,0.5120359659194946,0.43906939029693604,0.01315033808350563,0.0653095543384552,0.1299862414598465,35,2359296,0.39112938774956596,-11.906247444166695,0.1611449493609367,0.1611449493609367
20,2359296,1.7659732183539223e-12,967512,1391784,1.006848692893982,0.40266600251197815,0.5577046275138855,0.49429967999458313,0.012092872522771358,0.061142392456531525,0.12344136089086533,35,2359296,0.4100850423177083,-11.753015886947184,0.15323155721951132,0.15323155721951132
22,2359296,2.4120232720858947e-12,1008556,1350740,1.0455716848373413,0.48136380314826965,0.63900226354599,0.5444870591163635,0.010882886126637459,0.054445166140794754,0.10963892936706543,35,2359296,0.4274817572699653,-11.617618506279097,0.1353973806680866,0.1353973806680866
24,2359296,3.2555509937165494e-12,985220,1374076,1.120728611946106,0.5324147939682007,0.6642131209373474,0.5791106820106506,0.010555003769695759,0.052692800760269165,0.10449747741222382,35,2359296,0.4175906711154514,-11.487375497639688,0.1302430086394093,0.1302430086394093
26,2359296,4.40651681810067e-12,1021304,1337992,1.999166488647461,0.5613256692886353,0.7079551219940186,0.6267292499542236,0.00887199118733406,0.044947441667318344,0.09219879657030106,35,2359296,0.4328850640190972,-11.355904567991793,0.13147092964789486,0.13147092964789486
28,2359296,5.66216691588739e-12,1022960,1336336,1.4076184034347534,0.5975170731544495,0.9054508209228516,0.6324246525764465,0.009790217503905296,0.04922577738761902,0.09800969809293747,35,2359296,0.4335869683159722,-11.24701733214853,0.10888723584326243,0.10888723584326243
30,2359296,7.275885189478304e-12,1021162,1338134,1.2775248289108276,0.593682050704956,0.9131760001182556,0.6539238095283508,0.00882817804813385,0.04499286413192749,0.0914556235074997,35,2359296,0.43282487657335067,-11.138114162545529,0.10890316960300161,0.10890316960300161
32,2359296,9.121962733782407e-12,1024602,1334694,1.5094269514083862,0.6514698266983032,0.8937908411026001,0.6799919009208679,0.009595921263098717,0.048670608550310135,0.09957720339298248,35,2359296,0.43428293863932294,-11.039911706327237,0.09820245621829216,0.09820245621829216
34,2359296,1.1769796075256078e-11,1016830,1342466,1.4200007915496826,0.647255539894104,0.9078222513198853,0.698222815990448,0.007774160709232092,0.0386996828019619,0.0776265487074852,35,2359296,0.43098873562282985,-10.929231061723959,0.11068064460327776,0.11068064460327776
36,2359296,1.4933828479390954e-11,1009496,1349800,1.2775439023971558,0.6679567694664001,0.895571231842041,0.7161451578140259,0.010170421563088894,0.05071639642119408,0.1023966446518898,35,2359296,0.4278801812065972,-10.825828841013777,0.10340222071018168,0.10340222071018168
38,2359296,1.766305851580441e-11,998802,1360494,1.3792589902877808,0.6736671328544617,0.87215656042099,0.7022926211357117,0.011207425966858864,0.05477261543273926,0.10481856763362885,35,2359296,0.42334747314453125,-10.752934092291472,0.07289474872230528,0.07289474872230528
40,2359296,2.1923091814146645e-11,1010712,1348584,2.079806327819824,0.6801541447639465,0.8668323755264282,0.716718316078186,0.008896698243916035,0.0453442744910717,0.09049363434314728,35,2359296,0.4283955891927083,-10.659098197307472,0.09383589498400013,0.09383589498400013
42,2359296,2.6645694331528524e-11,1030025,1329271,1.3737612962722778,0.6843194961547852,1.019286870956421,0.7430264353752136,0.008910463191568851,0.04691924899816513,0.09401033818721771,35,2359296,0.43658150566948783,-10.574372958462192,0.08472523884528016,0.08472523884528016
44,2359296,3.204776721776881e-11,990511,1368785,1.3619847297668457,0.7142614126205444,0.9645518660545349,0.7440979480743408,0.010893367230892181,0.053892385214567184,0.10539812594652176,35,2359296,0.41983328925238717,-10.494202222581379,0.08017073588081303,0.08017073588081303
46,2359296,3.7557033871760126e-11,966781,1392515,1.3528143167495728,0.6974816918373108,0.9225895404815674,0.7400419116020203,0.010612537153065205,0.05214417353272438,0.10361187905073166,35,2359296,0.40977520412868923,-10.425308714169336,0.06889350841204234,0.06889350841204234
48,2359296,4.4820758215990963e-11,993715,1365581,1.2571778297424316,0.7029312252998352,0.9090645909309387,0.7522034049034119,0.011777018196880817,0.055864106863737106,0.10433876514434814,35,2359296,0.42119132147894967,-10.348520800941616,0.0767879132277205,0.0767879132277205
50,2359296,5.100847522143681e-11,996536,1362760,1.4449142217636108,0.7098879814147949,0.8889014720916748,0.7549715638160706,0.010490339249372482,0.05371607467532158,0.10629420727491379,35,2359296,0.4223870171440972,-10.29235765848829,0.05616314245332532,0.05616314245332532
52,2359296,6.139325853249389e-11,992612,1366684,1.2993961572647095,0.7155420780181885,0.8937576413154602,0.7725288271903992,0.010626507923007011,0.05081945285201073,0.09671855717897415,35,2359296,0.4207238091362847,-10.211879315224937,0.08047834326335312,0.08047834326335312
54,2359296,6.993534917842936e-11,979764,1379532,2.0292162895202637,0.7131162285804749,0.8787341117858887,0.7628400921821594,0.01221722736954689,0.06079525128006935,0.11495114862918854,35,2359296,0.4152781168619792,-10.155303252400007,0.05657606282493077,0.05657606282493077
56,2359296,7.795477457994693e-11,946284,1413012,1.330173134803772,0.7270387411117554,0.9963210821151733,0.758476734161377,0.012368380092084408,0.05889246612787247,0.10996276140213013,35,2359296,0.4010874430338542,-10.108157279959144,0.047145972440862494,0.047145972440862494
58,2359296,8.820850994073481e-11,968684,1390612,1.3537408113479614,0.7002241015434265,0.9717249274253845,0.7580893635749817,0.010301605798304081,0.05158441886305809,0.10707414150238037,35,2359296,0.4105818006727431,-10.054489514165017,0.053667765794127575,0.053667765794127575
60,2359296,1.0234409153486723e-10,998291,1361005,1.3131717443466187,0.7120072841644287,0.9641933441162109,0.7861024737358093,0.010853548534214497,0.05381997674703598,0.10567459464073181,35,2359296,0.4231308831108941,-9.989937224695389,0.06455228946962777,0.06455228946962777
62,2359296,1.1282792755640259e-10,976185,1383111,1.3006672859191895,0.7265953421592712,0.9488844871520996,0.7781685590744019,0.012436166405677795,0.06405752897262573,0.11960642039775848,35,2359296,0.4137611389160156,-9.947583388983565,0.042353835711823606,0.042353835711823606
64,2359296,1.2426620843442038e-10,956512,1402784,1.3932853937149048,0.7354779243469238,0.9327947497367859,0.7804083228111267,0.011138386093080044,0.0563160739839077,0.10908278822898865,35,2359296,0.4054226345486111,-9.905646952497774,0.04193643648579126,0.04193643648579126
66,2359296,1.3761729256156485e-10,954682,1404614,1.2603305578231812,0.7037559151649475,0.9298776984214783,0.790641725063324,0.012859780341386795,0.06152729690074921,0.11723171174526215,35,2359296,0.40464697943793404,-9.861326990575797,0.044319961921976514,0.044319961921976514
68,2359296,1.526209852942273e-10,952434,1406862,1.218014121055603,0.7250173091888428,0.9072469472885132,0.7769795656204224,0.012770438566803932,0.06181740388274193,0.1156720519065857,35,2359296,0.40369415283203125,-9.816385747043757,0.04494124353204043,0.04494124353204043
70,2359296,1.6662472790418548e-10,959122,1400174,1.2498304843902588,0.7189682722091675,0.8932492136955261,0.7772844433784485,0.012991048395633698,0.06137801334261894,0.11658371239900589,35,2359296,0.40652889675564235,-9.778260546774227,0.03812520026952981,0.03812520026952981
72,2359296,1.842446750721649e-10,969986,1389310,1.2181739807128906,0.7256453037261963,0.8888635635375977,0.7993389368057251,0.012682657688856125,0.06220914423465729,0.12055432051420212,35,2359296,0.41113366021050346,-9.734605055003204,0.043655491771023236,0.043655491771023236
74,2359296,1.9657148131457802e-10,957928,1401368,1.200305461883545,0.7258137464523315,0.8825305104255676,0.8037815093994141,0.013213937170803547,0.0661897361278534,0.12616188824176788,35,2359296,0.4060228135850694,-9.706479489586865,0.028125565416338816,0.028125565416338816
76,2359296,2.1264351390826164e-10,950208,1409088,1.2690248489379883,0.7331832051277161,0.8714934587478638,0.8124169707298279,0.01328235398977995,0.05939330905675888,0.11508532613515854,35,2359296,0.4027506510416667,-9.672347859678437,0.034131629908427996,0.034131629908427996
78,2359296,2.265941184687037e-10,947954,1411342,1.2282443046569824,0.710345983505249,0.87389075756073,0.8003108501434326,0.013054430484771729,0.06439658254384995,0.12685953080654144,35,2359296,0.40179528130425346,-9.644751366978081,0.027596492700356023,0.027596492700356023
80,2359296,2.4255855657351333e-10,929204,1430092,1.181503176689148,0.727906346321106,0.8561585545539856,0.7780843377113342,0.013775231316685677,0.06351996213197708,0.12318500876426697,35,2359296,0.3938479953342014,-9.615183400456118,0.02956796652196303,0.02956796652196303
82,2359296,2.632020990045447e-10,963118,1396178,1.6417503356933594,0.7067669034004211,0.8563734292984009,0.8126963376998901,0.014528852887451649,0.07305854558944702,0.137424498796463,35,2359296,0.40822262234157985,-9.579710651598901,0.03547274885721663,0.03547274885721663
84,2359296,2.821716194034707e-10,979922,1379374,1.212805986404419,0.7441227436065674,0.9597350358963013,0.8276205062866211,0.012450991198420525,0.06329483538866043,0.12410274147987366,35,2359296,0.41534508599175346,-9.549486669377885,0.030223982221016854,0.030223982221016854
86,2359296,2.9288563241358645e-10,922006,1437290,1.6877011060714722,0.7343891263008118,0.9262695908546448,0.8075453639030457,0.014554135501384735,0.06861668825149536,0.13245250284671783,35,2359296,0.39079708523220485,-9.533301932232849,0.016184737145035655,0.016184737145035655
88,2359296,3.0823946173264005e-10,916596,1442700,1.0661648511886597,0.7261437177658081,0.9926316142082214,0.799313485622406,0.015441917814314365,0.0731641873717308,0.1333891898393631,35,2359296,0.3885040283203125,-9.51111176238705,0.0221901698457998,0.0221901698457998
90,2359296,3.2598937438343967e-10,969662,1389634,1.1047382354736328,0.6950638890266418,0.9729245901107788,0.8229852318763733,0.013812028802931309,0.07059779763221741,0.13989616930484772,35,2359296,0.41099633110894096,-9.486796555520543,0.02431520686650579,0.02431520686650579
92,2359296,3.4320749020544383e-10,970906,1388390,1.1956859827041626,0.7421473860740662,0.9504678845405579,0.8212757110595703,0.014335064217448235,0.07015406340360641,0.1373727172613144,35,2359296,0.41152360704210067,-9.464443242619964,0.02235331290057907,0.02235331290057907
94,2359296,3.5635266959488376e-10,940176,1419120,1.0809565782546997,0.7307654619216919,0.9308580756187439,0.8090112805366516,0.016141658648848534,0.07653354108333588,0.14550361037254333,35,2359296,0.39849853515625,-9.448119983363494,0.01632325925647038,0.01632325925647038
96,2359296,3.728150566040256e-10,938243,1421053,1.0762128829956055,0.7307528853416443,0.8991420865058899,0.8134827613830566,0.015532223507761955,0.07213802635669708,0.13774682581424713,35,2359296,0.3976792229546441,-9.428506556436082,0.019613426927412192,0.019613426927412192
98,2359296,3.8511066557944673e-10,937175,1422121,1.1021943092346191,0.7247816324234009,0.8734460473060608,0.8100378513336182,0.016115453094244003,0.07737722247838974,0.1513463407754898,35,2359296,0.39722654554578996,-9.414414453493192,0.01409210294288954,0.01409210294288954
0,589824,8.060385007829709e-15,143486,446338,0.04920905455946922,0.0070250132121145725,0.11142431199550629,0.007796471007168293,0.733730137348175,0.9233235120773315,0.9650209546089172,36,589824,0.24326917860243055,-14.09364421343281,,
2,589824,5.2460761971497016e-14,170206,419618,0.12268728762865067,0.031107841059565544,0.37085798382759094,0.043886128813028336,0.14796775579452515,0.7292868494987488,0.8211755156517029,36,589824,0.2885708279079861,-13.280165405746937,0.8134788076858737,0.8134788076858737
4,589824,4.692651974468054e-14,82946,506878,0.03434966504573822,0.020052144303917885,0.5217999219894409,0.04158361256122589,0.2566488981246948,0.8625732064247131,0.9369951486587524,36,589824,0.1406283908420139,-13.328581653580542,-0.04841624783360565,0.04841624783360565
6,589824,9.286789951412286e-14,87544,502280,0.06608784943819046,0.02780052460730076,0.7796413898468018,0.0755559429526329,0.1882367730140686,0.7490519285202026,0.8493786454200745,36,589824,0.14842393663194445,-13.032134377212191,0.296447276368351,0.296447276368351
8,589824,1.6898820938502507e-13,144426,445398,0.13962222635746002,0.05741541460156441,1.0004595518112183,0.12542055547237396,0.08759503066539764,0.4347139596939087,0.7531746029853821,36,589824,0.24486287434895834,-12.77214359584582,0.2599907813663709,0.2599907813663709
10,589824,3.316044812871899e-13,205300,384524,0.4119138717651367,0.13663510978221893,1.1999247074127197,0.2151573747396469,0.03302484378218651,0.17320993542671204,0.364549458026886,36,589824,0.3480699327256944,-12.479379609047133,0.292763986798688,0.292763986798688
12,589824,6.721810608123491e-13,242318,347506,0.9231533408164978,0.26840683817863464,1.2949774265289307,0.35067465901374817,0.01592535339295864,0.08108353614807129,0.1685471087694168,36,589824,0.4108310275607639,-12.172513728255359,0.3068658807917739,0.3068658807917739
14,589824,1.27709496623718e-12,250252,339572,1.7028361558914185,0.38078922033309937,1.2309874296188354,0.484019935131073,0.011884020641446114,0.05964387580752373,0.12029074132442474,36,589824,0.4242824978298611,-11.893776806903158,0.2787369213522002,0.2787369213522002
16,589824,2.628095657764007e-12,252964,336860,2.161280393600464,0.5375989079475403,1.1600267887115479,0.6278309226036072,0.007843012921512127,0.039242736995220184,0.07889264076948166,36,589824,0.4288804796006944,-11.580358831318119,0.3134179755850397,0.3134179755850397
18,589824,4.986562378295201e-12,250814,339010,2.2852368354797363,0.5831270217895508,1.1501469612121582,0.7051926851272583,0.007985997945070267,0.04051607847213745,0.08199702203273773,36,589824,0.4252353244357639,-11.302198743879295,0.2781600874388239,0.2781600874388239
20,589824,8.928282592413073e-12,250506,339318,1.8898711204528809,0.6798600554466248,1.0966382026672363,0.745145320892334,0.007185456808656454,0.0357995443046093,0.0724852904677391,36,589824,0.424713134765625,-11.049232072171803,0.2529666717074921,0.2529666717074921
22,589824,1.5230700381452245e-11,257632,332192,1.7556777000427246,0.654682993888855,1.0049415826797485,0.7767716646194458,0.00786393042653799,0.038675323128700256,0.07771550118923187,36,589824,0.4367947048611111,-10.817280125238732,0.23195194693307108,0.23195194693307108
24,589824,2.4899853012794182e-11,261210,328614,1.6540449857711792,0.7199803590774536,0.9246585965156555,0.7909699082374573,0.007725584786385298,0.03891504928469658,0.07789517939090729,36,589824,0.4428609212239583,-10.603803216595862,0.2134769086428694,0.2134769086428694
26,589824,3.70688792161733e-11,256814,333010,1.7143502235412598,0.7049789428710938,0.8744063377380371,0.7636826634407043,0.008204381912946701,0.04085836559534073,0.08105866611003876,36,589824,0.4354078504774306,-10.430990544738975,0.17281267185688698,0.17281267185688698
28,589824,5.622929899473661e-11,260886,328938,1.5435501337051392,0.7182735800743103,0.8459386825561523,0.7780628204345703,0.007934500463306904,0.041520051658153534,0.08329691737890244,36,589824,0.4423116048177083,-10.25003733076439,0.18095321397458441,0.18095321397458441
30,589824,8.112876342947217e-11,265162,324662,1.5523390769958496,0.7031800746917725,0.8339419960975647,0.7944259643554688,0.008828564547002316,0.043463993817567825,0.087169349193573,36,589824,0.4495612250434028,-10.09082514351986,0.15921218724453112,0.15921218724453112
32,589824,1.1177383324456613e-10,259602,330222,1.5536257028579712,0.7498220801353455,0.8164566159248352,0.7649106979370117,0.00921025313436985,0.04580473527312279,0.09036140143871307,36,589824,0.4401346842447917,-9.951659854835832,0.139165288684028,0.139165288684028
34,589824,1.4848355878172015e-10,256898,332926,1.5135776996612549,0.7147518992424011,0.8133351802825928,0.7545390725135803,0.00936947762966156,0.04611947014927864,0.08862271904945374,36,589824,0.4355502658420139,-9.828321632041554,0.12333822279427764,0.12333822279427764
36,589824,2.0526493005323942e-10,265810,324014,1.3601980209350586,0.7072456479072571,0.8116915822029114,0.7745634913444519,0.00916444044560194,0.045374516397714615,0.09059478342533112,36,589824,0.4506598578559028,-9.687685244420845,0.1406363876207095,0.1406363876207095
38,589824,2.6322152790747566e-10,267218,322606,1.4923537969589233,0.731284499168396,0.8132926821708679,0.7642384767532349,0.010100367479026318,0.05187524855136871,0.10348853468894958,36,589824,0.4530470106336806,-9.579678594278885,0.10800665014195943,0.10800665014195943
40,589824,3.3443947611289104e-10,259026,330798,1.4233225584030151,0.7395946383476257,0.8127156496047974,0.7630727887153625,0.010203609243035316,0.050624262541532516,0.09921783953905106,36,589824,0.4391581217447917,-9.475682465544832,0.10399612873405317,0.10399612873405317
42,589824,4.1620779045459244e-10,257288,332536,1.4046086072921753,0.7052037715911865,0.8092540502548218,0.7583919167518616,0.010260875336825848,0.05100898817181587,0.10077034682035446,36,589824,0.4362114800347222,-9.380689795052367,0.09499267049246463,0.09499267049246463
44,589824,5.2064191846668e-10,262298,327526,1.2628906965255737,0.7259879112243652,0.8059654235839844,0.7219904661178589,0.01035082247108221,0.05110980570316315,0.09884940087795258,36,589824,0.4447055392795139,-9.283460868447527,0.09722892660484028,0.09722892660484028
46,589824,6.481921110967903e-10,270022,319802,1.3190656900405884,0.7127783894538879,0.8128018975257874,0.763325572013855,0.010576915927231312,0.05127730220556259,0.09895490109920502,36,589824,0.4578009711371528,-9.18829625890699,0.09516460954053763,0.09516460954053763
48,589824,7.740711960302349e-10,265362,324462,1.3499423265457153,0.7501522302627563,0.8127844929695129,0.7650867700576782,0.011814050376415253,0.059643056243658066,0.11238609999418259,36,589824,0.4499003092447917,-9.111219092778258,0.07707716612873128,0.07707716612873128
50,589824,8.997820821754487e-10,253830,335994,1.3211088180541992,0.7266204953193665,0.8115525245666504,0.7490488290786743,0.01118859089910984,0.056659966707229614,0.10381357371807098,36,589824,0.4303487141927083,-9.045862659414295,0.0653564333639629,0.0653564333639629
52,589824,1.0882766909858788e-09,259076,330748,1.1440396308898926,0.6993431448936462,0.7965283989906311,0.7313855886459351,0.01210841629654169,0.06148389354348183,0.11655654013156891,36,589824,0.4392428927951389,-8.963260672568696,0.08260198684559938,0.08260198684559938
54,589824,1.2703305074523996e-09,264524,325300,1.2677397727966309,0.7198039889335632,0.7846083641052246,0.7550444602966309,0.012773888185620308,0.06151426583528519,0.10957417637109756,36,589824,0.4484795464409722,-8.896083272044997,0.0671774005236987,0.0671774005236987
56,589824,1.5049118617938007e-09,266524,323300,1.168887972831726,0.73170006275177,0.7979987859725952,0.7503034472465515,0.010419324971735477,0.05568729341030121,0.11112320423126221,36,589824,0.4518703884548611,-8.82248893465983,0.07359433738516685,0.07359433738516685
58,589824,1.7120292961081418e-09,265264,324560,1.2359769344329834,0.736728310585022,0.8006075024604797,0.7513960599899292,0.013273568823933601,0.06423035264015198,0.11941688507795334,36,589824,0.4497341579861111,-8.766488807982903,0.056000126676927664,0.056000126676927664
60,589824,1.9273687090759495e-09,257442,332382,1.1860682964324951,0.7313869595527649,0.7896965742111206,0.7523388862609863,0.012123119086027145,0.06004847586154938,0.11554446816444397,36,589824,0.4364725748697917,-8.71503519608678,0.05145361189612352,0.05145361189612352
62,589824,2.1489281465392196e-09,255680,334144,1.1716583967208862,0.7104305624961853,0.7833611965179443,0.7378054261207581,0.012187108397483826,0.057716675102710724,0.10920290648937225,36,589824,0.4334852430555556,-8.667778105719922,0.04725709036685721,0.04725709036685721
64,589824,2.466793880273599e-09,260876,328948,1.0268208980560303,0.7061023116111755,0.7681949734687805,0.729633629322052,0.011990370228886604,0.05793556943535805,0.10410309582948685,36,589824,0.4422946506076389,-8.607867137660483,0.059910968059439185,0.059910968059439185
66,589824,2.8061590828798444e-09,267502,322322,1.115540623664856,0.720496416091919,0.7582242488861084,0.755357027053833,0.013824195601046085,0.06843312829732895,0.1234794482588768,36,589824,0.4535285101996528,-8.551887712189162,0.055979425471321065,0.055979425471321065
68,589824,3.1182993964762318e-09,263726,326098,1.149582028388977,0.7515692114830017,0.7543941140174866,0.75412517786026,0.013441980816423893,0.0604415163397789,0.11297331005334854,36,589824,0.4471266004774306,-8.506082189341134,0.045805522848027636,0.045805522848027636
70,589824,3.4316496311248557e-09,259814,330010,1.08261239528656,0.7239317893981934,0.7675307989120483,0.7808123230934143,0.013155565597116947,0.06679008901119232,0.12206809967756271,36,589824,0.4404941134982639,-8.464497059703495,0.04158512963763883,0.04158512963763883
72,589824,3.710603158069148e-09,256174,333650,1.0887426137924194,0.7328798174858093,0.7439133524894714,0.7282560467720032,0.013440083712339401,0.06760638952255249,0.12817460298538208,36,589824,0.4343227810329861,-8.430555490134235,0.033941569569259755,0.033941569569259755
74,589824,4.018910537695319e-09,254786,335038,1.0562431812286377,0.7123658657073975,0.734824538230896,0.7181940078735352,0.012846074998378754,0.062154121696949005,0.11546552926301956,36,589824,0.4319695366753472,-8.395891661242077,0.03466382889215858,0.03466382889215858
76,589824,4.443696521860829e-09,264332,325492,1.0021809339523315,0.7064992189407349,0.7258237600326538,0.7311637997627258,0.014413692057132721,0.0693521797657013,0.1273663341999054,36,589824,0.4481540256076389,-8.352255608457916,0.043636052784160384,0.043636052784160384
78,589824,4.9101815946528404e-09,270866,318958,1.0665132999420166,0.7179145216941833,0.7360658645629883,0.7703742384910583,0.013896170072257519,0.06534596532583237,0.12069805711507797,36,589824,0.4592319064670139,-8.308902445942755,0.04335316251516197,0.04335316251516197
80,589824,5.261497459940756e-09,265394,324430,1.1321097612380981,0.7496114373207092,0.7376868724822998,0.7685007452964783,0.014902370981872082,0.07190818339586258,0.13183417916297913,36,589824,0.4499545627170139,-8.27889063492709,0.030011811015665302,0.030011811015665302
82,589824,5.570425010148483e-09,255026,334798,1.0852378606796265,0.7304287552833557,0.7448982000350952,0.7622655034065247,0.015763098374009132,0.06705198436975479,0.1242775171995163,36,589824,0.4323764377170139,-8.254111667928504,0.024778966998585616,0.024778966998585616
84,589824,5.977723649408517e-09,257654,332170,0.9666051864624023,0.7118291854858398,0.7387261390686035,0.7409459948539734,0.01633586175739765,0.07384710013866425,0.1397377848625183,36,589824,0.4368320041232639,-8.223464166297594,0.030647501630909346,0.030647501630909346
86,589824,6.334257562912171e-09,259980,329844,1.0296165943145752,0.7309840321540833,0.7289036512374878,0.7338067293167114,0.014143395237624645,0.0736595094203949,0.13106776773929596,36,589824,0.4407755533854167,-8.198304281368703,0.02515988492889143,0.02515988492889143
88,589824,6.660251905543646e-09,255772,334052,0.9877108335494995,0.7333335280418396,0.7062450647354126,0.7162908911705017,0.014509015716612339,0.07163802534341812,0.13461598753929138,36,589824,0.4336412217881944,-8.176509344535608,0.021794936833094525,0.021794936833094525
90,589824,7.052926243034108e-09,258780,331044,1.0133596658706665,0.7159463763237,0.7014047503471375,0.7386049032211304,0.01567740924656391,0.07266789674758911,0.1320774406194687,36,589824,0.4387410481770833,-8.151630657827138,0.02487868670847071,0.02487868670847071
92,589824,7.644973543108335e-09,272772,317052,0.9422504305839539,0.7129949331283569,0.71541428565979,0.7312853932380676,0.013920050114393234,0.07335430383682251,0.14630167186260223,36,589824,0.46246337890625,-8.116624013208096,0.035006644619041793,0.035006644619041793
94,589824,7.997374318335915e-09,272876,316948,1.1293268203735352,0.7494783401489258,0.7270039916038513,0.7692597508430481,0.016021929681301117,0.07040926814079285,0.13285522162914276,36,589824,0.4626397026909722,-8.097052576286941,0.019571436921154373,0.019571436921154373
96,589824,8.219839031653464e-09,258356,331468,1.0325168371200562,0.7393282055854797,0.7350998520851135,0.7778252959251404,0.01676368899643421,0.07855052500963211,0.14536143839359283,36,589824,0.4380221896701389,-8.085136687125297,0.011915889161643989,0.011915889161643989
98,589824,8.391599415347173e-09,251496,338328,1.0132912397384644,0.7283179759979248,0.7294111251831055,0.7576918005943298,0.015300441533327103,0.07294747978448868,0.13901612162590027,36,589824,0.4263916015625,-8.076155255969955,0.00898143115534289,0.00898143115534289
0,589824,2.7394944562071817e-14,142166,447658,0.0628833919763565,0.022939002141356468,0.07932838797569275,0.025903811678290367,0.20298102498054504,0.8071268796920776,0.8944965600967407,37,589824,0.2410312228732639,-13.562329574090766,,
2,589824,1.798207307883437e-13,181228,408596,0.29367345571517944,0.09712758660316467,0.19097135961055756,0.13179124891757965,0.04670911654829979,0.23729777336120605,0.5182973742485046,37,589824,0.3072577582465278,-12.745160241701853,0.8171693323889127,0.8171693323889127
4,589824,1.7020182463932387e-13,87212,502612,0.12318851798772812,0.06748520582914352,0.2518857717514038,0.13318808376789093,0.08254598081111908,0.3717034161090851,0.7438654899597168,37,589824,0.1478610568576389,-12.769035788396307,-0.023875546694453575,0.023875546694453575
6,589824,3.0375796821434375e-13,77450,512374,0.14087174832820892,0.06548343598842621,0.34476763010025024,0.2016659826040268,0.08256939798593521,0.3911556005477905,0.7079147696495056,37,589824,0.1313103569878472,-12.517472320780854,0.251563467615453,0.251563467615453
8,589824,4.564715033912592e-13,106516,483308,0.13554956018924713,0.08397587388753891,0.39616987109184265,0.25938835740089417,0.061718426644802094,0.3038041293621063,0.5832551121711731,37,589824,0.18058946397569445,-12.340586329424804,0.1768859913560501,0.1768859913560501
10,589824,6.953325176924097e-13,148196,441628,0.21069326996803284,0.1582670956850052,0.45455464720726013,0.32996705174446106,0.03423169255256653,0.16739992797374725,0.32801154255867004,37,589824,0.2512546115451389,-12.157807460066197,0.1827788693586072,0.1827788693586072
12,589824,9.230809476165613e-13,174292,415532,0.2842557430267334,0.2456682175397873,0.4868040978908539,0.3701745271682739,0.0257556289434433,0.1243373230099678,0.23535217344760895,37,589824,0.2954983181423611,-12.034760212775035,0.12304724729116145,0.12304724729116145
14,589824,1.1929030896765114e-12,193546,396278,0.34868115186691284,0.28788140416145325,0.5111420750617981,0.40246739983558655,0.02305394969880581,0.10888884216547012,0.20806939899921417,37,589824,0.3281419542100694,-11.923394836571287,0.11136537620374831,0.11136537620374831
16,589824,1.5134548345466237e-12,212236,377588,0.3834206461906433,0.333658903837204,0.5252597332000732,0.42909935116767883,0.01863020472228527,0.0908564031124115,0.17815545201301575,37,589824,0.3598293728298611,-11.820030534998029,0.10336430157325793,0.10336430157325793
18,589824,1.816466139829831e-12,225456,364368,0.44075655937194824,0.37385883927345276,0.5321298837661743,0.44094017148017883,0.016637392342090607,0.08001117408275604,0.15508125722408295,37,589824,0.3822428385416667,-11.740772693271742,0.07925784172628703,0.07925784172628703
20,589824,2.153027539239516e-12,235638,354186,0.4838177263736725,0.40920424461364746,0.5371841192245483,0.45392441749572754,0.014853292144834995,0.07302727550268173,0.14192533493041992,37,589824,0.399505615234375,-11.666950415107648,0.07382227816409426,0.07382227816409426
22,589824,2.5124195258963145e-12,245114,344710,0.5256715416908264,0.442903071641922,0.5368801951408386,0.46868830919265747,0.014030206948518753,0.06830291450023651,0.13262401521205902,37,589824,0.4155714246961806,-11.599907840026733,0.06704257508091516,0.06704257508091516
24,589824,2.928587710879227e-12,253750,336074,0.5811682939529419,0.47228747606277466,0.5390597581863403,0.4825062155723572,0.013079802505671978,0.06383448094129562,0.1245635375380516,37,589824,0.4302130805121528,-11.53334176436936,0.06656607565737183,0.06656607565737183
26,589824,3.375154322693419e-12,258680,331144,0.6341909766197205,0.5008078217506409,0.54200679063797,0.4945993423461914,0.01216947566717863,0.060654088854789734,0.11934822052717209,37,589824,0.4385715060763889,-11.471706365066455,0.06163539930290618,0.06163539930290618
28,589824,3.8546956425411505e-12,262508,327316,0.6733238101005554,0.5215350389480591,0.5457375645637512,0.5074304342269897,0.01151202991604805,0.0584363117814064,0.11627455055713654,37,589824,0.4450615776909722,-11.414009907102805,0.057696457963649195,0.057696457963649195
30,589824,4.41090176536707e-12,266416,323408,0.7323195338249207,0.5461418628692627,0.551968514919281,0.5220386385917664,0.011579634621739388,0.05695228651165962,0.11256080865859985,37,589824,0.4516872829861111,-11.355472614231132,0.058537292871672975,0.058537292871672975
32,589824,5.0213518239250465e-12,267600,322224,0.7852689027786255,0.5635598301887512,0.5590469837188721,0.5347721576690674,0.011263079009950161,0.055145736783742905,0.11061285436153412,37,589824,0.4536946614583333,-11.29917934846507,0.05629326576606175,0.05629326576606175
34,589824,5.718645175456505e-12,268208,321616,0.8343819379806519,0.5827239751815796,0.5695947408676147,0.5481919050216675,0.010603711009025574,0.0539245679974556,0.10761797428131104,37,589824,0.4547254774305556,-11.242706849269354,0.05647249919571706,0.05647249919571706
36,589824,6.6086697746159384e-12,268628,321196,0.8812024593353271,0.5975902080535889,0.5872029662132263,0.5671629309654236,0.010259540751576424,0.05209806561470032,0.10459072887897491,37,589824,0.4554375542534722,-11.17988594863572,0.06282090063363377,0.06282090063363377
38,589824,7.57447923827037e-12,269288,320536,0.9103089570999146,0.6112878918647766,0.6018432378768921,0.5825554132461548,0.01070229709148407,0.05203351005911827,0.10536303371191025,37,589824,0.4565565321180556,-11.120647220478464,0.05923872815725595,0.05923872815725595
40,589824,8.652546561183083e-12,268594,321230,0.9631511569023132,0.6260263323783875,0.614246129989624,0.5956388115882874,0.010108193382620811,0.05160949379205704,0.10396360605955124,37,589824,0.4553799099392361,-11.062856054997084,0.057791165481379636,0.057791165481379636
42,589824,9.863477222482597e-12,266976,322848,0.9821127653121948,0.6374508142471313,0.6288884878158569,0.6116739511489868,0.010038355365395546,0.051244307309389114,0.10356736183166504,37,589824,0.45263671875,-11.005969953992176,0.056886101004907985,0.056886101004907985
44,589824,1.1254054112230794e-11,265762,324062,1.0139576196670532,0.6466529965400696,0.6420978307723999,0.6264496445655823,0.010170754045248032,0.05073712393641472,0.10173764079809189,37,589824,0.4505784776475694,-10.948691000983453,0.057278953008722766,0.057278953008722766
46,589824,1.2919186553883577e-11,264162,325662,1.0164215564727783,0.6569807529449463,0.6545865535736084,0.6379814743995667,0.009675880894064903,0.05020782724022865,0.10186173766851425,37,589824,0.4478658040364583,-10.888764830480355,0.059926170503098675,0.059926170503098675
48,589824,1.4686692834109394e-11,262914,326910,1.0211399793624878,0.6637495756149292,0.6631261110305786,0.6478712558746338,0.01012498326599598,0.05079988017678261,0.10220452398061752,37,589824,0.4457499186197917,-10.833075988116953,0.0556888423634021,0.0556888423634021
50,589824,1.65897243858959e-11,261598,328226,1.0365607738494873,0.672132134437561,0.6679945588111877,0.6569987535476685,0.010275307111442089,0.051407117396593094,0.1029747873544693,37,589824,0.4435187445746528,-10.780160829085878,0.05291515903107502,0.05291515903107502
52,589824,1.8710800270271832e-11,260522,329302,1.052756667137146,0.6747426390647888,0.6734486818313599,0.6663944721221924,0.010555730201303959,0.052110761404037476,0.1041831374168396,37,589824,0.4416944715711806,-10.727907637110867,0.05225319197501044,0.05225319197501044
54,589824,2.104630011934283e-11,259386,330438,1.049188256263733,0.6819155812263489,0.6802524924278259,0.6749438047409058,0.009954276494681835,0.05108216777443886,0.10316670686006546,37,589824,0.4397684733072917,-10.676824240872666,0.05108339623820157,0.05108339623820157
56,589824,2.3606071958282016e-11,258124,331700,1.0522350072860718,0.6845554113388062,0.6831924319267273,0.6828057765960693,0.010735150426626205,0.052815698087215424,0.1052246168255806,37,589824,0.4376288519965278,-10.626976273351927,0.049847967520738834,0.049847967520738834
58,589824,2.6280706777459528e-11,257186,332638,1.0522583723068237,0.690912663936615,0.6871875524520874,0.6894683241844177,0.010288274846971035,0.052961673587560654,0.10630439221858978,37,589824,0.4360385470920139,-10.580362959301636,0.046613314050290455,0.046613314050290455
60,589824,2.907858676071129e-11,255478,334346,1.0648654699325562,0.6913082003593445,0.6882989406585693,0.6959139704704285,0.010560596361756325,0.05301043763756752,0.10667063295841217,37,589824,0.4331427680121528,-10.536426704310218,0.04393625499141862,0.04393625499141862
62,589824,3.2202605165787546e-11,255192,334632,1.0587233304977417,0.69389408826828,0.6932188272476196,0.7035786509513855,0.010548919439315796,0.052772026509046555,0.10721730440855026,37,589824,0.4326578776041667,-10.492108992796105,0.0443177115141129,0.0443177115141129
64,589824,3.535411546851108e-11,254782,335042,1.0661946535110474,0.697283923625946,0.6984496116638184,0.7100441455841064,0.01073859166353941,0.05411292612552643,0.1087910383939743,37,589824,0.4319627549913194,-10.451560023982156,0.040548968813949315,0.040548968813949315
66,589824,3.858112440635608e-11,253142,336682,1.0632824897766113,0.6991348266601562,0.701092541217804,0.7164238691329956,0.010883219540119171,0.05470447614789009,0.11083897948265076,37,589824,0.4291822645399306,-10.413625119451078,0.03793490453107751,0.03793490453107751
68,589824,4.196361313990593e-11,252226,337598,1.0643117427825928,0.7006667852401733,0.7040141224861145,0.7215074896812439,0.010827591642737389,0.054760415107011795,0.11102741211652756,37,589824,0.4276292588975694,-10.377127125360092,0.0364979940909862,0.0364979940909862
70,589824,4.536483341754938e-11,251838,337986,1.0572805404663086,0.7000453472137451,0.7069534063339233,0.7255269289016724,0.011221499182283878,0.056754738092422485,0.11451409012079239,37,589824,0.426971435546875,-10.343280679539747,0.033846445820344684,0.033846445820344684
72,589824,4.899576230843472e-11,251744,338080,1.0685311555862427,0.701303243637085,0.709315299987793,0.7302985787391663,0.011376637034118176,0.057320136576890945,0.11562143266201019,37,589824,0.4268120659722222,-10.309841480903115,0.03343919863663203,0.03343919863663203
74,589824,5.2644843345772685e-11,251290,338534,1.0726314783096313,0.7063969373703003,0.7147901654243469,0.7384642362594604,0.011767280288040638,0.05852600559592247,0.11782800406217575,37,589824,0.4260423448350694,-10.278644162297189,0.031197318605926228,0.031197318605926228
76,589824,5.633656388615016e-11,250362,339462,1.0643647909164429,0.7076224088668823,0.7209810018539429,0.7450714111328125,0.011850840412080288,0.05841941013932228,0.11948299407958984,37,589824,0.424468994140625,-10.249209645294734,0.02943451700245525,0.02943451700245525
78,589824,6.001227986773827e-11,249198,340626,1.0728212594985962,0.709000289440155,0.7227737307548523,0.7480992674827576,0.012207160703837872,0.06065056845545769,0.12145764380693436,37,589824,0.4224955240885417,-10.22175987406426,0.027449771230473985,0.027449771230473985
80,589824,6.378565731157693e-11,248382,341442,1.05495285987854,0.7081080079078674,0.7262333035469055,0.7516064047813416,0.012078169733285904,0.060716960579156876,0.12200964242219925,37,589824,0.421112060546875,-10.195276964706716,0.026482909357543605,0.026482909357543605
82,589824,6.770822791324349e-11,248456,341368,1.0490161180496216,0.7099822163581848,0.7269073128700256,0.7561765909194946,0.012316063977777958,0.06238529086112976,0.12443248927593231,37,589824,0.4212375217013889,-10.169358552582297,0.02591841212441892,0.02591841212441892
84,589824,7.16997849981027e-11,249062,340762,1.0471937656402588,0.710882306098938,0.728741466999054,0.7635011672973633,0.012073298916220665,0.06280764937400818,0.1264946013689041,37,589824,0.4222649468315972,-10.14448214662338,0.024876405958917047,0.024876405958917047
86,589824,7.550601116568245e-11,249284,340540,1.0443161725997925,0.7139261960983276,0.7320848703384399,0.7700726389884949,0.013001235201954842,0.06418783217668533,0.12866449356079102,37,589824,0.4226413302951389,-10.122018472050744,0.022463674572636094,0.022463674572636094
88,589824,7.916563238286045e-11,248278,341546,1.050512671470642,0.7138823866844177,0.7329249978065491,0.7723684310913086,0.01306197140365839,0.06453250348567963,0.1293751448392868,37,589824,0.4209357367621528,-10.101463314695838,0.020555157354905873,0.020555157354905873
90,589824,8.284175428974194e-11,246664,343160,1.0337517261505127,0.7150043845176697,0.7318162322044373,0.7735822796821594,0.01293257251381874,0.06597638875246048,0.1319608986377716,37,589824,0.4181993272569444,-10.081750712889551,0.019712601806286756,0.019712601806286756
92,589824,8.665031886456731e-11,247804,342020,1.0115691423416138,0.7117713689804077,0.7322195768356323,0.7788896560668945,0.013030460104346275,0.06612887978553772,0.13281868398189545,37,589824,0.4201321072048611,-10.062229834786564,0.019520878102987638,0.019520878102987638
94,589824,9.021416946808358e-11,248708,341116,1.0324819087982178,0.7185001373291016,0.7301899790763855,0.7832484245300293,0.01278607826679945,0.06723546981811523,0.13413721323013306,37,589824,0.4216647677951389,-10.044725244736235,0.017504590050329227,0.017504590050329227
96,589824,9.370290654509006e-11,248154,341670,1.0175436735153198,0.7164523005485535,0.7304449081420898,0.7880223989486694,0.013914747163653374,0.06960194557905197,0.13942955434322357,37,589824,0.4207255045572917,-10.02824693764033,0.016478307095905365,0.016478307095905365
98,589824,9.688091995307957e-11,247760,342064,1.0163990259170532,0.7201123237609863,0.7288933396339417,0.7899669408798218,0.013505005277693272,0.06928479671478271,0.1391790509223938,37,589824,0.4200575086805556,-10.013761745911152,0.01448519172917706,0.01448519172917706
0,589824,1.2170248160213882e-14,148396,441428,0.048000141978263855,0.010621437802910805,0.16335555911064148,0.011695998720824718,0.4571281969547272,0.8760613203048706,0.9338863492012024,38,589824,0.2515936957465278,-13.914700566099212,,
2,589824,8.164912431059268e-14,173502,416322,0.16004659235477448,0.04750538989901543,0.49488502740859985,0.0660102441906929,0.09710551053285599,0.5318498015403748,0.7674033045768738,38,589824,0.294158935546875,-13.088048468724212,0.8266520973749998,0.8266520973749998
4,589824,7.282306810525718e-14,84602,505222,0.05158590152859688,0.030042365193367004,0.6877214312553406,0.06271539628505707,0.17579962313175201,0.8044490814208984,0.8973428606987,38,589824,0.1434360080295139,-13.137731027776233,-0.04968255905202135,0.04968255905202135
6,589824,1.3553166835350572e-13,82328,507496,0.0796055868268013,0.03576125577092171,0.94933021068573,0.10488402843475342,0.1486128568649292,0.6672213673591614,0.820534884929657,38,589824,0.1395806206597222,-12.867959215606968,0.2697718121692656,0.2697718121692656
8,589824,2.4245747553761077e-13,140994,448830,0.16175337135791779,0.07401435822248459,1.2157117128372192,0.16729751229286194,0.06873341649770737,0.339347779750824,0.6458005309104919,38,589824,0.239044189453125,-12.615364421015633,0.25259479459133516,0.25259479459133516
10,589824,4.683654722739683e-13,202260,387564,0.4509006142616272,0.17114140093326569,1.3815840482711792,0.2720283269882202,0.027711857110261917,0.14193612337112427,0.29084348678588867,38,589824,0.3429158528645833,-12.329415128445095,0.28594929257053714,0.28594929257053714
12,589824,9.26734925778272e-13,238954,350870,0.9214743971824646,0.3137902617454529,1.4344109296798706,0.4113923907279968,0.014408630318939686,0.07191760838031769,0.14682741463184357,38,589824,0.4051276312934028,-12.033044469452225,0.2963706589928705,0.2963706589928705
14,589824,1.687678642670054e-12,251610,338214,1.5598061084747314,0.42060890793800354,1.2934424877166748,0.5312722325325012,0.010893844068050385,0.0546361468732357,0.10998371243476868,38,589824,0.4265848795572917,-11.77271024550758,0.26033422394464445,0.26033422394464445
16,589824,3.2101704107445617e-12,256784,333040,2.0302889347076416,0.5550203919410706,1.1806514263153076,0.6454281806945801,0.007889899425208569,0.03870568051934242,0.07803445309400558,38,589824,0.4353569878472222,-11.493471912616426,0.2792383328911541,0.2792383328911541
18,589824,5.979352863533238e-12,255416,334408,2.1210286617279053,0.5952275991439819,1.1530063152313232,0.7127969861030579,0.007689416408538818,0.039645127952098846,0.07906708866357803,38,589824,0.4330376519097222,-11.223345816514048,0.2701260961023788,0.2701260961023788
20,589824,1.0425796510837859e-11,252768,337056,1.8597092628479004,0.6806052923202515,1.0805915594100952,0.7434977293014526,0.007587985601276159,0.03682428225874901,0.07294831424951553,38,589824,0.4285481770833333,-10.98189075582207,0.24145506069197786,0.24145506069197786
22,589824,1.7704501059645494e-11,259174,330650,1.606303334236145,0.6618252396583557,0.9919167757034302,0.7744331955909729,0.007111052516847849,0.03618418425321579,0.07355675846338272,38,589824,0.4394090440538194,-10.751916307826853,0.22997444799521638,0.22997444799521638
24,589824,2.8475936886263042e-11,264206,325618,1.608581304550171,0.7188961505889893,0.9037351608276367,0.7870970964431763,0.007479012478142977,0.037758417427539825,0.0758763998746872,38,589824,0.4479404025607639,-10.545521978299233,0.2063943295276207,0.2063943295276207
26,589824,4.2473077138671655e-11,259506,330318,1.5997917652130127,0.6990994215011597,0.85242760181427,0.7585208415985107,0.008030642755329609,0.039941273629665375,0.07956656068563461,38,589824,0.439971923828125,-10.371886273599996,0.17363570469923673,0.17363570469923673
28,589824,6.335612590113726e-11,262952,326872,1.5080028772354126,0.7202096581459045,0.8214390873908997,0.7671985030174255,0.008374151773750782,0.0407450795173645,0.08184003084897995,38,589824,0.4458143446180556,-10.1982113868352,0.1736748867647968,0.1736748867647968
30,589824,9.206156670327204e-11,269292,320532,1.4775495529174805,0.6974027156829834,0.813855767250061,0.7891710996627808,0.008251266553997993,0.041909895837306976,0.0842505544424057,38,589824,0.4565633138020833,-10.03592163855788,0.16228974827731868,0.16228974827731868
32,589824,1.268383037489329e-10,264044,325780,1.5160679817199707,0.7496323585510254,0.7998970746994019,0.7718322277069092,0.008809138089418411,0.04512884095311165,0.09026147425174713,38,589824,0.4476657443576389,-9.896749574571503,0.13917206398637738,0.13917206398637738
34,589824,1.6742832120719697e-10,258128,331696,1.4424396753311157,0.7156315445899963,0.7922439575195312,0.7447313666343689,0.009688991121947765,0.048561178147792816,0.09313208609819412,38,589824,0.4376356336805556,-9.77617107738415,0.1205784971873527,0.1205784971873527
36,589824,2.2976195945823008e-10,266862,322962,1.278830885887146,0.711155116558075,0.7877939343452454,0.7661275267601013,0.009008401073515415,0.04486963152885437,0.08816541731357574,38,589824,0.4524434407552083,-9.638721873667476,0.1374492037166739,0.1374492037166739
38,589824,2.988432001860275e-10,270516,319308,1.342442512512207,0.722903847694397,0.7776353359222412,0.7571147680282593,0.009703677147626877,0.050987739115953445,0.10213813185691833,38,589824,0.4586385091145833,-9.524556621561212,0.1141652521062646,0.1141652521062646
40,589824,3.776489398976679e-10,263598,326226,1.3371800184249878,0.745490312576294,0.7690465450286865,0.75685054063797,0.010269424878060818,0.05078946053981781,0.09943550080060959,38,589824,0.4469095865885417,-9.422911730077734,0.10164489148347755,0.10164489148347755
42,589824,4.708753387205888e-10,261060,328764,1.2478969097137451,0.7061211466789246,0.7632296681404114,0.7549842596054077,0.010185398161411285,0.05034474655985832,0.0991457924246788,38,589824,0.4426066080729167,-9.327094054382135,0.09581767569559929,0.09581767569559929
44,589824,5.849024597992525e-10,262062,327762,1.2045392990112305,0.7323446869850159,0.7383522391319275,0.7151280641555786,0.010520411655306816,0.05040792003273964,0.0967862606048584,38,589824,0.444305419921875,-9.232916552213364,0.09417750216877074,0.09417750216877074
46,589824,7.331247831032783e-10,271512,318312,1.1885052919387817,0.7023728489875793,0.7469795346260071,0.749822735786438,0.00997009314596653,0.052063994109630585,0.09933262318372726,38,589824,0.4603271484375,-9.134822099027438,0.0980944531859258,0.0980944531859258
48,589824,8.824062036616453e-10,272380,317444,1.2845842838287354,0.7511069774627686,0.7518796324729919,0.764453113079071,0.011017696000635624,0.0559108592569828,0.10839268565177917,38,589824,0.4617987738715278,-9.054331447296617,0.08049065173082148,0.08049065173082148
50,589824,1.0171392617053243e-09,256838,332986,1.2773572206497192,0.7330144643783569,0.7524078488349915,0.7419545650482178,0.011863510124385357,0.05659988150000572,0.10332583636045456,38,589824,0.4354485405815972,-8.992619581541739,0.0617118657548783,0.0617118657548783
52,589824,1.2232055368599504e-09,259170,330654,1.095971703529358,0.7073696851730347,0.7425166964530945,0.7225469946861267,0.012131033465266228,0.05967125669121742,0.11325770616531372,38,589824,0.4394022623697917,-8.912500561750182,0.08011901979155667,0.08011901979155667
54,589824,1.4371677181657105e-09,267734,322090,1.1836045980453491,0.7105636596679688,0.7314399480819702,0.7440205216407776,0.012426513247191906,0.061691828072071075,0.11075545102357864,38,589824,0.4539218478732639,-8.84249254653276,0.07000801521742162,0.07000801521742162
56,589824,1.6984421646881742e-09,269560,320264,1.1165837049484253,0.735123336315155,0.7439697980880737,0.7413550019264221,0.010702626779675484,0.054188307374715805,0.10547930002212524,38,589824,0.4570176866319444,-8.769949237127442,0.07254330940531872,0.07254330940531872
58,589824,1.9421104724415272e-09,268160,321664,1.178155541419983,0.736146092414856,0.7456841468811035,0.7406383156776428,0.012410501018166542,0.06182130053639412,0.11694137752056122,38,589824,0.4546440972222222,-8.711726069892903,0.05822316723453902,0.05822316723453902
60,589824,2.188274894621145e-09,261468,328356,1.1692705154418945,0.7368922233581543,0.7401374578475952,0.7486262917518616,0.012628696858882904,0.06083345040678978,0.1181100532412529,38,589824,0.44329833984375,-8.65989812213839,0.05182794775451249,0.05182794775451249
62,589824,2.449340064103467e-09,259684,330140,1.1021329164505005,0.707802414894104,0.7416841387748718,0.7346184253692627,0.011945287697017193,0.05861354619264603,0.11167804151773453,38,589824,0.4402737087673611,-8.610950913645917,0.04894720849247314,0.04894720849247314
64,589824,2.7804440971834765e-09,262598,327226,1.042252540588379,0.7196477651596069,0.7240071892738342,0.7175198197364807,0.012540079653263092,0.05960822105407715,0.10668397694826126,38,589824,0.4452141655815972,-8.55588583230037,0.05506508134554622,0.05506508134554622
66,589824,3.173818097224057e-09,269348,320476,1.0602818727493286,0.7049121856689453,0.7218846082687378,0.7438042759895325,0.013666334562003613,0.06615233421325684,0.12368756532669067,38,589824,0.4566582573784722,-8.49841796782555,0.05746786447482144,0.05746786447482144
68,589824,3.5267511133696416e-09,267486,322338,1.1333147287368774,0.7519689202308655,0.716523289680481,0.7391594648361206,0.01377642247825861,0.06510995328426361,0.11784542351961136,38,589824,0.4535013834635417,-8.452625187881166,0.045792779944383355,0.045792779944383355
70,589824,3.89744503337397e-09,262994,326830,1.0730239152908325,0.725014328956604,0.7322289943695068,0.7695003151893616,0.013266462832689285,0.0633588582277298,0.11794185638427734,38,589824,0.4458855523003472,-8.40922000105784,0.0434051868233265,0.0434051868233265
72,589824,4.237648010274597e-09,262170,327654,1.0605838298797607,0.7358867526054382,0.7243167757987976,0.7385393977165222,0.014837700873613358,0.06932143121957779,0.12985467910766602,38,589824,0.444488525390625,-8.3728751197215,0.03634488133633873,0.03634488133633873
74,589824,4.55126869525202e-09,256808,333016,1.061737060546875,0.7203657627105713,0.7096307873725891,0.7103943228721619,0.013212204910814762,0.06245911493897438,0.11530403792858124,38,589824,0.4353976779513889,-8.341867524102359,0.031007595619142236,0.031007595619142236
76,589824,5.026537408525655e-09,263574,326250,0.9708308577537537,0.7093272805213928,0.7004217505455017,0.7099657654762268,0.014098508283495903,0.06957059353590012,0.12760363519191742,38,589824,0.446868896484375,-8.298731080988125,0.04313644311423381,0.04313644311423381
78,589824,5.564466665219925e-09,274096,315728,1.0173499584197998,0.709511399269104,0.7092362642288208,0.7514216303825378,0.013590129092335701,0.06523627042770386,0.12011120468378067,38,589824,0.4647081163194444,-8.254576454950447,0.0441546260376775,0.0441546260376775
80,589824,6.006252828427705e-09,269542,320282,1.0877845287322998,0.7524030804634094,0.709683358669281,0.7646067142486572,0.01419815793633461,0.06875365972518921,0.13022089004516602,38,589824,0.4569871690538194,-8.22139639047204,0.03318006447840638,0.03318006447840638
82,589824,6.335818980574004e-09,259268,330556,1.0632761716842651,0.733217179775238,0.7156961560249329,0.7509987950325012,0.016346020624041557,0.0684966892004013,0.12775969505310059,38,589824,0.4395684136284722,-8.198197239382717,0.023199151089324133,0.023199151089324133
84,589824,6.7879466492115625e-09,260210,329614,0.9520174860954285,0.7194867730140686,0.7097194790840149,0.7344143390655518,0.0166365634649992,0.07289112359285355,0.13687406480312347,38,589824,0.4411655002170139,-8.168261579737402,0.029935659645314416,0.029935659645314416
86,589824,7.230830600946092e-09,264236,325588,0.9878464341163635,0.7215979099273682,0.7027845978736877,0.7317634224891663,0.015535354614257812,0.0736500695347786,0.1328282356262207,38,589824,0.4479912651909722,-8.140811812707044,0.027449767030358174,0.027449767030358174
88,589824,7.585437167278997e-09,260848,328976,0.9949918985366821,0.7393755316734314,0.6834310293197632,0.708695650100708,0.014702048152685165,0.07280868291854858,0.13588756322860718,38,589824,0.4422471788194444,-8.120019384703776,0.020792428003268526,0.020792428003268526
90,589824,8.029180875723796e-09,261036,328788,0.9806848764419556,0.7146418690681458,0.6793558597564697,0.7314877510070801,0.014484590850770473,0.07246892899274826,0.1342649906873703,38,589824,0.44256591796875,-8.095328758494496,0.024690626209279642,0.024690626209279642
92,589824,8.635649528798695e-09,272280,317544,0.9398884177207947,0.7198523879051208,0.6869340538978577,0.7170888185501099,0.014250037260353565,0.07206185162067413,0.1409541666507721,38,589824,0.4616292317708333,-8.063704991488034,0.031623767006461634,0.031623767006461634
94,589824,9.088965136072602e-09,275548,314276,1.0527747869491577,0.7418305277824402,0.7003065347671509,0.7534226775169373,0.01608068309724331,0.07270602136850357,0.14011351764202118,38,589824,0.4671698676215278,-8.041485562463231,0.022219429024803006,0.022219429024803006
96,589824,9.395483502316893e-09,264978,324846,1.0226311683654785,0.7437890768051147,0.7073788046836853,0.7735973596572876,0.017616556957364082,0.07807063311338425,0.14323830604553223,38,589824,0.449249267578125,-8.027080865698085,0.014404696765145886,0.014404696765145886
98,589824,9.555327196153485e-09,255004,334820,0.9877416491508484,0.7314503192901611,0.7009007930755615,0.7516130208969116,0.01641542837023735,0.07626154273748398,0.14153502881526947,38,589824,0.4323391384548611,-8.019754437122728,0.007326428575357369,0.007326428575357369
0,589824,2.1669240701923873e-14,141053,448771,0.047796763479709625,0.018287716433405876,0.06881275773048401,0.020616674795746803,0.2524157762527466,0.8365082740783691,0.916357696056366,39,589824,0.2391442192925347,-13.664156306250185,,
2,589824,1.519236803417326e-13,181484,408340,0.2691483199596405,0.08519916236400604,0.17935116589069366,0.11471278965473175,0.05317824333906174,0.27253642678260803,0.6126766204833984,39,589824,0.3076917860243056,-12.81837452738672,0.845781778863465,0.845781778863465
4,589824,1.3475989258954907e-13,85748,504076,0.08828563988208771,0.05253778398036957,0.2140517383813858,0.10918620228767395,0.1062648668885231,0.4769207537174225,0.8254653215408325,39,589824,0.1453789605034722,-12.87043934384545,-0.052064816458729624,0.052064816458729624
6,589824,2.473431886824279e-13,77842,511982,0.12300872802734375,0.056680165231227875,0.28321436047554016,0.17261084914207458,0.09433210641145706,0.4462501108646393,0.7568279504776001,39,589824,0.13197496202256945,-12.606700044702936,0.2637392991425127,0.2637392991425127
8,589824,3.7198683803391086e-13,104758,485066,0.11000213027000427,0.07211815565824509,0.32433071732521057,0.22548912465572357,0.0739704817533493,0.35278448462486267,0.6562076210975647,39,589824,0.1776089138454861,-12.4294724264363,0.17722761826663636,0.17722761826663636
10,589824,5.813778278240811e-13,147568,442256,0.19853828847408295,0.14279791712760925,0.3917757272720337,0.29701557755470276,0.03781307488679886,0.18248535692691803,0.35891926288604736,39,589824,0.2501898871527778,-12.235541535065192,0.19393089137110842,0.19393089137110842
12,589824,7.95056620365997e-13,172974,416850,0.27171850204467773,0.22787857055664062,0.43690261244773865,0.34435901045799255,0.026899997144937515,0.13058032095432281,0.24908946454524994,39,589824,0.2932637532552083,-12.099601941737362,0.13593959332783,0.13593959332783
14,589824,1.0239863427671803e-12,190000,399824,0.31591352820396423,0.26846304535865784,0.4613957107067108,0.37524649500846863,0.024726316332817078,0.1170157939195633,0.2208368480205536,39,589824,0.3221299913194444,-11.98970583564574,0.1098961060916217,0.1098961060916217
16,589824,1.2918490062407972e-12,208668,381156,0.3524061143398285,0.30823299288749695,0.48309972882270813,0.40250611305236816,0.02042958326637745,0.09913355112075806,0.19104032218456268,39,589824,0.3537801106770833,-11.888788244536434,0.10091759110930631,0.10091759110930631
18,589824,1.5582378052811374e-12,222042,367782,0.4117582142353058,0.3522580564022064,0.5024460554122925,0.4181010127067566,0.017938047647476196,0.08575854450464249,0.16385187208652496,39,589824,0.3764546712239583,-11.807366263197288,0.08142198133914569,0.08142198133914569
20,589824,1.8188346878958428e-12,231492,358332,0.44042715430259705,0.381591260433197,0.5083244442939758,0.42926278710365295,0.01602647267282009,0.07857722789049149,0.15198366343975067,39,589824,0.3924763997395833,-11.740206771743102,0.06715949145418598,0.06715949145418598
22,589824,2.1105896978040883e-12,240764,349060,0.48012596368789673,0.41440263390541077,0.5119034647941589,0.44455137848854065,0.014881793409585953,0.07282650470733643,0.1396014392375946,39,589824,0.4081963433159722,-11.67559618606652,0.06461058567658284,0.06461058567658284
24,589824,2.4183786483805703e-12,248958,340866,0.5247384309768677,0.4433940052986145,0.5107671618461609,0.4579642713069916,0.013399851508438587,0.06819222867488861,0.13317106664180756,39,589824,0.422088623046875,-11.616475700155178,0.05912048591134145,0.05912048591134145
26,589824,2.7116297488666286e-12,254582,335242,0.5629895329475403,0.4672076106071472,0.5076345801353455,0.46545353531837463,0.013657682575285435,0.06582947820425034,0.128932923078537,39,589824,0.4316236707899306,-11.5667696101595,0.04970608999567716,0.04970608999567716
28,589824,3.032586768508816e-12,258832,330992,0.599834144115448,0.48861366510391235,0.507278323173523,0.4760088622570038,0.01270322035998106,0.06340406090021133,0.12375208735466003,39,589824,0.4388292100694444,-11.518186764230398,0.04858284592910245,0.04858284592910245
30,589824,3.39907572574627e-12,262422,327402,0.6440178751945496,0.5089672207832336,0.5104612708091736,0.48714113235473633,0.012735213153064251,0.06140110269188881,0.12092354893684387,39,589824,0.444915771484375,-11.46863915995139,0.04954760427900773,0.04954760427900773
32,589824,3.7970997873726375e-12,264656,325168,0.6920710802078247,0.5294308066368103,0.516132652759552,0.5001435875892639,0.012072275392711163,0.06003642454743385,0.1180853620171547,39,589824,0.4487033420138889,-11.420547989498115,0.04809117045327582,0.04809117045327582
34,589824,4.237435922982424e-12,266398,323426,0.7266585230827332,0.5467979907989502,0.5248636603355408,0.5144026279449463,0.012083424255251884,0.059733934700489044,0.1172981783747673,39,589824,0.4516567654079861,-11.372896855987813,0.04765113351030159,0.04765113351030159
36,589824,4.7627865193411445e-12,266792,323032,0.7765821814537048,0.5649096965789795,0.5351797342300415,0.529325544834137,0.011091037653386593,0.057078175246715546,0.11266080290079117,39,589824,0.4523247612847222,-11.322138884276765,0.050757971711048455,0.050757971711048455
38,589824,5.3310021327912516e-12,267082,322742,0.8095015287399292,0.5782687067985535,0.5480071902275085,0.5439400672912598,0.0113598071038723,0.055862993001937866,0.11177840828895569,39,589824,0.4528164333767361,-11.273191143725404,0.04894774055136075,0.04894774055136075
40,589824,5.963719535567735e-12,267580,322244,0.8475071787834167,0.5919915437698364,0.5617601275444031,0.5582034587860107,0.01068839244544506,0.05616264417767525,0.11235892027616501,39,589824,0.4536607530381944,-11.224482788931214,0.04870835479419,0.04870835479419
42,589824,6.650977078109799e-12,266688,323136,0.8944562673568726,0.605611264705658,0.5748364925384521,0.5721983313560486,0.011035366915166378,0.0539281852543354,0.10985871404409409,39,589824,0.4521484375,-11.177114548913343,0.04736824001787099,0.04736824001787099
44,589824,7.476033681008687e-12,265046,324778,0.92732834815979,0.6166369318962097,0.5907233357429504,0.5871449708938599,0.01045478880405426,0.05420945957303047,0.10829818248748779,39,589824,0.4493645562065972,-11.126328750706358,0.05078579820698437,0.05078579820698437
46,589824,8.467290237013092e-12,264032,325792,0.9514721035957336,0.6284429430961609,0.607650637626648,0.6028093695640564,0.010457065887749195,0.05347836762666702,0.10771042853593826,39,589824,0.4476453993055556,-11.072255553471182,0.05407319723517645,0.05407319723517645
48,589824,9.478167382892533e-12,262496,327328,0.9655425548553467,0.6387885212898254,0.6224620342254639,0.6148458123207092,0.010609685443341732,0.05338747799396515,0.1069730594754219,39,589824,0.4450412326388889,-11.023275625999066,0.0489799274721161,0.0489799274721161
50,589824,1.0549938526949187e-11,260846,328978,0.9713310599327087,0.6458302736282349,0.6334016919136047,0.6269854307174683,0.010772639885544777,0.05251374468207359,0.10695966333150864,39,589824,0.4422437879774306,-10.976750070933543,0.04652555506552325,0.04652555506552325
52,589824,1.1756444776023223e-11,259546,330278,0.9932520985603333,0.6523674726486206,0.6414362788200378,0.6369052529335022,0.010949889197945595,0.053986575454473495,0.10786141455173492,39,589824,0.4400397406684028,-10.929723991830576,0.047026079102966634,0.047026079102966634
54,589824,1.3114288301141475e-11,258296,331528,0.9870587587356567,0.6593645215034485,0.650398850440979,0.6485103368759155,0.01072413008660078,0.05326833948493004,0.10737293213605881,39,589824,0.4379204644097222,-10.882255273146352,0.04746871868422353,0.04746871868422353
56,589824,1.4573205489587515e-11,257516,332308,1.0082160234451294,0.6659216284751892,0.6566741466522217,0.6586232781410217,0.010395471006631851,0.05273847281932831,0.10742245614528656,39,589824,0.4365980360243056,-10.83644491128259,0.045810361863763305,0.045810361863763305
58,589824,1.610755105685424e-11,255950,333874,1.0092846155166626,0.6712666153907776,0.6641699075698853,0.66884446144104,0.010435632430016994,0.053385429084300995,0.10759523510932922,39,589824,0.4339430067274306,-10.792970483376003,0.0434744279065864,0.0434744279065864
60,589824,1.773582843089816e-11,254016,335808,1.0097429752349854,0.674776017665863,0.6686550378799438,0.6770154237747192,0.010231639258563519,0.05387062579393387,0.10983560979366302,39,589824,0.4306640625,-10.751148521059253,0.041821962316749506,0.041821962316749506
62,589824,1.9449613794519927e-11,253046,336778,1.0085772275924683,0.679436206817627,0.6724372506141663,0.6844217777252197,0.01051587425172329,0.053899288177490234,0.11003927886486053,39,589824,0.4290195041232639,-10.711089017915349,0.04005950314390461,0.04005950314390461
64,589824,2.1203977809691743e-11,252684,337140,1.0218901634216309,0.6802298426628113,0.6763792634010315,0.6926583051681519,0.010902945883572102,0.05487881973385811,0.11118233948945999,39,589824,0.42840576171875,-10.673582658941625,0.03750635897372412,0.03750635897372412
66,589824,2.305968263560665e-11,251860,337964,1.0300179719924927,0.6854567527770996,0.6807204484939575,0.7010462284088135,0.010890970937907696,0.05575716495513916,0.11360278725624084,39,589824,0.4270087348090278,-10.637146674081789,0.03643598485983546,0.03643598485983546
68,589824,2.4860967451356686e-11,251296,338528,1.0440558195114136,0.6853407621383667,0.6871281862258911,0.7093479633331299,0.010943269357085228,0.056968674063682556,0.11494412273168564,39,589824,0.4260525173611111,-10.604481975026212,0.03266469905557656,0.03266469905557656
70,589824,2.6750608672632126e-11,250372,339452,1.0477029085159302,0.6893380880355835,0.6939666271209717,0.7169605493545532,0.010915757156908512,0.05699519068002701,0.11554007977247238,39,589824,0.4244859483506944,-10.572666331767687,0.03181564325852548,0.03181564325852548
72,589824,2.8636494217582076e-11,249296,340528,1.0442862510681152,0.6902467608451843,0.7012954950332642,0.724551260471344,0.011412137188017368,0.057497914880514145,0.11739859730005264,39,589824,0.4226616753472222,-10.543080150999398,0.02958618076828934,0.02958618076828934
74,589824,3.059792003101691e-11,248576,341248,1.0454626083374023,0.6944321990013123,0.7064792513847351,0.731907069683075,0.01159404031932354,0.0588311031460762,0.1201564148068428,39,589824,0.4214409722222222,-10.514308094752206,0.028772056247191813,0.028772056247191813
76,589824,3.2629673268891324e-11,248100,341724,1.044228196144104,0.6949376463890076,0.7121303677558899,0.7399814128875732,0.011580008082091808,0.059621118009090424,0.12120918929576874,39,589824,0.4206339518229167,-10.48638727491663,0.027920819835575372,0.027920819835575372
78,589824,3.4634146245382524e-11,247664,342160,1.0498296022415161,0.6980028748512268,0.7164220809936523,0.7480456829071045,0.012113185599446297,0.06039634346961975,0.12231087684631348,39,589824,0.4198947482638889,-10.460495513541485,0.025891761375145705,0.025891761375145705
80,589824,3.669203135769905e-11,246982,342842,1.045460820198059,0.6988651156425476,0.7217499017715454,0.7549375295639038,0.012158780358731747,0.06067648530006409,0.12353936582803726,39,589824,0.4187384711371528,-10.435428244008062,0.025067269533423087,0.025067269533423087
82,589824,3.8793492723732115e-11,246438,343386,1.0369869470596313,0.6999679207801819,0.7243921160697937,0.7608737349510193,0.012343875132501125,0.06262832880020142,0.12535403668880463,39,589824,0.417816162109375,-10.411241117477623,0.024187126530438974,0.024187126530438974
84,589824,4.091131253214364e-11,246102,343722,1.0312553644180298,0.7007266283035278,0.7259671092033386,0.7685816287994385,0.012637036852538586,0.06343305110931396,0.12798352539539337,39,589824,0.4172465006510417,-10.38815658707891,0.02308453039871239,0.02308453039871239
86,589824,4.294945649130355e-11,246132,343692,1.0427167415618896,0.7042233943939209,0.7277758121490479,0.775823712348938,0.012513610534369946,0.06396567821502686,0.12902426719665527,39,589824,0.41729736328125,-10.367042327626017,0.02111425945289369,0.02111425945289369
88,589824,4.497193936692234e-11,245518,344306,1.0356768369674683,0.7055913805961609,0.732262372970581,0.7823083400726318,0.01261821947991848,0.06383645534515381,0.12925732135772705,39,589824,0.4162563747829861,-10.347058383541869,0.01998394408414761,0.01998394408414761
90,589824,4.701929470773969e-11,244524,345300,1.0195751190185547,0.7068523168563843,0.7321874499320984,0.7851942777633667,0.012640885077416897,0.06502019613981247,0.1309564709663391,39,589824,0.4145711263020833,-10.327723889605679,0.019334493936190356,0.019334493936190356
92,589824,4.893572352893116e-11,244816,345008,1.0122907161712646,0.7062849998474121,0.7312841415405273,0.7897049188613892,0.012968923896551132,0.0657024011015892,0.13411296904087067,39,589824,0.4150661892361111,-10.310373986127198,0.017349903478480755,0.017349903478480755
94,589824,5.084224360962786e-11,245606,344218,1.019263744354248,0.7073814868927002,0.7295416593551636,0.795354425907135,0.013411724008619785,0.06773857027292252,0.1356237232685089,39,589824,0.4164055718315972,-10.293775292780081,0.016598693347116722,0.016598693347116722
96,589824,5.282502213432849e-11,246012,343812,1.015219807624817,0.7080807685852051,0.7303614020347595,0.8001819849014282,0.01312131155282259,0.06863486766815186,0.13737541437149048,39,589824,0.4170939127604167,-10.277160312300927,0.01661498047915444,0.01661498047915444
98,589824,5.45601931689621e-11,245206,344618,1.0139509439468384,0.713772177696228,0.7293052077293396,0.8029999136924744,0.013201145455241203,0.06806930154561996,0.13845501840114594,39,589824,0.4157274034288194,-10.2631241007404,0.014036211560526368,0.014036211560526368
0,2359296,1.4187025137296898e-14,734030,1625266,0.0881245881319046,0.013988569378852844,0.09176322817802429,0.013878816738724709,0.23425473272800446,0.8033199906349182,0.8797569274902344,40,2359296,0.31112247043185765,-13.84810866175905,,
2,2359296,1.0150728321041066e-13,620306,1738990,0.4412001967430115,0.06580982357263565,0.22363127768039703,0.08877359330654144,0.06439563632011414,0.3510735034942627,0.6832659840583801,40,2359296,0.26291995578342015,-12.993502795734871,0.854605866024178,0.854605866024178
4,2359296,1.1270670540516198e-13,305706,2053590,0.18602727353572845,0.05601438879966736,0.34693998098373413,0.09747269749641418,0.10861415416002274,0.4458695352077484,0.7570770382881165,40,2359296,0.1295750935872396,-12.948050245144383,0.04545255059048792,0.04545255059048792
6,2359296,1.9806302865160719e-13,276980,2082316,0.18806271255016327,0.05290020629763603,0.4511059820652008,0.15336385369300842,0.09902159124612808,0.47384288907051086,0.7345151305198669,40,2359296,0.11739942762586805,-12.703196584285218,0.2448536608591656,0.2448536608591656
8,2359296,3.0532333931097833e-13,372206,1987090,0.15727044641971588,0.06626201421022415,0.5076196193695068,0.2084837257862091,0.07810728251934052,0.3850206434726715,0.6906659007072449,40,2359296,0.15776146782769096,-12.515239996400487,0.1879565878847309,0.1879565878847309
10,2359296,4.896454877841017e-13,540626,1818670,0.22941139340400696,0.12850210070610046,0.5712306499481201,0.284737765789032,0.040501195937395096,0.1980592906475067,0.39272066950798035,40,2359296,0.2291471693250868,-12.310118243280831,0.20512175311965564,0.20512175311965564
12,2359296,7.212630557910937e-13,678188,1681108,0.3568868041038513,0.22533781826496124,0.6108518838882446,0.3506629168987274,0.0255533866584301,0.12311629951000214,0.24400755763053894,40,2359296,0.2874535454644097,-12.141906312475088,0.16821193080574304,0.16821193080574304
14,2359296,9.789699433049304e-13,764464,1594832,0.39028897881507874,0.29097452759742737,0.6177131533622742,0.3958365023136139,0.020176228135824203,0.09764488786458969,0.18960213661193848,40,2359296,0.3240220811631944,-12.009230641861006,0.13267567061408236,0.13267567061408236
16,2359296,1.3307227498746133e-12,850422,1508874,0.4649444818496704,0.340562641620636,0.6297191381454468,0.43760794401168823,0.017392542213201523,0.08470383286476135,0.16611753404140472,40,2359296,0.36045583089192706,-11.875912418411085,0.13331822344992084,0.13331822344992084
18,2359296,1.7538308045433881e-12,927506,1431790,0.5682768821716309,0.40283751487731934,0.6351307034492493,0.4704521894454956,0.014506644569337368,0.07162217795848846,0.1405608206987381,40,2359296,0.39312828911675346,-11.75601230617948,0.1199001122316048,0.1199001122316048
20,2359296,2.2923533730956347e-12,975222,1384074,0.6555749773979187,0.4491349160671234,0.6409052610397339,0.4993150234222412,0.012700697407126427,0.061754144728183746,0.12229317426681519,40,2359296,0.41335296630859375,-11.639718433756958,0.11629387242252243,0.11629387242252243
22,2359296,2.9311973855083995e-12,1015468,1343828,0.7200954556465149,0.4846143126487732,0.6512864232063293,0.5284882187843323,0.011209609918296337,0.0565355122089386,0.11254515498876572,40,2359296,0.4304114447699653,-11.532954935382529,0.10676349837442878,0.10676349837442878
24,2359296,3.729301156080167e-12,1032252,1327044,0.8152747750282288,0.5334082245826721,0.6496882438659668,0.5525081753730774,0.010680531151592731,0.05273905768990517,0.10526789724826813,40,2359296,0.4375254313151042,-11.428372544194945,0.10458239118758428,0.10458239118758428
26,2359296,4.671622463869873e-12,1047968,1311328,0.8527416586875916,0.5614086389541626,0.6541297435760498,0.5724427103996277,0.009736938402056694,0.04949483275413513,0.09877783060073853,40,2359296,0.4441867404513889,-11.330532261889477,0.0978402823054676,0.0978402823054676
28,2359296,5.8579395674496215e-12,1071758,1287538,0.9171016216278076,0.5840967893600464,0.6615459322929382,0.5935662984848022,0.009324866347014904,0.04713750630617142,0.09453719854354858,40,2359296,0.45427025689019096,-11.232255112964856,0.09827714892462147,0.09827714892462147
30,2359296,7.2435989498242925e-12,1071876,1287420,1.0038456916809082,0.6093241572380066,0.6659085750579834,0.6086599230766296,0.009063548408448696,0.045982930809259415,0.09289973974227905,40,2359296,0.4543202718098958,-11.14004560290517,0.09220951005968558,0.09220951005968558
32,2359296,8.927684980175599e-12,1071550,1287746,1.0107442140579224,0.6201198697090149,0.6751356720924377,0.6260099411010742,0.009220288135111332,0.04672390595078468,0.09423358738422394,40,2359296,0.45418209499782985,-11.049261142531176,0.09078446037399424,0.09078446037399424
34,2359296,1.0884610920913751e-11,1074268,1285028,1.0575288534164429,0.6514395475387573,0.680905818939209,0.6403749585151672,0.00911504402756691,0.04577907919883728,0.09224327653646469,40,2359296,0.4553341335720486,-10.963187090547574,0.08607405198360141,0.08607405198360141
36,2359296,1.3409027360689052e-11,1081766,1277530,1.0838004350662231,0.6499888896942139,0.6957817077636719,0.6642444729804993,0.008655291050672531,0.043526049703359604,0.0878785252571106,40,2359296,0.45851220024956596,-10.872602723058566,0.09058436748900789,0.09058436748900789
38,2359296,1.6261020308050433e-11,1072060,1287236,1.1089280843734741,0.6708201766014099,0.6990992426872253,0.6676831245422363,0.009466821327805519,0.04788631200790405,0.09608137607574463,40,2359296,0.4543982611762153,-10.788852207803814,0.08375051525475286,0.08375051525475286
40,2359296,1.948457194200781e-11,1056262,1303034,1.1013057231903076,0.6777381300926208,0.7002968192100525,0.669178307056427,0.009347112849354744,0.04666361212730408,0.09338591992855072,40,2359296,0.44770219590928817,-10.710309130813862,0.078543076989952,0.078543076989952
42,2359296,2.345854586971452e-11,1065028,1294268,1.0995272397994995,0.6819554567337036,0.7036944031715393,0.6852491497993469,0.009266423061490059,0.04697810858488083,0.09322008490562439,40,2359296,0.4514177110460069,-10.629698912098224,0.08061021871563767,0.08061021871563767
44,2359296,2.7877904845707846e-11,1073320,1285976,1.1267073154449463,0.6876078844070435,0.709972620010376,0.7006757259368896,0.009295457042753696,0.04759344831109047,0.09536484628915787,40,2359296,0.4549323187934028,-10.554739868599103,0.07495904349912053,0.07495904349912053
46,2359296,3.273318421870286e-11,1056070,1303226,1.1324548721313477,0.7009317278862,0.7105816006660461,0.7043645977973938,0.00990559346973896,0.0494181253015995,0.09844233840703964,40,2359296,0.44762081570095485,-10.485011745338273,0.06972812326083044,0.06972812326083044
48,2359296,3.8202076918514294e-11,1047654,1311642,1.1145766973495483,0.6953778266906738,0.7105441093444824,0.6989029049873352,0.009811445139348507,0.04951348155736923,0.09873583912849426,40,2359296,0.44405364990234375,-10.417913025315242,0.06709872002303108,0.06709872002303108
50,2359296,4.439526524180337e-11,1049098,1310198,1.1122726202011108,0.703338623046875,0.7086434960365295,0.7049049735069275,0.010525232180953026,0.05229825899004936,0.10154151171445847,40,2359296,0.44466569688585067,-10.352663344953065,0.06524968036217693,0.06524968036217693
52,2359296,5.114014073326345e-11,1050826,1308470,1.1157678365707397,0.7025970220565796,0.7118631601333618,0.7166706919670105,0.010231951251626015,0.0502176396548748,0.09953788667917252,40,2359296,0.44539811876085067,-10.291238081167023,0.06142526378604174,0.06142526378604174
54,2359296,5.885409520844931e-11,1056586,1302710,1.1375794410705566,0.7106144428253174,0.7198199033737183,0.723717451095581,0.010322870686650276,0.05150550976395607,0.10266367346048355,40,2359296,0.44783952501085067,-10.230223312522275,0.061014768644747974,0.061014768644747974
56,2359296,6.657340650972898e-11,1039320,1319976,1.1764616966247559,0.712904691696167,0.7215082049369812,0.725608229637146,0.011044721119105816,0.05414790287613869,0.10590289533138275,40,2359296,0.440521240234375,-10.176699219966963,0.05352409255531221,0.05352409255531221
58,2359296,7.448219818684265e-11,1021306,1337990,1.106368064880371,0.7131581902503967,0.7255986332893372,0.719498872756958,0.010654005222022533,0.0527060441672802,0.10358011722564697,40,2359296,0.43288591172960067,-10.127947514541102,0.04875170542586105,0.04875170542586105
60,2359296,8.451614408322428e-11,1040816,1318480,1.1205793619155884,0.7015200853347778,0.7273244261741638,0.73030024766922,0.01082612108439207,0.05311986058950424,0.10525395721197128,40,2359296,0.4411553276909722,-10.073060325173657,0.05488718936744519,0.05488718936744519
62,2359296,9.510084386654682e-11,1050750,1308546,1.1114262342453003,0.7171807885169983,0.7389029860496521,0.7369917035102844,0.010878896340727806,0.053734950721263885,0.1062488704919815,40,2359296,0.44536590576171875,-10.021815629382683,0.05124469579097379,0.05124469579097379
64,2359296,1.042178010557393e-10,1025764,1333532,1.1175029277801514,0.7226716876029968,0.7352452874183655,0.7348901033401489,0.011526043526828289,0.057558078318834305,0.1122811958193779,40,2359296,0.4347754584418403,-9.982058094472206,0.03975753491047662,0.03975753491047662
66,2359296,1.1448662851076818e-10,1016662,1342634,1.0924869775772095,0.7155617475509644,0.7325409650802612,0.7386538982391357,0.011875135824084282,0.057743869721889496,0.11228608340024948,40,2359296,0.43091752794053817,-9.94124523387518,0.04081286059702549,0.04081286059702549
68,2359296,1.2615579414454459e-10,1029498,1329798,1.0712511539459229,0.7069604396820068,0.7325652241706848,0.7450233697891235,0.011262770742177963,0.05624585598707199,0.11132318526506424,40,2359296,0.43635813395182294,-9.899092798200583,0.042152435674598365,0.042152435674598365
70,2359296,1.3777558260930078e-10,1024654,1334642,1.099030613899231,0.7220430374145508,0.7269219756126404,0.7406021356582642,0.011500467546284199,0.05688749626278877,0.11278636753559113,40,2359296,0.43430497911241317,-9.8608277438048,0.03826505439578298,0.03826505439578298
72,2359296,1.5065801384217536e-10,1024226,1335070,1.066308617591858,0.7148326635360718,0.7295098304748535,0.7461763620376587,0.01204324048012495,0.059783678501844406,0.11649186909198761,40,2359296,0.43412356906467015,-9.822007762265635,0.03881998153916477,0.03881998153916477
74,2359296,1.6315236661679222e-10,1027178,1332118,1.1470141410827637,0.7242138981819153,0.7307026982307434,0.7540494799613953,0.0120534123852849,0.05984259769320488,0.11814602464437485,40,2359296,0.43537478976779515,-9.787406622144822,0.034601140120813056,0.034601140120813056
76,2359296,1.7474452440602306e-10,1013652,1345644,1.1252937316894531,0.7212935090065002,0.742514431476593,0.7558174729347229,0.012656217440962791,0.061857521533966064,0.1201724037528038,40,2359296,0.4296417236328125,-9.757596423922804,0.029810198222017803,0.029810198222017803
78,2359296,1.874919247635276e-10,1013030,1346266,1.0595214366912842,0.7203254103660583,0.75101637840271,0.7511447668075562,0.012144753709435463,0.06029140204191208,0.11847921460866928,40,2359296,0.42937808566623265,-9.727017432502462,0.030578991420341595,0.030578991420341595
80,2359296,1.9955624652734372e-10,1012814,1346482,1.0552427768707275,0.716462254524231,0.7428832650184631,0.7494792938232422,0.012607448734343052,0.06273116171360016,0.1239674836397171,40,2359296,0.42928653293185765,-9.699934673342762,0.027082759159700487,0.027082759159700487
82,2359296,2.1350984868995226e-10,1015028,1344268,1.0447518825531006,0.7183120846748352,0.7367457151412964,0.7543379664421082,0.013035107403993607,0.06422482430934906,0.12658467888832092,40,2359296,0.4302249484592014,-9.670582087228889,0.029352586113873258,0.029352586113873258
84,2359296,2.2863545778850636e-10,1028962,1330334,1.0343525409698486,0.7219042778015137,0.7396518588066101,0.7688810229301453,0.012900379486382008,0.06488091498613358,0.12674909830093384,40,2359296,0.43613094753689235,-9.64085641642654,0.029725670802347892,0.029725670802347892
86,2359296,2.4161878053874375e-10,1023818,1335478,1.0929241180419922,0.7306135296821594,0.7397609353065491,0.7780632972717285,0.013163473457098007,0.06497346609830856,0.12695421278476715,40,2359296,0.43395063612196183,-9.616869311907902,0.023987104518639057,0.023987104518639057
88,2359296,2.51499016057366e-10,997154,1362142,1.054707646369934,0.7279343008995056,0.7372971177101135,0.7571437358856201,0.013937666080892086,0.06798046827316284,0.13204780220985413,40,2359296,0.42264895968967015,-9.59946370970027,0.017405602207631432,0.017405602207631432
90,2359296,2.6441632217100164e-10,999604,1359692,1.0127404928207397,0.7174275517463684,0.7318030595779419,0.7547516822814941,0.013866491615772247,0.06838308274745941,0.1323724240064621,40,2359296,0.4236874050564236,-9.577711739768821,0.02175196993144901,0.02175196993144901
92,2359296,2.792151232444695e-10,1028808,1330488,1.015065312385559,0.7127701640129089,0.7347004413604736,0.7686243057250977,0.013300830498337746,0.06772012263536453,0.13373243808746338,40,2359296,0.436065673828125,-9.554061062539754,0.02365067722906744,0.02365067722906744
94,2359296,2.911011431905308e-10,1024419,1334877,1.0601648092269897,0.7346884608268738,0.7329539060592651,0.7706937193870544,0.014309573918581009,0.07023200392723083,0.13649395108222961,40,2359296,0.4342053731282552,-9.535956089029192,0.01810497351056206,0.01810497351056206
96,2359296,3.025459327510305e-10,1010381,1348915,1.0211057662963867,0.7265930771827698,0.7331274151802063,0.772691011428833,0.014644970186054707,0.071499764919281,0.13982844352722168,40,2359296,0.4282552931043837,-9.51920868109102,0.016747407938170866,0.016747407938170866
98,2359296,3.1363306396414714e-10,1011910,1347386,1.0152466297149658,0.7256182432174683,0.7295374274253845,0.7701578140258789,0.0148313594982028,0.07203111052513123,0.14147108793258667,40,2359296,0.42890336778428817,-9.503578159188347,0.015630521902673777,0.015630521902673777
0,2359296,5.498812532698724e-15,856831,1502465,0.050036218017339706,0.005468740593641996,0.0440317764878273,0.005437140818685293,0.6797431707382202,0.8506088256835938,0.90953528881073,41,2359296,0.3631723192003038,-14.259731086174149,,
2,2359296,4.251101152954323e-14,566666,1792630,0.23703210055828094,0.030184395611286163,0.13518080115318298,0.04006525129079819,0.1394578069448471,0.6822113990783691,0.7609173655509949,41,2359296,0.24018436008029515,-13.37149856107681,0.8882325250973384,0.8882325250973384
4,2359296,4.6102048367009305e-14,267372,2091924,0.08121007680892944,0.02465324103832245,0.17463241517543793,0.042988121509552,0.2237107753753662,0.7710156440734863,0.8558338284492493,41,2359296,0.1133270263671875,-13.336279777978554,0.03521878309825688,0.03521878309825688
6,2359296,8.430586009031474e-14,268658,2090638,0.09767456352710724,0.0267350934445858,0.23135103285312653,0.07361242175102234,0.1889614313840866,0.7282269597053528,0.8198266625404358,41,2359296,0.11387210422092015,-13.074142236568216,0.26213754141033796,0.26213754141033796
8,2359296,1.408941051935647e-13,384086,1975210,0.09819943457841873,0.041355203837156296,0.2688137888908386,0.11295253783464432,0.1306738704442978,0.5927110314369202,0.8198502659797668,41,2359296,0.16279686821831596,-12.851107176766165,0.22303505980205074,0.22303505980205074
10,2359296,2.4745838516325447e-13,565932,1793364,0.18005283176898956,0.08554448932409286,0.3314848244190216,0.17663481831550598,0.05986408516764641,0.2985694408416748,0.5644847750663757,41,2359296,0.23987325032552084,-12.606497825472013,0.24460935129415162,0.24460935129415162
12,2359296,4.017100779622751e-13,723632,1635664,0.3247663378715515,0.16438183188438416,0.38708072900772095,0.24913638830184937,0.031058603897690773,0.15551412105560303,0.31839802861213684,41,2359296,0.3067152235243056,-12.396087272703223,0.21041055276879028,0.21041055276879028
14,2359296,6.115948134217952e-13,804724,1554572,0.40723636746406555,0.23207585513591766,0.42734119296073914,0.3178299069404602,0.022647516801953316,0.11283371597528458,0.22822855412960052,41,2359296,0.3410864935980903,-12.213536206241805,0.18255106646141783,0.18255106646141783
16,2359296,8.458815245471207e-13,878226,1481070,0.5199494957923889,0.2877327799797058,0.4609623849391937,0.3676519989967346,0.01852370612323284,0.09232361614704132,0.18325692415237427,41,2359296,0.37224070231119794,-12.072690460647227,0.14084574559457863,0.14084574559457863
18,2359296,1.1889062867878608e-12,930908,1428388,0.7216296792030334,0.3703846037387848,0.49623921513557434,0.41878542304039,0.01469532959163189,0.07191687822341919,0.14124810695648193,41,2359296,0.3945702446831597,-11.924852376445132,0.14783808420209432,0.14783808420209432
20,2359296,1.6691815030861479e-12,971182,1388114,0.8519185185432434,0.39996448159217834,0.5444605946540833,0.47027310729026794,0.013083027675747871,0.06413422524929047,0.12829212844371796,41,2359296,0.41164059109157985,-11.77749643653649,0.1473559399086426,0.1473559399086426
22,2359296,2.244621589292395e-12,1011080,1348216,1.0002859830856323,0.4629276692867279,0.6025296449661255,0.5198390483856201,0.01157574076205492,0.058249592781066895,0.11590872704982758,41,2359296,0.4285515679253472,-11.648856864252748,0.1286395722837419,0.1286395722837419
24,2359296,2.9914226477856243e-12,993396,1365900,1.0984458923339844,0.5231429934501648,0.6366507411003113,0.5533555746078491,0.010884883813560009,0.05435596778988838,0.10775662958621979,41,2359296,0.4210561116536458,-11.524122222664554,0.12473464158819425,0.12473464158819425
26,2359296,3.940123401158235e-12,1021018,1338278,1.165387511253357,0.5467454791069031,0.6876741051673889,0.5968873500823975,0.00907917320728302,0.046546678990125656,0.09565061330795288,41,2359296,0.43276384141710067,-11.40449017624477,0.11963204641978287,0.11963204641978287
28,2359296,5.09847546126263e-12,1025368,1333928,1.2777470350265503,0.5868963003158569,0.722174882888794,0.6117246747016907,0.00994277186691761,0.049148205667734146,0.09800383448600769,41,2359296,0.4346076117621528,-11.292559666596402,0.11193050964836893,0.11193050964836893
30,2359296,6.453395109962123e-12,1021016,1338280,1.307448148727417,0.5880194306373596,0.7604460716247559,0.6299310326576233,0.009165380150079727,0.04623335599899292,0.09387609362602234,41,2359296,0.4327629937065972,-11.190211744342239,0.10234792225416278,0.10234792225416278
32,2359296,8.102293141964978e-12,1021376,1337920,1.4427294731140137,0.6374642848968506,0.7875972390174866,0.655180811882019,0.009975758381187916,0.05048581585288048,0.10150424391031265,41,2359296,0.4329155815972222,-11.09139204804027,0.09881969630196963,0.09881969630196963
34,2359296,1.0274471377857974e-11,1023178,1336118,1.6273490190505981,0.6418426036834717,0.8296630382537842,0.6815851926803589,0.008172576315701008,0.0406302735209465,0.08232781291007996,41,2359296,0.43367936876085067,-10.988240513353118,0.10315153468715188,0.10315153468715188
36,2359296,1.3111718308311815e-11,1018844,1340452,1.351175308227539,0.6659343838691711,0.8888921141624451,0.7051650285720825,0.009103454649448395,0.04675985500216484,0.09525599330663681,41,2359296,0.4318423800998264,-10.882340389704481,0.10590012364863632,0.10590012364863632
38,2359296,1.563826672323909e-11,986194,1373102,1.3744127750396729,0.6703651547431946,0.866657555103302,0.6879024505615234,0.011325358413159847,0.05523558333516121,0.10688363760709763,41,2359296,0.41800350613064235,-10.805811383900673,0.07652900580380795,0.07652900580380795
40,2359296,1.9262714687218185e-11,1003900,1355396,1.336868166923523,0.6769320964813232,0.8671174645423889,0.7055811882019043,0.009072617627680302,0.04536706954240799,0.09049009531736374,41,2359296,0.4255082872178819,-10.715282507938436,0.09052887596223691,0.09052887596223691
42,2359296,2.3348057862082605e-11,1030510,1328786,1.394327163696289,0.6828557848930359,0.8749207854270935,0.7307504415512085,0.009277930483222008,0.04779672250151634,0.09703350812196732,41,2359296,0.43678707546657985,-10.631749239074741,0.08353326886369494,0.08353326886369494
44,2359296,2.8084043771081646e-11,998286,1361010,2.055202007293701,0.7047621011734009,0.8676184415817261,0.7354331612586975,0.010215508751571178,0.05165854096412659,0.10140781104564667,41,2359296,0.42312876383463544,-10.55154035875642,0.08020888031832207,0.08020888031832207
46,2359296,3.3045399749909166e-11,968912,1390384,1.4981657266616821,0.701975405216217,0.9812967777252197,0.7341859340667725,0.010572683997452259,0.05257856473326683,0.10275030136108398,41,2359296,0.4106784396701389,-10.480888990105258,0.07065136865116095,0.07065136865116095
48,2359296,3.917512841900006e-11,988656,1370640,1.2335313558578491,0.6947967410087585,0.9808574914932251,0.736230194568634,0.011391222476959229,0.05422411859035492,0.1032421812415123,41,2359296,0.4190470377604167,-10.406989571207255,0.07389941889800333,0.07389941889800333
50,2359296,4.486016419447125e-11,993832,1365464,1.3555097579956055,0.7110440731048584,0.9381846785545349,0.7437317371368408,0.011113548651337624,0.055507369339466095,0.1074879840016365,41,2359296,0.4212409125434028,-10.348139141171634,0.05885043003562096,0.05885043003562096
52,2359296,5.327487409556575e-11,996924,1362372,1.3059682846069336,0.707583487033844,0.9234012365341187,0.7661441564559937,0.00990245956927538,0.04849516972899437,0.0962350144982338,41,2359296,0.4225514729817708,-10.273477567980079,0.07466157319155542,0.07466157319155542
54,2359296,6.119973972040782e-11,982420,1376876,1.3378187417984009,0.717620849609375,0.9006784558296204,0.7588579058647156,0.012068158015608788,0.05942264571785927,0.11173631995916367,41,2359296,0.4164038764105903,-10.213250424884357,0.0602271430957213,0.0602271430957213
56,2359296,6.822923476201836e-11,947604,1411692,1.3958510160446167,0.7194510102272034,0.8825038075447083,0.7554379105567932,0.012529496103525162,0.058340828865766525,0.10999426245689392,41,2359296,0.4016469319661458,-10.166029499605283,0.047220925279074066,0.047220925279074066
58,2359296,7.731608409056179e-11,965066,1394230,1.2948155403137207,0.707065224647522,0.8899087905883789,0.7541236281394958,0.010570261627435684,0.05386989191174507,0.10857081413269043,41,2359296,0.40904829237196183,-10.11173015025817,0.054299349347113335,0.054299349347113335
60,2359296,8.905747667098396e-11,989577,1369719,1.33786141872406,0.7047022581100464,0.88594651222229,0.7765699625015259,0.011287651024758816,0.05449904128909111,0.10446180403232574,41,2359296,0.4194374084472656,-10.050329614205834,0.06140053605233575,0.06140053605233575
62,2359296,9.887134166941536e-11,976935,1382361,1.2742050886154175,0.7267786860466003,0.891844630241394,0.7720780968666077,0.012120560742914677,0.06206554174423218,0.11738242954015732,41,2359296,0.4140790303548177,-10.004929572492284,0.04540004171355072,0.04540004171355072
64,2359296,1.0826205210090478e-10,958376,1400920,1.3699066638946533,0.7309812307357788,0.8852871656417847,0.7737609148025513,0.011760519817471504,0.05795220285654068,0.11197066307067871,41,2359296,0.4062127007378472,-9.965523745140278,0.03940582735200593,0.03940582735200593
66,2359296,1.1987710824001852e-10,953052,1406244,1.3922455310821533,0.7081217169761658,0.8867677450180054,0.7810608148574829,0.01211476419121027,0.058299023658037186,0.11307357996702194,41,2359296,0.4039560953776042,-9.92126374195721,0.04426000318306755,0.04426000318306755
68,2359296,1.3276563182174073e-10,952456,1406840,1.2377314567565918,0.7145560383796692,0.8974100947380066,0.7739115357398987,0.01236172579228878,0.060524582862854004,0.11623109132051468,41,2359296,0.4037034776475694,-9.876914333415977,0.04434940854123326,0.04434940854123326
70,2359296,1.4499951239699271e-10,956102,1403194,1.284092664718628,0.7237508296966553,0.8868315815925598,0.7730167508125305,0.01261057984083891,0.060347121208906174,0.11760670691728592,41,2359296,0.40524885389539933,-9.838633458204,0.038280875211976095,0.038280875211976095
72,2359296,1.5949729037512128e-10,968648,1390648,1.2222145795822144,0.717604398727417,0.893302321434021,0.7919820547103882,0.01230271439999342,0.06007032468914986,0.1184651181101799,41,2359296,0.4105665418836806,-9.797246690569988,0.0413867676340125,0.0413867676340125
74,2359296,1.7108660321785152e-10,958744,1400552,1.2329672574996948,0.7296249270439148,0.8851557374000549,0.7944931387901306,0.013254840858280659,0.06640354543924332,0.12588448822498322,41,2359296,0.4063686794704861,-9.766783996165206,0.030462694404782553,0.030462694404782553
76,2359296,1.8484166974808147e-10,947654,1411642,1.2156398296356201,0.7279503345489502,0.8795523047447205,0.8030242323875427,0.012942487373948097,0.05950906127691269,0.11549784988164902,41,2359296,0.40166812472873265,-9.733200116981386,0.03358387918381922,0.03358387918381922
78,2359296,1.9687773633592087e-10,947958,1411338,1.2408804893493652,0.7160415649414062,0.8730381727218628,0.7924235463142395,0.012817023321986198,0.06329288333654404,0.1255815029144287,41,2359296,0.40179697672526044,-9.705803392714794,0.027396724266592898,0.027396724266592898
80,2359296,2.0975342296392085e-10,930980,1428316,1.219351887702942,0.7220699787139893,0.8610759377479553,0.7747278809547424,0.013299962505698204,0.06233431026339531,0.12414122372865677,41,2359296,0.3946007622612847,-9.678290943194314,0.027512449520479265,0.027512449520479265
82,2359296,2.2742056848823466e-10,959792,1399504,1.0920629501342773,0.7110233306884766,0.8644818067550659,0.8012852668762207,0.014624002389609814,0.0738430842757225,0.1393645703792572,41,2359296,0.4068128797743056,-9.643170259186642,0.035120684007672764,0.035120684007672764
84,2359296,2.436236767877631e-10,978538,1380758,1.2501020431518555,0.736594021320343,0.8621605038642883,0.8221809267997742,0.012968325987458229,0.0628284215927124,0.12229263782501221,41,2359296,0.41475847032335067,-9.613280506685337,0.029889752501304656,0.029889752501304656
86,2359296,2.5392529745538184e-10,928202,1431094,1.1939984560012817,0.7367890477180481,0.8549176454544067,0.8086629509925842,0.01449899934232235,0.06958615034818649,0.13413244485855103,41,2359296,0.39342329237196183,-9.59529403013065,0.017986476554685993,0.017986476554685993
88,2359296,2.6662436147795177e-10,915356,1443940,1.0937737226486206,0.7251676917076111,0.8436213135719299,0.8000974655151367,0.0150007214397192,0.07035841792821884,0.13196396827697754,41,2359296,0.3879784478081597,-9.574100171606029,0.0211938585246223,0.0211938585246223
90,2359296,2.823190292655653e-10,961468,1397828,1.6415907144546509,0.7009899020195007,0.8416889905929565,0.8194130063056946,0.013874616473913193,0.06958942115306854,0.13872848451137543,41,2359296,0.4075232611762153,-9.549259847937027,0.024840323669002018,0.024840323669002018
92,2359296,2.9682462043822966e-10,967528,1391768,1.189160943031311,0.7356464266777039,0.9416698217391968,0.8217979669570923,0.014025433920323849,0.07060467451810837,0.1363350749015808,41,2359296,0.4100918240017361,-9.52750007887481,0.021759769062215994,0.021759769062215994
94,2359296,3.087637645560193e-10,939192,1420104,1.0897318124771118,0.7362716794013977,0.9235912561416626,0.8099676370620728,0.015461161732673645,0.07491439580917358,0.14381830394268036,41,2359296,0.3980814615885417,-9.510373672639233,0.017126406235577818,0.017126406235577818
96,2359296,3.223777911287584e-10,934376,1424920,1.088003396987915,0.7253613471984863,0.8945711255073547,0.8120309710502625,0.01504854578524828,0.07169812172651291,0.1380985826253891,41,2359296,0.3960401746961806,-9.491634884740565,0.018738787898668008,0.018738787898668008
98,2359296,3.334272857813403e-10,935481,1423815,1.1199417114257812,0.725379228591919,0.8707389831542969,0.8073014616966248,0.015914807096123695,0.07792461663484573,0.1515028029680252,41,2359296,0.39650853474934894,-9.47699886287818,0.014636021862385107,0.014636021862385107
0,589824,8.959740027268855e-15,147533,442291,0.18957547843456268,0.007864664308726788,0.1525539755821228,0.00864425115287304,0.7148095369338989,0.9055262207984924,0.9543288350105286,42,589824,0.2501305474175347,-14.047704591494188,,
2,589824,6.989890030716442e-14,178342,411482,0.19408105313777924,0.043418679386377335,0.6268489956855774,0.05769787356257439,0.10320619493722916,0.6010305881500244,0.7694149017333984,42,589824,0.3023647732204861,-13.155529656790614,0.8921749347035739,0.8921749347035739
4,589824,7.083876806543779e-14,87212,502612,0.10797083377838135,0.03416929021477699,1.1583894491195679,0.061710115522146225,0.15618263185024261,0.7462963461875916,0.840262770652771,42,589824,0.1478610568576389,-13.14972900009397,0.005800656696644424,0.005800656696644424
6,589824,1.3555427396880204e-13,83992,505832,0.11764064431190491,0.0397280715405941,1.6292189359664917,0.10734841227531433,0.13011953234672546,0.6196542382240295,0.785074770450592,42,589824,0.1424018012152778,-12.867886784746688,0.2818422153472824,0.2818422153472824
8,589824,2.509082351609404e-13,131558,458266,0.17418955266475677,0.0782383382320404,1.9630992412567139,0.1771923452615738,0.0651879757642746,0.31859713792800903,0.6295246481895447,42,589824,0.2230461968315972,-12.600485084296148,0.2674017004505398,0.2674017004505398
10,589824,4.886191820076269e-13,186422,403402,0.4610086679458618,0.1754414588212967,2.0465383529663086,0.28751349449157715,0.02734655886888504,0.13743549585342407,0.27948418259620667,42,589824,0.3160637749565972,-12.31102948767666,0.2894555966194883,0.2894555966194883
12,589824,9.383636445994825e-13,225328,364496,0.8322654962539673,0.31181758642196655,1.8625460863113403,0.4227181375026703,0.014791769906878471,0.07391003519296646,0.14927572011947632,42,589824,0.3820258246527778,-12.027628826612569,0.2834006610640909,0.2834006610640909
14,589824,1.6744603750437626e-12,244684,345140,1.3498961925506592,0.4136350154876709,1.6879643201828003,0.5365524291992188,0.011426983401179314,0.05628075450658798,0.1131908968091011,42,589824,0.4148423936631944,-11.776125125283539,0.25150370132903,0.25150370132903
16,589824,3.063214395679359e-12,254758,335066,1.7909150123596191,0.5504958629608154,1.4245595932006836,0.6424369215965271,0.008070403710007668,0.03921760991215706,0.0790083110332489,42,589824,0.4319220648871528,-11.513822605674008,0.26230251960953055,0.26230251960953055
18,589824,5.684133719263684e-12,257844,331980,1.8622047901153564,0.5846211314201355,1.2399033308029175,0.7132523059844971,0.007814803160727024,0.039042986929416656,0.07981182634830475,42,589824,0.4371541341145833,-11.245335713845334,0.26848689182867425,0.26848689182867425
20,589824,9.685593473085508e-12,255122,334702,2.0260682106018066,0.6764420866966248,1.110050916671753,0.7396812438964844,0.007498373743146658,0.03780936449766159,0.07530906796455383,42,589824,0.4325391981336806,-11.013873763257765,0.23146195058756902,0.23146195058756902
22,589824,1.62087062521854e-11,258822,331002,1.8285088539123535,0.6553043723106384,1.0348114967346191,0.7713443040847778,0.007267542649060488,0.03677817061543465,0.07509021461009979,42,589824,0.438812255859375,-10.79025164831989,0.22362211493787498,0.22362211493787498
24,589824,2.6381693704613518e-11,264504,325320,1.803300142288208,0.7185772657394409,0.9702717661857605,0.7938724160194397,0.007489489857107401,0.03784063830971718,0.07670961320400238,42,589824,0.4484456380208333,-10.578697326190888,0.21155432212900216,0.21155432212900216
26,589824,3.9507501436997217e-11,258648,331176,1.677544355392456,0.7000827193260193,0.9278858304023743,0.7632571458816528,0.008447774685919285,0.040642108768224716,0.08141953498125076,42,589824,0.4385172526041667,-10.403320435427053,0.17537689076383423,0.17537689076383423
28,589824,5.796544494396372e-11,259182,330642,1.5882720947265625,0.7291905283927917,0.8825181126594543,0.7610846161842346,0.008283753879368305,0.04161554202437401,0.0822858065366745,42,589824,0.439422607421875,-10.236830826133048,0.1664896092940058,0.1664896092940058
30,589824,8.57119028530029e-11,269576,320248,1.3882249593734741,0.6782870888710022,0.8621880412101746,0.7904665470123291,0.008205478079617023,0.04185090586543083,0.08388728648424149,42,589824,0.4570448133680556,-10.06695886320601,0.1698719629270382,0.1698719629270382
32,589824,1.182009767841663e-10,266008,323816,1.5469658374786377,0.7579803466796875,0.8252152800559998,0.7840136885643005,0.0087253013625741,0.04387085884809494,0.08793344348669052,42,589824,0.4509955512152778,-9.927378934535808,0.13957992867020153,0.13957992867020153
34,589824,1.5375556383645517e-10,255036,334788,1.5009546279907227,0.712645411491394,0.8069369196891785,0.7374427914619446,0.010045640170574188,0.048393167555332184,0.09395144134759903,42,589824,0.4323933919270833,-9.813169159781808,0.11420977475400029,0.11420977475400029
36,589824,2.1388647797326854e-10,266288,323536,1.2800884246826172,0.7098525762557983,0.8082504272460938,0.769163191318512,0.008761190809309483,0.043066151440143585,0.08485925197601318,42,589824,0.4514702690972222,-9.669816670908707,0.14335248887310037,0.14335248887310037
38,589824,2.7718569106660595e-10,272312,317512,1.4180907011032104,0.7184850573539734,0.8008546233177185,0.7595584988594055,0.01011707168072462,0.049762774258852005,0.09923543781042099,42,589824,0.4616834852430556,-9.55722919271539,0.11258747819331738,0.11258747819331738
40,589824,3.473335508097364e-10,263396,326428,1.4648582935333252,0.7478804588317871,0.8038711547851562,0.7579594254493713,0.009890051558613777,0.05029309540987015,0.09901440888643265,42,589824,0.4465671115451389,-9.459253263830709,0.0979759288846811,0.0979759288846811
42,589824,4.358544358762373e-10,260322,329502,1.2660115957260132,0.6961246132850647,0.8095515966415405,0.7591361403465271,0.010106713511049747,0.05214311555027962,0.10155883431434631,42,589824,0.4413553873697917,-9.360658529655902,0.09859473417480658,0.09859473417480658
44,589824,5.352022158788827e-10,260080,329744,1.3089488744735718,0.7382818460464478,0.7759937644004822,0.7137743234634399,0.010477544739842415,0.05108043551445007,0.0974700078368187,42,589824,0.4409450954861111,-9.271482097142364,0.08917643251353802,0.08917643251353802
46,589824,6.73041955501219e-10,270426,319398,1.2018078565597534,0.6913175582885742,0.7922782301902771,0.7439817190170288,0.010723820887506008,0.05175168067216873,0.09713563323020935,42,589824,0.4584859212239583,-9.171957862262309,0.09952423488005557,0.09952423488005557
48,589824,8.188048017387928e-10,274220,315604,1.310073971748352,0.7525808811187744,0.7933745384216309,0.7727686762809753,0.010498869232833385,0.05328568443655968,0.10547006130218506,42,589824,0.4649183485243056,-9.086819619157374,0.08513824310493412,0.08513824310493412
50,589824,9.387222110746052e-10,257660,332164,1.3029096126556396,0.7341442108154297,0.794109046459198,0.7475243806838989,0.01159667782485485,0.05744391679763794,0.10608553886413574,42,589824,0.4368421766493056,-9.027462906185471,0.059356712971903036,0.059356712971903036
52,589824,1.113460323942661e-09,256042,333782,1.1681023836135864,0.7182546257972717,0.7746239304542542,0.7179312109947205,0.010385015979409218,0.05567055568099022,0.11196991801261902,42,589824,0.4340989854600694,-8.953325253618502,0.07413765256696969,0.07413765256696969
54,589824,1.3203502735592565e-09,266226,323598,1.1517452001571655,0.6902580857276917,0.7639503479003906,0.7467408776283264,0.012729786336421967,0.06215771660208702,0.11240074783563614,42,589824,0.4513651529947917,-8.879310840238032,0.07401441338046943,0.07401441338046943
56,589824,1.5680987619504094e-09,272018,317806,1.1610925197601318,0.7382685542106628,0.773399293422699,0.7499961256980896,0.010716202668845654,0.05433464050292969,0.10446000099182129,42,589824,0.4611850314670139,-8.80462658806781,0.07468425217022201,0.07468425217022201
58,589824,1.783900693830276e-09,267496,322328,1.2810178995132446,0.7384583353996277,0.7766339778900146,0.7380634546279907,0.011854383163154125,0.05924948304891586,0.11465591937303543,42,589824,0.4535183376736111,-8.748629325588784,0.05599726247902659,0.05599726247902659
60,589824,2.0089576668880227e-09,259756,330068,1.2089755535125732,0.7361325621604919,0.7835869193077087,0.7546362280845642,0.01230770442634821,0.061265189200639725,0.11798381060361862,42,589824,0.4403957790798611,-8.697029214685617,0.051600110903166296,0.051600110903166296
62,589824,2.2466015714428522e-09,260082,329742,1.1430935859680176,0.6989947557449341,0.7887857556343079,0.741302490234375,0.011538668535649776,0.05677824467420578,0.1110188290476799,42,589824,0.440948486328125,-8.64847394167369,0.04855527301192808,0.04855527301192808
64,589824,2.5432065342556598e-09,261758,328066,1.0708186626434326,0.7249850034713745,0.7710179686546326,0.7153978943824768,0.011919406242668629,0.05696482956409454,0.10179249197244644,42,589824,0.4437900119357639,-8.594618369259873,0.05385557241381633,0.05385557241381633
66,589824,2.9104090248921466e-09,269028,320796,1.0268590450286865,0.6866620779037476,0.7627671360969543,0.7443234324455261,0.013522756285965443,0.06877351552248001,0.1257861703634262,42,589824,0.45611572265625,-8.536045971574028,0.05857239768584499,0.05857239768584499
68,589824,3.2338478561655393e-09,267340,322484,1.2064497470855713,0.7574541568756104,0.7459937930107117,0.7436356544494629,0.013810128904879093,0.06405700743198395,0.113888680934906,42,589824,0.4532538519965278,-8.490280416335018,0.045765555239009714,0.045765555239009714
70,589824,3.5619138749609647e-09,262012,327812,1.1026782989501953,0.7182666659355164,0.7686963677406311,0.7711621522903442,0.013243667781352997,0.06513442099094391,0.12129215151071548,42,589824,0.4442206488715278,-8.448316585737851,0.04196383059716702,0.04196383059716702
72,589824,3.898665390522638e-09,263370,326454,1.0667693614959717,0.736635148525238,0.7654407024383545,0.7492680549621582,0.01439419761300087,0.06714127957820892,0.12592549622058868,42,589824,0.4465230305989583,-8.409084037262785,0.03923254847506641,0.03923254847506641
74,589824,4.153602795042843e-09,254952,334872,1.1286107301712036,0.7234095335006714,0.7425559759140015,0.7103816866874695,0.013735918328166008,0.06194106861948967,0.11227603256702423,42,589824,0.4322509765625,-8.381575036970155,0.027509000292630148,0.027509000292630148
76,589824,4.568010858463367e-09,259886,329938,0.9945074915885925,0.7124987244606018,0.73560631275177,0.6981792449951172,0.01332122553139925,0.06852620095014572,0.12432374805212021,42,589824,0.4406161838107639,-8.340272872414328,0.04130216455582669,0.04130216455582669
78,589824,5.110833090071765e-09,276670,313154,0.9813369512557983,0.6870571970939636,0.7493847012519836,0.7647870779037476,0.01333718840032816,0.06439440697431564,0.12049734592437744,42,589824,0.4690721299913194,-8.291508302031351,0.04876457038297666,0.04876457038297666
80,589824,5.5211568650292975e-09,271988,317836,1.1697163581848145,0.7646144032478333,0.7434337735176086,0.7744342088699341,0.013434416614472866,0.06344397366046906,0.12220024317502975,42,589824,0.4611341688368056,-8.25796991367333,0.033538388358021365,0.033538388358021365
82,589824,5.775261602281034e-09,255696,334128,1.0718964338302612,0.7317739725112915,0.754132091999054,0.7528724670410156,0.014227832667529583,0.06759589165449142,0.12794490158557892,42,589824,0.4335123697916667,-8.238428338733842,0.01954157493948827,0.01954157493948827
84,589824,6.19176665495047e-09,257830,331994,0.9425408840179443,0.7153732776641846,0.7401394844055176,0.7364535927772522,0.016192840412259102,0.07238878309726715,0.135344997048378,42,589824,0.4371303982204861,-8.208185418988107,0.03024291974573501,0.03024291974573501
86,589824,6.594434776019398e-09,264676,325148,0.9864224195480347,0.7109306454658508,0.731636643409729,0.7352564334869385,0.01349196769297123,0.06924314796924591,0.12899544835090637,42,589824,0.4487372504340278,-8.18082242288874,0.027362996099366654,0.027362996099366654
88,589824,6.925107154387433e-09,261068,328756,1.0106538534164429,0.7428095936775208,0.7087292075157166,0.7083423733711243,0.013873780146241188,0.07071337848901749,0.1350184679031372,42,589824,0.4426201714409722,-8.159573502234759,0.02124892065398143,0.02124892065398143
90,589824,7.319683081874473e-09,260792,329032,0.9879574775695801,0.7101520299911499,0.7027000784873962,0.7353499531745911,0.014122365042567253,0.07124451547861099,0.1316949874162674,42,589824,0.4421522352430556,-8.13550772205263,0.024065780182128904,0.024065780182128904
92,589824,7.873687479786895e-09,270836,318988,0.9571695327758789,0.7260540127754211,0.7077549695968628,0.7211013436317444,0.013923555612564087,0.0703783854842186,0.1366472691297531,42,589824,0.4591810438368056,-8.103821827099459,0.031685894953170646,0.031685894953170646
94,589824,8.270809814803215e-09,274458,315366,1.055315613746643,0.7355645895004272,0.7197431325912476,0.7500039339065552,0.015740113332867622,0.07344657182693481,0.14109991490840912,42,589824,0.4653218587239583,-8.082451965552407,0.021369861547052338,0.021369861547052338
96,589824,8.615452351534714e-09,266326,323498,1.012920618057251,0.7423579692840576,0.7273961305618286,0.7866725921630859,0.017238272354006767,0.07190060615539551,0.1378273218870163,42,589824,0.4515346950954861,-8.064721915126231,0.01773005042617548,0.01773005042617548
98,589824,8.74572236853055e-09,255908,333916,1.0100922584533691,0.7321463823318481,0.7194488644599915,0.7548068165779114,0.015591541305184364,0.0749722570180893,0.14137503504753113,42,589824,0.4338717990451389,-8.05820431337682,0.006517601749411739,0.006517601749411739
0,589824,2.6481709213726015e-14,150363,439461,0.09816340357065201,0.02299235202372074,0.09835057705640793,0.025143450126051903,0.19140346348285675,0.7909126281738281,0.8793918490409851,43,589824,0.2549285888671875,-13.577053987580758,,
2,589824,2.359188690757852e-13,184474,405350,0.4987277686595917,0.13097625970840454,0.3063313066959381,0.16948528587818146,0.033413924276828766,0.16955234110355377,0.3581588566303253,43,589824,0.3127610948350694,-12.627237322328602,0.9498166652521558,0.9498166652521558
4,589824,2.0066725516486306e-13,83860,505964,0.13819032907485962,0.07442924380302429,0.4004858732223511,0.15550696849822998,0.0753994733095169,0.3425351679325104,0.6752921342849731,43,589824,0.1421780056423611,-12.697523489801648,-0.07028616747304639,0.07028616747304639
6,589824,3.5829604799579584e-13,76118,513706,0.202253058552742,0.07738534361124039,0.5667523145675659,0.23145486414432526,0.06894558668136597,0.3312619924545288,0.6260280013084412,43,589824,0.1290520562065972,-12.445757982074145,0.2517655077275034,0.2517655077275034
8,589824,5.416232241352292e-13,101736,488088,0.173972487449646,0.09353719651699066,0.6787356734275818,0.29588213562965393,0.055820949375629425,0.27524179220199585,0.5311492681503296,43,589824,0.1724853515625,-12.2663027219124,0.1794552601617454,0.1794552601617454
10,589824,7.992851172589077e-13,138156,451668,0.23341305553913116,0.17106421291828156,0.7352628707885742,0.3658028841018677,0.032412633299827576,0.15738730132579803,0.30878862738609314,43,589824,0.23423258463541666,-12.097298273546459,0.16900444836594097,0.16900444836594097
12,589824,1.0694597334451328e-12,162630,427194,0.31414973735809326,0.2667365074157715,0.7496106624603271,0.4108533263206482,0.024952344596385956,0.11660824716091156,0.21972574293613434,43,589824,0.275726318359375,-11.970835562538731,0.12646271100772744,0.12646271100772744
14,589824,1.3606492235002099e-12,180650,409174,0.3590884804725647,0.30540603399276733,0.752572238445282,0.44152864813804626,0.021931912750005722,0.10572376847267151,0.20076943933963776,43,589824,0.3062778049045139,-11.866253821845365,0.10458174069336579,0.10458174069336579
16,589824,1.7198820492780875e-12,200122,389702,0.3929096460342407,0.34492605924606323,0.7394169569015503,0.4675813913345337,0.01843375526368618,0.0918239876627922,0.17616254091262817,43,589824,0.3392910427517361,-11.764501336292543,0.10175248555282224,0.10175248555282224
18,589824,2.0969246304625155e-12,214762,375062,0.45261549949645996,0.3964672088623047,0.7329378128051758,0.4808676540851593,0.015361190773546696,0.07608422636985779,0.1481686681509018,43,589824,0.3641120062934028,-11.678417179054197,0.08608415723834639,0.08608415723834639
20,589824,2.449318959457658e-12,224708,365116,0.4852260947227478,0.4231858551502228,0.72248375415802,0.486305832862854,0.014659023843705654,0.07203125953674316,0.13867774605751038,43,589824,0.3809746636284722,-11.610954655743978,0.06746252331021907,0.06746252331021907
22,589824,2.8972889625639153e-12,235584,354240,0.5336576700210571,0.45981350541114807,0.7146833539009094,0.5018860697746277,0.013553552329540253,0.06531428545713425,0.12748318910598755,43,589824,0.3994140625,-11.538008188058706,0.0729464676852718,0.0729464676852718
24,589824,3.3483493755426252e-12,243100,346724,0.5773430466651917,0.48871728777885437,0.6988872289657593,0.5139527916908264,0.01276840828359127,0.06299053877592087,0.12167832255363464,43,589824,0.4121568467881944,-11.47516923289086,0.06283895516784632,0.06283895516784632
26,589824,3.811128496122862e-12,249254,340570,0.6097869873046875,0.5087792277336121,0.6880197525024414,0.5215051174163818,0.012621662579476833,0.06011136993765831,0.11738226562738419,43,589824,0.4225904676649306,-11.418946408295183,0.05622282459567707,0.05622282459567707
28,589824,4.390775937279656e-12,255516,334308,0.6569332480430603,0.5370115637779236,0.6826285719871521,0.5340724587440491,0.011345669627189636,0.056599196046590805,0.11211822926998138,43,589824,0.4332071940104167,-11.357458724518446,0.06148768377673619,0.06148768377673619
30,589824,4.990441219987485e-12,258992,330832,0.7001832127571106,0.5548123717308044,0.6673492193222046,0.542955219745636,0.010969451628625393,0.05553067475557327,0.1095748171210289,43,589824,0.4391004774305556,-11.301861055391681,0.055597669126765226,0.055597669126765226
32,589824,5.678536633968445e-12,262484,327340,0.731521725654602,0.57197105884552,0.6701781153678894,0.5538779497146606,0.010514926165342331,0.05423949658870697,0.10788848251104355,43,589824,0.4450208875868056,-11.245763568104852,0.05609748728682895,0.05609748728682895
34,589824,6.411538400891148e-12,264656,325168,0.7761562466621399,0.588253378868103,0.661178469657898,0.5657501220703125,0.010897164233028889,0.05344295874238014,0.1059412956237793,43,589824,0.4487033420138889,-11.193037752250843,0.05272581585400893,0.05272581585400893
36,589824,7.362747564410022e-12,265664,324160,0.8453817963600159,0.6065535545349121,0.7919594049453735,0.577238917350769,0.01007663831114769,0.050925228744745255,0.10165472328662872,43,589824,0.4504123263888889,-11.1329600892779,0.06007766297294381,0.06007766297294381
38,589824,8.329419619312883e-12,266744,323080,0.8465707302093506,0.6151412725448608,0.7723860740661621,0.5897182822227478,0.010298263281583786,0.05113142356276512,0.1027989387512207,43,589824,0.4522433810763889,-11.079385258486495,0.05357483079140479,0.05357483079140479
40,589824,9.359588624968662e-12,267112,322712,0.8850157260894775,0.6249679923057556,0.7477559447288513,0.5974584817886353,0.009954625740647316,0.05193701758980751,0.10369807481765747,43,589824,0.4528672960069444,-11.028743239064486,0.050642019422008744,0.050642019422008744
42,589824,1.0490687311903724e-11,266802,323022,0.9103107452392578,0.6365219950675964,0.729560375213623,0.6067149639129639,0.010303521528840065,0.05231969803571701,0.10514163970947266,43,589824,0.4523417154947917,-10.979196057470052,0.049547181594434164,0.049547181594434164
44,589824,1.1828375952316339e-11,266238,323586,0.9470232129096985,0.6459368467330933,0.7208918333053589,0.6203137040138245,0.01021642331033945,0.05112342908978462,0.10282529145479202,43,589824,0.451385498046875,-10.927074880339555,0.052121177130496577,0.052121177130496577
46,589824,1.3349131695872263e-11,265256,324568,0.9567989110946655,0.6537549495697021,0.7133583426475525,0.6319905519485474,0.009967729449272156,0.0505511648952961,0.1016489788889885,43,589824,0.4497205946180556,-10.874546982385953,0.052527897953602576,0.052527897953602576
48,589824,1.4955274865724455e-11,264694,325130,0.9793741703033447,0.6602968573570251,0.7081813216209412,0.6428824067115784,0.010215569287538528,0.05207522585988045,0.10431290417909622,43,589824,0.4487677680121528,-10.825205600581818,0.049341381804135054,0.049341381804135054
50,589824,1.6728927271225658e-11,263280,326544,0.9941413998603821,0.669441282749176,0.7048807740211487,0.6495950818061829,0.010570495389401913,0.0517130047082901,0.10351716727018356,43,589824,0.4463704427083333,-10.776531906923084,0.048673693658733086,0.048673693658733086
52,589824,1.8652036512523118e-11,261808,328016,1.0045987367630005,0.6721565127372742,0.7026680111885071,0.6578291058540344,0.010568814352154732,0.05222529545426369,0.10509992390871048,43,589824,0.4438747829861111,-10.729273743058217,0.0472581638648677,0.0472581638648677
54,589824,2.084493862242187e-11,261128,328696,1.0066488981246948,0.6779555678367615,0.7038394808769226,0.6664448380470276,0.010469960048794746,0.05262169986963272,0.10531999170780182,43,589824,0.4427218967013889,-10.680999379308743,0.04827436374947425,0.04827436374947425
56,589824,2.3253119915689346e-11,260084,329740,1.0280205011367798,0.6828024387359619,0.7030413746833801,0.6759110689163208,0.010312052443623543,0.05153719335794449,0.10392411798238754,43,589824,0.4409518771701389,-10.63351876874113,0.04748061056761266,0.04748061056761266
58,589824,2.5918158244597755e-11,258550,331274,1.0143373012542725,0.6884129643440247,0.7081817984580994,0.6823005080223083,0.01012183353304863,0.051823634654283524,0.10568555444478989,43,589824,0.4383511013454861,-10.586395862856493,0.04712290588463652,0.04712290588463652
60,589824,2.8491112247230888e-11,256708,333116,1.0199123620986938,0.6908833384513855,0.703399121761322,0.6864864826202393,0.010237312875688076,0.0526590533554554,0.10608941316604614,43,589824,0.4352281358506944,-10.545290596271013,0.04110526658548075,0.04110526658548075
62,589824,3.138744819608519e-11,256140,333684,1.0208134651184082,0.6916198134422302,0.701047420501709,0.6920197010040283,0.01056063175201416,0.05258062109351158,0.10687905550003052,43,589824,0.43426513671875,-10.503243991066688,0.042046605204324905,0.042046605204324905
64,589824,3.443276566650333e-11,257094,332730,1.0271984338760376,0.6913321018218994,0.7047833800315857,0.7002214789390564,0.010486437007784843,0.05335013568401337,0.10793717205524445,43,589824,0.435882568359375,-10.463028093023974,0.04021589804271386,0.04021589804271386
66,589824,3.755098315627592e-11,256226,333598,1.0351696014404297,0.6982167363166809,0.7062364220619202,0.7073997259140015,0.01075222622603178,0.05467439070343971,0.11022690683603287,43,589824,0.4344109429253472,-10.425378687854064,0.03764940516991011,0.03764940516991011
68,589824,4.060218133927762e-11,254258,335566,1.0434428453445435,0.6989823579788208,0.7105312943458557,0.7126932144165039,0.01107929740101099,0.055958908051252365,0.11227178573608398,43,589824,0.4310743543836806,-10.391450633463123,0.03392805439094104,0.03392805439094104
70,589824,4.377101459063226e-11,253146,336678,1.0279595851898193,0.698606014251709,0.7108373045921326,0.7164127826690674,0.010827744379639626,0.05576623976230621,0.1132824569940567,43,589824,0.4291890462239583,-10.358813386537305,0.03263724692581782,0.03263724692581782
72,589824,4.7078937970290724e-11,253324,336500,1.0332176685333252,0.6980494856834412,0.7108971476554871,0.7221710085868835,0.011064881458878517,0.05644945055246353,0.11471080780029297,43,589824,0.4294908311631944,-10.32717334274544,0.03164004379186558,0.03164004379186558
74,589824,5.049402562740113e-11,253226,336598,1.0385788679122925,0.7044287323951721,0.7128568887710571,0.7291287183761597,0.011598334647715092,0.05836683139204979,0.11793812364339828,43,589824,0.4293246799045139,-10.296760003872292,0.030413338873147566,0.030413338873147566
76,589824,5.3837989621996485e-11,252648,337176,1.0403708219528198,0.7043885588645935,0.7169083952903748,0.735639750957489,0.011921724304556847,0.060511063784360886,0.12124378234148026,43,589824,0.4283447265625,-10.268911165581526,0.027848838290765343,0.027848838290765343
78,589824,5.724728677214408e-11,251638,338186,1.033542513847351,0.7077198028564453,0.7192283272743225,0.7417968511581421,0.011770877055823803,0.06094866245985031,0.12132110446691513,43,589824,0.4266323513454861,-10.242245091831903,0.02666607374962382,0.02666607374962382
80,589824,6.068008595594421e-11,250768,339056,1.0440163612365723,0.7062811851501465,0.7199861407279968,0.7465080618858337,0.011947297491133213,0.06121594458818436,0.12268311530351639,43,589824,0.4251573350694444,-10.216953812688113,0.025291279143790035,0.025291279143790035
82,589824,6.421392584332608e-11,250100,339724,1.0238920450210571,0.7092267274856567,0.7213853001594543,0.7491433620452881,0.012103158980607986,0.06129548326134682,0.12356657534837723,43,589824,0.4240247938368056,-10.192370777833483,0.024583034854629204,0.024583034854629204
84,589824,6.770052574101015e-11,249930,339894,1.0215404033660889,0.7078487277030945,0.7194902300834656,0.7535396218299866,0.012515504844486713,0.06304965913295746,0.12671148777008057,43,589824,0.423736572265625,-10.169407958707277,0.02296281912620657,0.02296281912620657
86,589824,7.129484502765848e-11,251048,338776,1.0225433111190796,0.711859405040741,0.7214525938034058,0.7610528469085693,0.01261511817574501,0.06360536813735962,0.1285969316959381,43,589824,0.4256320529513889,-10.146941870666755,0.02246608804052208,0.02246608804052208
88,589824,7.479800806509118e-11,250720,339104,1.0305362939834595,0.71370929479599,0.7250915169715881,0.7670176029205322,0.012695437297224998,0.06437460333108902,0.12805519998073578,43,589824,0.4250759548611111,-10.126109967614925,0.020831903051830025,0.020831903051830025
90,589824,7.809283081305907e-11,249594,340230,1.0208110809326172,0.7141197323799133,0.7248095870018005,0.7697619795799255,0.012724664993584156,0.06600318849086761,0.13262738287448883,43,589824,0.4231669108072917,-10.107388834000298,0.01872113361462624,0.01872113361462624
92,589824,8.138391349721275e-11,249264,340560,1.0149741172790527,0.7144827246665955,0.7252733111381531,0.7706560492515564,0.013102573342621326,0.06580573320388794,0.132229283452034,43,589824,0.422607421875,-10.089461430120737,0.017927403879561155,0.017927403879561155
94,589824,8.469675655264908e-11,249296,340528,1.0028873682022095,0.7147030234336853,0.723226010799408,0.7722889184951782,0.013241288252174854,0.06740982830524445,0.13418185710906982,43,589824,0.4226616753472222,-10.072133220581428,0.01732820953930947,0.01732820953930947
96,589824,8.810208118603668e-11,250364,339460,1.0032678842544556,0.7137932181358337,0.722251832485199,0.7782273292541504,0.01325270440429449,0.06772539764642715,0.1364932805299759,43,589824,0.4244723849826389,-10.05501383237188,0.01711938820954728,0.01711938820954728
98,589824,9.125494804251844e-11,250212,339612,1.0081002712249756,0.7202309966087341,0.7217082977294922,0.7815238833427429,0.013440601527690887,0.06812622398138046,0.1374114751815796,43,589824,0.4242146809895833,-10.039743577838044,0.015270254533836791,0.015270254533836791
0,589824,1.4177071653133713e-14,153557,436267,0.08304966241121292,0.012466740794479847,0.2588099241256714,0.013586483895778656,0.3689965307712555,0.851696789264679,0.9160637855529785,44,589824,0.2603437635633681,-13.848413465642436,,
2,589824,1.0329007072394647e-13,177570,412254,0.23709736764431,0.06043380871415138,0.7477020025253296,0.08183591067790985,0.07501830160617828,0.39844006299972534,0.7306245565414429,44,589824,0.301055908203125,-12.985941425208937,0.8624720404334987,0.8624720404334987
4,589824,1.0801671785753281e-13,89066,500758,0.1677377074956894,0.05056053027510643,1.3047176599502563,0.0905517041683197,0.11228752136230469,0.49430760741233826,0.789493203163147,44,589824,0.1510043674045139,-12.966509023111279,0.019432402097658397,0.019432402097658397
6,589824,2.071502827128216e-13,80914,508910,0.1753046214580536,0.055880431085824966,1.6414986848831177,0.1537233591079712,0.09427293390035629,0.4493289291858673,0.7424672842025757,44,589824,0.1371832953559028,-12.68371446965251,0.2827945534587677,0.2827945534587677
8,589824,3.67982716780596e-13,123920,465904,0.19521169364452362,0.09850869327783585,1.8534245491027832,0.23684997856616974,0.05250968411564827,0.25739994645118713,0.5070368051528931,44,589824,0.21009657118055555,-12.434172578563121,0.24954189108938962,0.24954189108938962
10,589824,7.081560273076992e-13,178336,411488,0.45584896206855774,0.21225810050964355,1.8509902954101562,0.3617335557937622,0.022687511518597603,0.1156076192855835,0.23252175748348236,44,589824,0.3023546006944444,-12.149871044099402,0.28430153446371875,0.28430153446371875
12,589824,1.3006521857802933e-12,218860,370964,0.8033137321472168,0.3557831048965454,1.641877293586731,0.4887358248233795,0.013154528103768826,0.06633007526397705,0.13386639952659607,44,589824,0.3710598415798611,-11.885838824876991,0.26403221922241116,0.26403221922241116
14,589824,2.2318902368617666e-12,238970,350854,1.1864204406738281,0.4470241665840149,1.4576566219329834,0.5828341245651245,0.01043645665049553,0.05252541974186897,0.10638991743326187,44,589824,0.4051547580295139,-11.651327167573802,0.23451165730318912,0.23451165730318912
16,589824,3.755604334465534e-12,252814,337010,1.5478266477584839,0.5563609004020691,1.2530218362808228,0.655727744102478,0.008037528954446316,0.04072163626551628,0.08193375170230865,44,589824,0.4286261664496528,-11.42532016837869,0.22600699919511236,0.22600699919511236
18,589824,6.54554405468688e-12,259718,330106,1.680208683013916,0.5978430509567261,1.1115033626556396,0.7064197063446045,0.007331028115004301,0.03717108443379402,0.07491972297430038,44,589824,0.4403313530815972,-11.184054249781141,0.24126591859754853,0.24126591859754853
20,589824,1.0671532234274306e-11,260186,329638,1.8764487504959106,0.6515366435050964,1.0261452198028564,0.7283778190612793,0.007875136099755764,0.038630060851573944,0.07662980258464813,44,589824,0.4411248101128472,-10.971773219458797,0.21228103032234458,0.21228103032234458
22,589824,1.7167515672933398e-11,259720,330104,1.7680150270462036,0.6799936294555664,0.9742813110351562,0.7520442008972168,0.007739103864878416,0.03658555448055267,0.0736793503165245,44,589824,0.4403347439236111,-10.765292547448224,0.20648067201057252,0.20648067201057252
24,589824,2.734796417103169e-11,266284,323540,1.7279865741729736,0.6963208913803101,0.9385644197463989,0.7772833704948425,0.007450691424310207,0.03782803192734718,0.07621937245130539,44,589824,0.4514634874131944,-10.563074997747187,0.20221754970103767,0.20221754970103767
26,589824,4.07481270947585e-11,264766,325058,1.6903027296066284,0.7097223997116089,0.9103920459747314,0.7616414427757263,0.007689809426665306,0.03877763822674751,0.07844284921884537,44,589824,0.4488898383246528,-10.389892347932696,0.17318264981449083,0.17318264981449083
28,589824,5.883397241612798e-11,259718,330106,1.5538675785064697,0.7184255719184875,0.878731369972229,0.7503952383995056,0.008401419967412949,0.041756827384233475,0.08368691802024841,44,589824,0.4403313530815972,-10.230371827455475,0.15952052047722098,0.15952052047722098
30,589824,8.606045043269006e-11,266894,322930,1.368952989578247,0.7035747170448303,0.845262348651886,0.7655643820762634,0.008059379644691944,0.040937598794698715,0.0823960080742836,44,589824,0.4524976942274306,-10.065196385189092,0.16517544226638314,0.16517544226638314
32,589824,1.1947827449620974e-10,271308,318516,1.434489369392395,0.7263559103012085,0.8231022357940674,0.7808176279067993,0.008481135591864586,0.04448818415403366,0.08919014781713486,44,589824,0.4599812825520833,-9.922711058098256,0.14248532709083506,0.14248532709083506
34,589824,1.564562507327949e-10,261884,327940,1.4310661554336548,0.737293541431427,0.7942422032356262,0.7350438237190247,0.00987841933965683,0.048307646065950394,0.09502680599689484,44,589824,0.4440036349826389,-9.805607081258396,0.11710397683986074,0.11710397683986074
36,589824,2.0970995773250678e-10,262808,327016,1.3053964376449585,0.7184410095214844,0.7858538031578064,0.7509990930557251,0.008736415766179562,0.04403214529156685,0.08484140038490295,44,589824,0.4455702039930556,-9.678380947285703,0.12722613397269278,0.12722613397269278
38,589824,2.790824793486024e-10,272378,317446,1.2535808086395264,0.7028073072433472,0.7757301330566406,0.7499157190322876,0.009806225076317787,0.049038466066122055,0.09783095121383667,44,589824,0.4617953830295139,-9.554267427434926,0.12411351985077701,0.12411351985077701
40,589824,3.483925647973507e-10,269332,320492,1.3870900869369507,0.7441991567611694,0.7693649530410767,0.7509629130363464,0.009479006752371788,0.05000148341059685,0.09863662719726562,44,589824,0.4566311306423611,-9.457931122039628,0.09633630539529747,0.09633630539529747
42,589824,4.382622320608931e-10,264722,325102,1.2455711364746094,0.7150170207023621,0.7739183902740479,0.7611344456672668,0.00988962035626173,0.05174484848976135,0.10111740231513977,44,589824,0.4488152398003472,-9.358265953745489,0.0996651682941394,0.0996651682941394
44,589824,5.33480482012294e-10,261668,328156,1.2726359367370605,0.7317382097244263,0.7525482177734375,0.720477283000946,0.010582111775875092,0.051958974450826645,0.09759695827960968,44,589824,0.4436374240451389,-9.272881465104401,0.08538448864108794,0.08538448864108794
46,589824,6.619764736370826e-10,266082,323742,1.1889089345932007,0.7022706270217896,0.7469445466995239,0.7217555046081543,0.010632060468196869,0.05232221633195877,0.09955577552318573,44,589824,0.4511210123697917,-9.1791574449276,0.0937240201768006,0.0937240201768006
48,589824,8.203806522999457e-10,276860,312964,1.2187831401824951,0.7319929003715515,0.7647470235824585,0.7653214335441589,0.010485444217920303,0.05278119072318077,0.10308098047971725,44,589824,0.4693942599826389,-9.085984590500713,0.0931728544268875,0.0931728544268875
50,589824,9.516596399805621e-10,267382,322442,1.2778104543685913,0.7444197535514832,0.7656440138816833,0.744300365447998,0.012072615325450897,0.05653334781527519,0.10498088598251343,44,589824,0.4533250596788194,-9.021518348788165,0.06446624171254811,0.06446624171254811
52,589824,1.105133318191065e-09,256814,333010,1.1917237043380737,0.7273687124252319,0.7558175921440125,0.7282443642616272,0.010719820857048035,0.05652729421854019,0.11058587580919266,44,589824,0.4354078504774306,-8.956585327533421,0.06493302125474365,0.06493302125474365
54,589824,1.3091882022919776e-09,263712,326112,1.100911021232605,0.6980929374694824,0.7399954199790955,0.7159456014633179,0.011732496321201324,0.05961807072162628,0.10984710603952408,44,589824,0.4471028645833333,-8.882997916977368,0.073587410556053,0.073587410556053
56,589824,1.551146766587408e-09,272562,317262,1.1214592456817627,0.7226520776748657,0.7448309659957886,0.7455076575279236,0.011498301289975643,0.05636882781982422,0.10661427676677704,44,589824,0.4621073404947917,-8.809347108115816,0.07365080886155262,0.07365080886155262
58,589824,1.7888652781294923e-09,271402,318422,1.1591309309005737,0.736803412437439,0.74354487657547,0.7295481562614441,0.011934326030313969,0.05884628742933273,0.11438751965761185,44,589824,0.4601406521267361,-8.747422365507582,0.061924742608233885,0.061924742608233885
60,589824,2.013680999723988e-09,264390,325434,1.1973865032196045,0.7432699799537659,0.7466351985931396,0.7457051873207092,0.012023904360830784,0.05871250852942467,0.1115284264087677,44,589824,0.4482523600260417,-8.696009327740958,0.05141303776662376,0.05141303776662376
62,589824,2.2569666136007527e-09,260984,328840,1.1019352674484253,0.7124402523040771,0.7477908730506897,0.7418518662452698,0.011084971018135548,0.05905342847108841,0.11508751660585403,44,589824,0.4424777560763889,-8.646474865218297,0.04953446252266147,0.04953446252266147
64,589824,2.5317301588501095e-09,262508,327316,1.1074438095092773,0.7197714447975159,0.7360029220581055,0.7115092873573303,0.012037727981805801,0.056984927505254745,0.10385207086801529,44,589824,0.4450615776909722,-8.596582584897757,0.04989228032053994,0.04989228032053994
66,589824,2.8886373293346423e-09,270574,319250,1.0140880346298218,0.6960918307304382,0.7387014627456665,0.731378972530365,0.013220042921602726,0.06494341790676117,0.12184467166662216,44,589824,0.4587368435329861,-8.539306980743477,0.057275604154279236,0.057275604154279236
68,589824,3.220676836335201e-09,269508,320316,1.1352499723434448,0.7450050711631775,0.7268281579017639,0.7385528683662415,0.013487540185451508,0.06420588493347168,0.11328420788049698,44,589824,0.4569295247395833,-8.492052850230737,0.047254130512740744,0.047254130512740744
70,589824,3.55665541462713e-09,263940,325884,1.0636674165725708,0.7281786799430847,0.7311940789222717,0.7561957836151123,0.01363188587129116,0.06559444963932037,0.1215200424194336,44,589824,0.4474894205729167,-8.448958209252009,0.04309464097872784,0.04309464097872784
72,589824,3.926632796691365e-09,267726,322098,1.0470770597457886,0.7322039604187012,0.7402302026748657,0.7732877731323242,0.013827570714056492,0.0669042244553566,0.12298394739627838,44,589824,0.4539082845052083,-8.405979710348413,0.04297849890359551,0.04297849890359551
74,589824,4.18521484135681e-09,259692,330132,1.098491907119751,0.7317514419555664,0.7192893028259277,0.7104033827781677,0.014120574109256268,0.0631825402379036,0.1170579046010971,44,589824,0.4402872721354167,-8.378282243281022,0.027697467067390846,0.027697467067390846
76,589824,4.5005927873376095e-09,255748,334076,1.0167567729949951,0.7224607467651367,0.704698920249939,0.6859709620475769,0.013106652535498142,0.0655684545636177,0.12296871095895767,44,589824,0.4336005316840278,-8.346730280154762,0.03155196312625996,0.03155196312625996
78,589824,5.056144836146359e-09,274528,315296,0.9419891238212585,0.6710838079452515,0.7145540714263916,0.7310031652450562,0.013474035076797009,0.06522103399038315,0.12246109545230865,44,589824,0.4654405381944444,-8.296180493934886,0.050549786219876935,0.050549786219876935
80,589824,5.538351111056272e-09,278000,311824,1.1058735847473145,0.7560725212097168,0.7184945344924927,0.7672053575515747,0.013208633288741112,0.06291726231575012,0.1209964007139206,44,589824,0.4713270399305556,-8.25661951504753,0.03956097888735499,0.03956097888735499
82,589824,5.79582870585682e-09,261694,328130,1.097231388092041,0.742292582988739,0.7247233986854553,0.7529033422470093,0.014165399596095085,0.06632556021213531,0.12523405253887177,44,589824,0.4436815049913194,-8.236884458466646,0.019735056580884702,0.019735056580884702
84,589824,6.198054514072737e-09,259392,330432,0.9761559963226318,0.7235726118087769,0.7257664799690247,0.7372457981109619,0.015813902020454407,0.06885331869125366,0.12889371812343597,44,589824,0.4397786458333333,-8.207744608306987,0.02913985015965892,0.02913985015965892
86,589824,6.566098775806495e-09,264038,325786,0.9668324589729309,0.7132669687271118,0.7144335508346558,0.727327287197113,0.015107674524188042,0.0712018758058548,0.13394662737846375,44,589824,0.4476555718315972,-8.182692588334513,0.02505201997247397,0.02505201997247397
88,589824,6.930966023332985e-09,263422,326402,0.9913866519927979,0.7316057085990906,0.6981626749038696,0.7060571312904358,0.013127225451171398,0.06901473551988602,0.13163669407367706,44,589824,0.4466111924913194,-8.159206230126383,0.023486358208129943,0.023486358208129943
90,589824,7.3467645300695494e-09,266238,323586,0.9669736623764038,0.717626690864563,0.6908923983573914,0.7266053557395935,0.014498305507004261,0.07349438965320587,0.13465020060539246,44,589824,0.451385498046875,-8.133903879432912,0.025302350693470643,0.025302350693470643
92,589824,7.843448557309785e-09,271006,318818,0.9817442297935486,0.7326515316963196,0.6986144185066223,0.7326071262359619,0.014195257797837257,0.06882135570049286,0.1305616945028305,44,589824,0.4594692654079861,-8.10549294750502,0.028410931927892236,0.028410931927892236
94,589824,8.244932736545252e-09,272244,317580,1.010762095451355,0.7336333394050598,0.6998658180236816,0.7235090732574463,0.015210620127618313,0.07461321353912354,0.14499126374721527,44,589824,0.4615681966145833,-8.083812883047527,0.021680064457493486,0.021680064457493486
96,589824,8.607679014005498e-09,268956,320868,1.011688470840454,0.7412019371986389,0.7129273414611816,0.7737585306167603,0.016158776357769966,0.07216794043779373,0.1374165266752243,44,589824,0.45599365234375,-8.065113936501728,0.018698946545798734,0.018698946545798734
98,589824,8.823567654303588e-09,263610,326214,0.9574591517448425,0.7245840430259705,0.7102501392364502,0.7545651793479919,0.015579833649098873,0.08092636615037918,0.1493721753358841,44,589824,0.446929931640625,-8.054355780027329,0.010758156474398817,0.010758156474398817
0,589824,2.1230316698986167e-14,146641,443183,0.06411223113536835,0.018428349867463112,0.08807999640703201,0.02027009427547455,0.24253790080547333,0.8216733336448669,0.9016168713569641,45,589824,0.2486182318793403,-13.673043527284955,,
2,589824,2.0201834725463302e-13,185258,404566,0.4562283456325531,0.11722290515899658,0.27973249554634094,0.14940938353538513,0.037191376090049744,0.189368337392807,0.4090133607387543,45,589824,0.3140903049045139,-12.694609186248409,0.9784343410365466,0.9784343410365466
4,589824,1.704328816748077e-13,82792,507032,0.11514414846897125,0.06388302147388458,0.3211677372455597,0.13537569344043732,0.08673543483018875,0.3954125940799713,0.7732510566711426,45,589824,0.14036729600694445,-12.768446612901,-0.07383742665259163,0.07383742665259163
6,589824,3.2566112892311316e-13,80614,509210,0.20316502451896667,0.07795775681734085,0.4303252100944519,0.21686643362045288,0.06847445666790009,0.32866498827934265,0.6234648823738098,45,589824,0.13667466905381945,-12.487234075950477,0.2812125369505232,0.2812125369505232
8,589824,4.98139723914548e-13,100316,489508,0.16535590589046478,0.09005604684352875,0.49492141604423523,0.28130385279655457,0.05848518759012222,0.2855975031852722,0.5485166907310486,45,589824,0.1700778537326389,-12.30264882428047,0.18458525167000772,0.18458525167000772
10,589824,7.408614737317021e-13,135932,453892,0.22110770642757416,0.16016927361488342,0.5687243938446045,0.3522327244281769,0.0351719968020916,0.1672600954771042,0.3266044855117798,45,589824,0.2304619683159722,-12.13026298880615,0.1723858354743193,0.1723858354743193
12,589824,9.877738817859472e-13,160140,429684,0.2961512506008148,0.2567490339279175,0.609325647354126,0.3979956805706024,0.025677531957626343,0.12116273492574692,0.22891220450401306,45,589824,0.2715047200520833,-12.005342461416221,0.12492052738992854,0.12492052738992854
14,589824,1.257127865347818e-12,176750,413074,0.34164005517959595,0.29381510615348816,0.6232283115386963,0.42986464500427246,0.02364356443285942,0.11128713190555573,0.2091711461544037,45,589824,0.2996656629774306,-11.900620546983268,0.10472191443295387,0.10472191443295387
16,589824,1.5676783872778377e-12,194886,394938,0.36818838119506836,0.3274570107460022,0.6207107901573181,0.45445093512535095,0.01999630592763424,0.09687201678752899,0.18555976450443268,45,589824,0.330413818359375,-11.804743028996509,0.09587751798675903,0.09587751798675903
18,589824,1.912063823245047e-12,209258,380566,0.44202283024787903,0.3826039433479309,0.633540153503418,0.46966490149497986,0.016329124569892883,0.07915587723255157,0.1531936675310135,45,589824,0.3547804090711806,-11.71849761539646,0.08624541360004834,0.08624541360004834
20,589824,2.2224138761933743e-12,218252,371572,0.4576123058795929,0.4060508608818054,0.6223774552345276,0.47563228011131287,0.015326320193707943,0.07538992166519165,0.14536866545677185,45,589824,0.3700290256076389,-11.653175059972462,0.06532255542399845,0.06532255542399845
22,589824,2.6112757789409358e-12,228380,361444,0.501865565776825,0.44209739565849304,0.6230559349060059,0.49223944544792175,0.013924161903560162,0.06817147135734558,0.13373763859272003,45,589824,0.3872002495659722,-11.583147259564422,0.07002780040803991,0.07002780040803991
24,589824,2.964225219448391e-12,235518,354306,0.5319451093673706,0.46812719106674194,0.6140597462654114,0.5008175373077393,0.01309878658503294,0.06503112614154816,0.12659330666065216,45,589824,0.3993021647135417,-11.528088802093608,0.05505845747081395,0.05505845747081395
26,589824,3.2953778594801975e-12,242172,347652,0.5517663955688477,0.48339036107063293,0.5999483466148376,0.5045605301856995,0.013461506925523281,0.06540805846452713,0.12582792341709137,45,589824,0.41058349609375,-11.482094780499848,0.04599402159375998,0.04599402159375998
28,589824,3.707529942775789e-12,248830,340994,0.5966718792915344,0.5128688216209412,0.5991230607032776,0.5153098106384277,0.01223727036267519,0.05984004959464073,0.11742554605007172,45,589824,0.4218716091579861,-11.43091533283369,0.051179447666157785,0.051179447666157785
30,589824,4.1167009037779145e-12,252092,337732,0.6255005598068237,0.5273275971412659,0.593349039554596,0.5233026742935181,0.012078923173248768,0.059692490845918655,0.11667565256357193,45,589824,0.4274020724826389,-11.38545068523896,0.04546464759473068,0.04546464759473068
32,589824,4.584047551270398e-12,256138,333686,0.6602318286895752,0.5463815331459045,0.5928599238395691,0.5321142673492432,0.011505517177283764,0.057043470442295074,0.11313042789697647,45,589824,0.4342617458767361,-11.338750885991097,0.04669979924786283,0.04669979924786283
34,589824,5.07914587125069e-12,258744,331080,0.6980750560760498,0.5614234805107117,0.5918542146682739,0.5423197746276855,0.01149398647248745,0.055931732058525085,0.11069242656230927,45,589824,0.4386800130208333,-11.294209314210283,0.04454157178081353,0.04454157178081353
36,589824,5.72896114228727e-12,260312,329512,0.7405649423599243,0.5804571509361267,0.6065384745597839,0.5555747747421265,0.010844679549336433,0.05380082502961159,0.10662205517292023,45,589824,0.4413384331597222,-11.24192412342109,0.05228519078919369,0.05228519078919369
38,589824,6.335299038845443e-12,261106,328718,0.7592563629150391,0.58950275182724,0.6018967032432556,0.5631913542747498,0.010647016577422619,0.053150828927755356,0.10640889406204224,45,589824,0.4426845974392361,-11.198232880724452,0.043691242696636934,0.043691242696636934
40,589824,6.9619149854760476e-12,262916,326908,0.7810869216918945,0.5977301597595215,0.5986688733100891,0.5732448697090149,0.011478951200842857,0.05562613159418106,0.11032421141862869,45,589824,0.4457533094618056,-11.157271284350218,0.04096159637423469,0.04096159637423469
42,589824,7.613276328810592e-12,264158,325666,0.8170157670974731,0.6097925305366516,0.5985759496688843,0.5814918279647827,0.010966921225190163,0.05492924898862839,0.10933607816696167,45,589824,0.4478590223524306,-11.118428406920241,0.0388428774299765,0.0388428774299765
44,589824,8.441447194029728e-12,263298,326526,0.851019024848938,0.6215458512306213,0.60276859998703,0.5926703214645386,0.010919187217950821,0.05388950929045677,0.10678014904260635,45,589824,0.4464009602864583,-11.07358309194036,0.04484531497988087,0.04484531497988087
46,589824,9.350244536965313e-12,262920,326904,0.8705258965492249,0.6301156878471375,0.6098534464836121,0.6050009727478027,0.01017419807612896,0.05268142372369766,0.10594858229160309,45,589824,0.4457600911458333,-11.029177030874443,0.04440606106591716,0.04440606106591716
48,589824,1.0242771908419712e-11,261734,328090,0.8972841501235962,0.6382442116737366,0.6129928231239319,0.6132467985153198,0.010499210096895695,0.053378622978925705,0.10729596018791199,45,589824,0.4437493218315972,-10.989582498279498,0.039594532594945164,0.039594532594945164
50,589824,1.1252491126378938e-11,261334,328490,0.9076308012008667,0.6409437656402588,0.6186635494232178,0.6207261085510254,0.010852012783288956,0.055143989622592926,0.11014257371425629,45,589824,0.4430711534288194,-10.94875132087037,0.04083117740912812,0.04083117740912812
52,589824,1.2377754203540814e-11,260960,328864,0.9428805112838745,0.65215003490448,0.6256747245788574,0.6314946413040161,0.01069512590765953,0.05437998101115227,0.10951869934797287,45,589824,0.4424370659722222,-10.907358145742881,0.041393175127488746,0.041393175127488746
54,589824,1.3623014175068171e-11,259256,330568,0.9475533366203308,0.6559007167816162,0.6357253193855286,0.6415032148361206,0.010549417696893215,0.05449439585208893,0.108753502368927,45,589824,0.4395480685763889,-10.865726791485464,0.04163135425741693,0.04163135425741693
56,589824,1.502352929561024e-11,257960,331864,0.9640709757804871,0.663568913936615,0.6423993110656738,0.6506218910217285,0.010683827102184296,0.053221430629491806,0.10702434927225113,45,589824,0.4373508029513889,-10.823228031808627,0.04249875967683714,0.04249875967683714
58,589824,1.6640376576670945e-11,256430,333394,0.9647329449653625,0.6696911454200745,0.6517447233200073,0.6597232818603516,0.010497990995645523,0.05364816635847092,0.10677767544984818,45,589824,0.4347568088107639,-10.778836849720797,0.04439118208783022,0.04439118208783022
60,589824,1.819260887769847e-11,254632,335192,0.9734675288200378,0.6750656366348267,0.6558538675308228,0.6663012504577637,0.010748845525085926,0.05429404228925705,0.10888262838125229,45,589824,0.4317084418402778,-10.740105017267187,0.03873183245361034,0.03873183245361034
62,589824,1.9835693851333325e-11,253478,336346,0.973423421382904,0.675888180732727,0.6592893004417419,0.6733918190002441,0.010387489572167397,0.05376797914505005,0.10984385758638382,45,589824,0.4297519259982639,-10.702552603330243,0.037552413936943196,0.037552413936943196
64,589824,2.162180157139204e-11,253826,335998,0.9740619659423828,0.6768962144851685,0.6649070978164673,0.6826936602592468,0.01052295695990324,0.05464373528957367,0.11013844609260559,45,589824,0.4303419325086806,-10.665108122597449,0.037444480732794716,0.037444480732794716
66,589824,2.3383048969316533e-11,253522,336302,0.9929159283638,0.6825070977210999,0.6689671874046326,0.6898844838142395,0.01042118575423956,0.05460275337100029,0.11111461371183395,45,589824,0.4298265245225694,-10.631098860829594,0.03400926176785468,0.03400926176785468
68,589824,2.520375921855056e-11,252476,337348,0.9977939128875732,0.6838843822479248,0.675096333026886,0.698295533657074,0.010919850319623947,0.05517752096056938,0.1122126504778862,45,589824,0.4280531141493056,-10.598534678023517,0.03256418280607676,0.03256418280607676
70,589824,2.6929252230911693e-11,251536,338288,0.9934489130973816,0.685852587223053,0.6786266565322876,0.7046573162078857,0.011032218113541603,0.056862637400627136,0.11567330360412598,45,589824,0.4264594184027778,-10.569775705871727,0.02875897215179002,0.02875897215179002
72,589824,2.861394628184133e-11,251206,338618,0.9969379901885986,0.6867326498031616,0.6824362277984619,0.7121953964233398,0.011321385391056538,0.05795641615986824,0.1182216927409172,45,589824,0.4258999294704861,-10.543422242500927,0.0263534633707998,0.0263534633707998
74,589824,3.0401473005703394e-11,250344,339480,1.016135811805725,0.6899212002754211,0.6856755614280701,0.7183001041412354,0.011180615052580833,0.05843958631157875,0.11882050335407257,45,589824,0.4244384765625,-10.517105373537602,0.026316868963325746,0.026316868963325746
76,589824,3.228242673181114e-11,249884,339940,1.0035213232040405,0.6909067630767822,0.6927303075790405,0.7264910340309143,0.011893518269062042,0.06008787825703621,0.12220869958400726,45,589824,0.4236585828993056,-10.491033825975332,0.02607154756226926,0.02607154756226926
78,589824,3.407764348484221e-11,249482,340342,1.0173667669296265,0.6955955028533936,0.6963078379631042,0.7332725524902344,0.01219326350837946,0.06119479238986969,0.12321930378675461,45,589824,0.4229770236545139,-10.46753044491808,0.023503381057253137,0.023503381057253137
80,589824,3.600548331705866e-11,248452,341372,1.0110421180725098,0.6959896683692932,0.7010839581489563,0.7393295764923096,0.012565807439386845,0.06157728657126427,0.12427350133657455,45,589824,0.4212307400173611,-10.443631354982692,0.023899089935387252,0.023899089935387252
82,589824,3.791758573790105e-11,248090,341734,1.0072245597839355,0.6975853443145752,0.7048144340515137,0.7459359765052795,0.01228183414787054,0.06209440529346466,0.12511186301708221,45,589824,0.4206169976128472,-10.42115932254933,0.022472032433361377,0.022472032433361377
84,589824,3.9787381722611315e-11,247532,342292,1.0039511919021606,0.6985802054405212,0.705272376537323,0.7507118582725525,0.01232971902936697,0.0629696398973465,0.12698964774608612,45,589824,0.4196709526909722,-10.400254639411935,0.020904683137395352,0.020904683137395352
86,589824,4.1591226990211894e-11,247760,342064,1.005715012550354,0.6990846991539001,0.7076800465583801,0.7579502463340759,0.012746206484735012,0.06450597941875458,0.12946803867816925,45,589824,0.4200575086805556,-10.380998267247039,0.019256372164896618,0.019256372164896618
88,589824,4.3606358107739496e-11,248218,341606,1.0132157802581787,0.7022597193717957,0.7113615274429321,0.7654070258140564,0.012589739635586739,0.06378667056560516,0.12873362004756927,45,589824,0.4208340115017361,-10.360450182983955,0.02054808426308341,0.02054808426308341
90,589824,4.5452846347826537e-11,247462,342362,1.0048491954803467,0.7048647999763489,0.713805615901947,0.7714914083480835,0.012810047715902328,0.06483419984579086,0.13112317025661469,45,589824,0.4195522732204861,-10.34243891520442,0.01801126777953499,0.01801126777953499
92,589824,4.7235382272248216e-11,246908,342916,0.9963909387588501,0.7045793533325195,0.7146415114402771,0.7762604355812073,0.012806388549506664,0.06628379225730896,0.1330900490283966,45,589824,0.4186130099826389,-10.325732565582333,0.016706349622086947,0.016706349622086947
94,589824,4.889461058255051e-11,246608,343216,0.9999607801437378,0.7056064605712891,0.713432788848877,0.7776380777359009,0.013008499518036842,0.06640903651714325,0.1352875828742981,45,589824,0.4181043836805556,-10.310739008427515,0.01499355715481876,0.01499355715481876
96,589824,5.081186513211655e-11,246910,342914,0.9881569147109985,0.7049774527549744,0.7138727903366089,0.7825325131416321,0.01308978907763958,0.06745372712612152,0.1353246122598648,45,589824,0.4186164008246528,-10.29403486331211,0.016704145115404856,0.016704145115404856
98,589824,5.256168764122826e-11,247126,342698,0.9900410175323486,0.7092649936676025,0.713506281375885,0.7853057980537415,0.012819371186196804,0.06688085943460464,0.13625438511371613,45,589824,0.4189826117621528,-10.279330698975173,0.014704164336936998,0.014704164336936998
0,2359296,1.4835663486546455e-14,720683,1638613,0.07561643421649933,0.014615428633987904,0.08652230352163315,0.01448269747197628,0.2348896861076355,0.8068817853927612,0.8844665288925171,46,2359296,0.30546527438693577,-13.828693026219232,,
2,2359296,1.0745912623275067e-13,632922,1726374,0.3769281208515167,0.06902655959129333,0.22874541580677032,0.09290917217731476,0.061844903975725174,0.3324706554412842,0.6810697317123413,46,2359296,0.26826731363932294,-12.968756695070486,0.8599363311487469,0.8599363311487469
4,2359296,1.1110036501893461e-13,300088,2059208,0.15259680151939392,0.05325014889240265,0.2926894724369049,0.09582038968801498,0.11315014213323593,0.4685758948326111,0.7767788171768188,46,2359296,0.1271938747829861,-12.954284514187407,0.014472180883078778,0.014472180883078778
6,2359296,1.9213901574378217e-13,276586,2082710,0.16214390099048615,0.04967191442847252,0.400175541639328,0.14846955239772797,0.10685645788908005,0.5030984878540039,0.7480964660644531,46,2359296,0.11723242865668403,-12.716384438356638,0.237900075830769,0.237900075830769
8,2359296,2.9305431779175217e-13,378200,1981096,0.13292938470840454,0.06313645094633102,0.45978739857673645,0.20091061294078827,0.08231623470783234,0.4010576605796814,0.7068984508514404,46,2359296,0.1603020562065972,-12.533051875444903,0.18333256291173505,0.18333256291173505
10,2359296,4.755057025213061e-13,550686,1808610,0.2362721562385559,0.12738212943077087,0.5400072336196899,0.27802735567092896,0.040427759289741516,0.19987070560455322,0.3960859775543213,46,2359296,0.2334111531575521,-12.322844270401255,0.21020760504364766,0.21020760504364766
12,2359296,6.955572185926573e-13,680704,1678592,0.3402170240879059,0.22035954892635345,0.5875765681266785,0.3418411910533905,0.026325685903429985,0.12716247141361237,0.2510797679424286,46,2359296,0.2885199652777778,-12.157667137854652,0.16517713254660293,0.16517713254660293
14,2359296,9.489572756066211e-13,766046,1593250,0.3872850835323334,0.2853943705558777,0.6088921427726746,0.38854512572288513,0.020502686500549316,0.09925644844770432,0.19297274947166443,46,2359296,0.32469262017144096,-12.022753340139595,0.13491379771505763,0.13491379771505763
16,2359296,1.2796199646766815e-12,851866,1507430,0.4485560953617096,0.3333451747894287,0.6179934740066528,0.4293782413005829,0.0178537480533123,0.08713342249393463,0.17067120969295502,46,2359296,0.36106787787543404,-11.892918992656956,0.1298343474826389,0.1298343474826389
18,2359296,1.6792835568282816e-12,930028,1429268,0.5571202635765076,0.3956661820411682,0.6313285231590271,0.4624744653701782,0.014886649325489998,0.07290425896644592,0.14316020905971527,46,2359296,0.3941972520616319,-11.774875964512228,0.11804302814472756,0.11804302814472756
20,2359296,2.194679550940326e-12,978078,1381218,0.6334419250488281,0.44486063718795776,0.6424047946929932,0.4926878809928894,0.012528653256595135,0.06219545006752014,0.1232723817229271,46,2359296,0.41456349690755206,-11.6586288829016,0.11624708161062891,0.11624708161062891
22,2359296,2.8076041925367834e-12,1017318,1341978,0.7555372714996338,0.4795899987220764,0.6467568874359131,0.5227363109588623,0.011340603232383728,0.057120777666568756,0.1137726753950119,46,2359296,0.43119557698567706,-11.551664117736449,0.10696476516515041,0.10696476516515041
24,2359296,3.585474365325192e-12,1035432,1323864,0.8119571208953857,0.530364453792572,0.654405415058136,0.5502670407295227,0.010789699852466583,0.05299623683094978,0.1056390032172203,46,2359296,0.438873291015625,-11.445453378179028,0.10621073955742055,0.10621073955742055
26,2359296,4.505470215659946e-12,1050292,1309004,0.9006451368331909,0.5580695271492004,0.6561248898506165,0.5704359412193298,0.00958781037479639,0.04919584468007088,0.09863638132810593,46,2359296,0.4451717800564236,-11.346259876958015,0.09919350122101278,0.09919350122101278
28,2359296,5.647970806321734e-12,1071554,1287742,0.9672006964683533,0.5827060341835022,0.6697331666946411,0.5918800234794617,0.009180125780403614,0.046878647059202194,0.09472224861383438,46,2359296,0.45418379041883683,-11.248107556766122,0.09815232019189324,0.09815232019189324
30,2359296,6.999950532410315e-12,1073688,1285608,1.0090217590332031,0.6063618063926697,0.6854991316795349,0.6089872121810913,0.009257810190320015,0.04636728763580322,0.09321422874927521,46,2359296,0.4550882975260417,-11.154905029068193,0.09320252769792958,0.09320252769792958
32,2359296,8.680994291465627e-12,1073478,1285818,1.0206172466278076,0.6214538812637329,0.6922932863235474,0.626316487789154,0.009094737470149994,0.04669308662414551,0.09440343081951141,46,2359296,0.45499928792317706,-11.06143052936652,0.09347449970167254,0.09347449970167254
34,2359296,1.0661767475828032e-11,1075566,1283730,1.0695576667785645,0.6512520909309387,0.6977671384811401,0.6422313451766968,0.008903219364583492,0.04517156258225441,0.09120778739452362,46,2359296,0.45588429768880206,-10.972170793304768,0.08925973606175219,0.08925973606175219
36,2359296,1.3199113677031526e-11,1082326,1276970,1.1072361469268799,0.6507366895675659,0.727612316608429,0.6672348380088806,0.008692390285432339,0.043721579015254974,0.08806219696998596,46,2359296,0.45874955919053817,-10.87945523077127,0.09271556253349722,0.09271556253349722
38,2359296,1.602708070425063e-11,1070428,1288868,1.1180751323699951,0.6717240810394287,0.7250144481658936,0.6682183742523193,0.009631660766899586,0.04828815907239914,0.09678465127944946,46,2359296,0.4537065294053819,-10.795145576179511,0.08430965459175965,0.08430965459175965
40,2359296,1.9324033692647014e-11,1057160,1302136,1.10422945022583,0.6787596940994263,0.7215960621833801,0.6723224520683289,0.009393090382218361,0.046605054289102554,0.09247606992721558,46,2359296,0.4480828179253472,-10.713902213965588,0.08124336221392348,0.08124336221392348
42,2359296,2.331880868955416e-11,1066652,1292644,1.1072593927383423,0.6815983057022095,0.7201656103134155,0.6891312599182129,0.009401379153132439,0.046869080513715744,0.09331627935171127,46,2359296,0.4521060519748264,-10.632293640566907,0.08160857339868066,0.08160857339868066
44,2359296,2.7839362759518593e-11,1072730,1286566,1.124856948852539,0.6887389421463013,0.7221940755844116,0.7028937339782715,0.009313620626926422,0.047197338193655014,0.0948682352900505,46,2359296,0.45468224419487846,-10.555340709908892,0.076952930658015,0.076952930658015
46,2359296,3.2735699567743026e-11,1055916,1303380,1.139907956123352,0.7021611332893372,0.7195541858673096,0.7064157128334045,0.009950601495802402,0.0499282144010067,0.09896714985370636,46,2359296,0.4475555419921875,-10.484978373692217,0.0703623362166752,0.0703623362166752
48,2359296,3.8334776325532616e-11,1049043,1310253,1.2327646017074585,0.6955223679542542,0.719061553478241,0.6994662880897522,0.009621149860322475,0.049257274717092514,0.09763088822364807,46,2359296,0.4446423848470052,-10.416407066407233,0.06857130728498362,0.06857130728498362
50,2359296,4.439959858104636e-11,1050807,1308489,1.1158900260925293,0.703411877155304,0.741091787815094,0.7076541781425476,0.01048146840184927,0.051926758140325546,0.10145821422338486,46,2359296,0.4453900655110677,-10.352620956345394,0.0637861100618391,0.0637861100618391
52,2359296,5.139306688550782e-11,1055486,1303810,1.1477234363555908,0.7013437151908875,0.7399820685386658,0.7209729552268982,0.009804962202906609,0.04938388615846634,0.0982978492975235,46,2359296,0.44737328423394096,-10.289095464982461,0.06352549136293284,0.06352549136293284
54,2359296,5.90423335222745e-11,1057624,1301672,1.1423901319503784,0.7126078009605408,0.7484528422355652,0.725616455078125,0.010408235713839531,0.05138120800256729,0.10202964395284653,46,2359296,0.4482794867621528,-10.228836486282914,0.06025897869954733,0.06025897869954733
56,2359296,6.659686691001809e-11,1035672,1323624,1.1264723539352417,0.7120770812034607,0.7427772879600525,0.7253882884979248,0.011002518236637115,0.05418703705072403,0.10594280809164047,46,2359296,0.4389750162760417,-10.176546201996322,0.05229028428659177,0.05229028428659177
58,2359296,7.466025020441691e-11,1023966,1335330,1.100548267364502,0.7098543047904968,0.7330939769744873,0.7197890877723694,0.01067808922380209,0.05294511839747429,0.10374758392572403,46,2359296,0.43401336669921875,-10.126910558982235,0.04963564301408674,0.04963564301408674
60,2359296,8.493044462154486e-11,1046140,1313156,1.0815852880477905,0.700993537902832,0.7340921759605408,0.7320256233215332,0.01065918430685997,0.05271760746836662,0.10508248955011368,46,2359296,0.4434119330512153,-10.070936602323123,0.055973956659112645,0.055973956659112645
62,2359296,9.540242901229234e-11,1052698,1306598,1.1098648309707642,0.719255805015564,0.736734926700592,0.7380924820899963,0.011088649742305279,0.05446481332182884,0.10748191922903061,46,2359296,0.44619157579210067,-10.020440567715134,0.05049603460798835,0.05049603460798835
64,2359296,1.043699848768398e-10,1025606,1333690,1.1235666275024414,0.7233505249023438,0.7326496243476868,0.7354918718338013,0.011532694101333618,0.056644562631845474,0.11065360903739929,46,2359296,0.43470848931206596,-9.981424379461805,0.03901618825332953,0.03901618825332953
66,2359296,1.1482698819564874e-10,1018568,1340728,1.0782508850097656,0.7131768465042114,0.7316698431968689,0.740221381187439,0.011699759401381016,0.057540588080883026,0.1124667227268219,46,2359296,0.4317253960503472,-9.93995602616326,0.04146835329854426,0.04146835329854426
68,2359296,1.2663330106743587e-10,1032558,1326738,1.0703327655792236,0.7069959044456482,0.7298368215560913,0.7453212738037109,0.011469573713839054,0.056122757494449615,0.11162472516298294,46,2359296,0.43765513102213544,-9.897452071822244,0.042503954341016836,0.042503954341016836
70,2359296,1.3822690214659872e-10,1025992,1333304,1.1064971685409546,0.7233975529670715,0.7246829271316528,0.7408872842788696,0.01141724269837141,0.05666613578796387,0.11184882372617722,46,2359296,0.4348720974392361,-9.859407425002265,0.03804464681997821,0.03804464681997821
72,2359296,1.510968988815975e-10,1027060,1332236,1.0582361221313477,0.7136088013648987,0.7300540804862976,0.7476918697357178,0.012306000106036663,0.06008996441960335,0.11734271049499512,46,2359296,0.4353247748480903,-9.82074444904569,0.03866297595657464,0.03866297595657464
74,2359296,1.635659385712529e-10,1028964,1330332,1.089210033416748,0.7253883481025696,0.7292495369911194,0.7548065185546875,0.012227832339704037,0.06051231920719147,0.1185745969414711,46,2359296,0.4361317952473958,-9.786307129947577,0.03443731909811376,0.03443731909811376
76,2359296,1.7542736707731876e-10,1015098,1344198,1.0777804851531982,0.7210468649864197,0.7294367551803589,0.75751793384552,0.012480568140745163,0.06147189810872078,0.11928306519985199,46,2359296,0.43025461832682294,-9.755902654735404,0.0304044752121726,0.0304044752121726
78,2359296,1.880978567347924e-10,1016328,1342968,1.069538950920105,0.7200428247451782,0.7313471436500549,0.7521479725837708,0.012368055060505867,0.06038700416684151,0.11914952844381332,46,2359296,0.4307759602864583,-9.725616152953373,0.030286501782031294,0.030286501782031294
80,2359296,2.0001837686134394e-10,1013934,1345362,1.0610421895980835,0.7172373533248901,0.7274349331855774,0.7495002150535583,0.012562948279082775,0.06207110360264778,0.12332460284233093,46,2359296,0.42976125081380206,-9.698930101321839,0.02668605163153437,0.02668605163153437
82,2359296,2.1461299404279544e-10,1017404,1341892,1.0348981618881226,0.7172589302062988,0.725145161151886,0.7564685344696045,0.013043982908129692,0.06467834115028381,0.126759871840477,46,2359296,0.4312320285373264,-9.66834398660939,0.030586114712448875,0.030586114712448875
84,2359296,2.298474188755506e-10,1032360,1326936,1.0337504148483276,0.722273051738739,0.7292140126228333,0.7722727060317993,0.012860824353992939,0.06454725563526154,0.12557634711265564,46,2359296,0.4375712076822917,-9.63856036889605,0.02978361771334015,0.02978361771334015
86,2359296,2.4225121908472147e-10,1024304,1334992,1.0617108345031738,0.7310096025466919,0.7301222085952759,0.7792787551879883,0.013371029868721962,0.06527847051620483,0.1276349574327469,46,2359296,0.4341566297743056,-9.615734028764564,0.022826340131485878,0.022826340131485878
88,2359296,2.524861986152871e-10,998000,1361296,1.050630807876587,0.727653980255127,0.7221642136573792,0.7563855648040771,0.013594187796115875,0.06690680980682373,0.13043886423110962,46,2359296,0.4230075412326389,-9.597762356274185,0.01797167249037912,0.01797167249037912
90,2359296,2.6552110510280613e-10,1003312,1355984,1.0066173076629639,0.7155997157096863,0.7193846106529236,0.7573961615562439,0.013906940817832947,0.06818118691444397,0.13258787989616394,46,2359296,0.4252590603298611,-9.57590095305557,0.021861403218615294,0.021861403218615294
92,2359296,2.8043220523521484e-10,1032394,1326902,1.006557822227478,0.7131081223487854,0.7230615615844727,0.7708332538604736,0.01343479286879301,0.06791883707046509,0.13408446311950684,46,2359296,0.43758561876085067,-9.55217211284235,0.02372884021322008,0.02372884021322008
94,2359296,2.9189908823390454e-10,1025185,1334111,1.0547622442245483,0.7359746098518372,0.7207750678062439,0.7725496888160706,0.014025761745870113,0.07006345689296722,0.13670313358306885,46,2359296,0.43453004625108504,-9.534767261557386,0.017404851284963385,0.017404851284963385
96,2359296,3.0382579785381836e-10,1010947,1348349,0.9986476898193359,0.7254724502563477,0.7208876013755798,0.7743232250213623,0.014407283626496792,0.07083457708358765,0.1393277794122696,46,2359296,0.4284951951768663,-9.517375352955508,0.017391908601878114,0.017391908601878114
98,2359296,3.14867437678501e-10,1012999,1346297,1.0119285583496094,0.725542426109314,0.7138902544975281,0.7697717547416687,0.014861811883747578,0.07270984351634979,0.1416398286819458,46,2359296,0.4293649461534288,-9.501872250026382,0.01550310292912549,0.01550310292912549
0,2359296,6.312797642482951e-15,820882,1538414,0.0423973947763443,0.006273196544498205,0.04398506134748459,0.0062295845709741116,0.6775516867637634,0.8550461530685425,0.9158210158348083,47,2359296,0.34793514675564235,-14.199778131813396,,
2,2359296,4.798391501845134e-14,582094,1777202,0.22772733867168427,0.03370218724012375,0.12296482920646667,0.04473866894841194,0.12465684115886688,0.6722882986068726,0.7503513097763062,47,2359296,0.24672359890407985,-13.318904320737815,0.8808738110755812,0.8808738110755812
4,2359296,4.983043667907035e-14,266984,2092312,0.07579170167446136,0.025885431095957756,0.15285439789295197,0.046111661940813065,0.20998261868953705,0.774559497833252,0.8603923320770264,47,2359296,0.1131625705295139,-13.302505306959393,0.01639901377842179,0.01639901377842179
6,2359296,8.773829509060513e-14,263832,2095464,0.08604306727647781,0.026241794228553772,0.2041787952184677,0.07596749067306519,0.19651898741722107,0.735926628112793,0.827109694480896,47,2359296,0.11182657877604167,-13.056810808954737,0.24569449800465648,0.24569449800465648
8,2359296,1.4332540146030914e-13,382826,1976470,0.09028728306293488,0.04026525840163231,0.23816457390785217,0.11405155807733536,0.13202081620693207,0.6052514314651489,0.8306567072868347,47,2359296,0.16226281060112846,-12.843676833074984,0.21313397587975302,0.21313397587975302
10,2359296,2.474829694475156e-13,564734,1794562,0.1687295138835907,0.08410163968801498,0.2947453260421753,0.17579640448093414,0.06080561876296997,0.30295678973197937,0.5687952041625977,47,2359296,0.23936547173394096,-12.606454681697885,0.23722215137709846,0.23722215137709846
12,2359296,3.906100703304771e-13,718998,1640298,0.30368733406066895,0.15925472974777222,0.34396547079086304,0.24252815544605255,0.03230607137084007,0.16308389604091644,0.33210939168930054,47,2359296,0.30475107828776044,-12.40825656434417,0.19819811735371573,0.19819811735371573
14,2359296,5.87237832146148e-13,802784,1556512,0.39135676622390747,0.2263052761554718,0.38880980014801025,0.3083149790763855,0.023041067644953728,0.11548187583684921,0.2334575653076172,47,2359296,0.3402642144097222,-12.231185973250284,0.17707059109388545,0.17707059109388545
16,2359296,8.135271969966773e-13,874860,1484436,0.5068663358688354,0.28062424063682556,0.4270648658275604,0.35841500759124756,0.01957913115620613,0.09579132497310638,0.1888919323682785,47,2359296,0.3708140055338542,-12.089627923602176,0.1415580496481077,0.1415580496481077
18,2359296,1.1369039390474178e-12,933950,1425346,0.6705941557884216,0.35941991209983826,0.4659813344478607,0.4090869128704071,0.015304888598620892,0.07453396916389465,0.14689865708351135,47,2359296,0.39585961235894096,-11.944276228807484,0.14535169479469268,0.14535169479469268
20,2359296,1.5943529049072813e-12,976974,1382322,0.820885419845581,0.39503249526023865,0.5141526460647583,0.46131467819213867,0.012938931584358215,0.06492393463850021,0.13034839928150177,47,2359296,0.41409556070963544,-11.797415542607224,0.1468606862002595,0.1468606862002595
22,2359296,2.1357382008757586e-12,1013782,1345514,0.9575797915458679,0.4552312195301056,0.5727683901786804,0.5096319317817688,0.01179444883018732,0.05919714272022247,0.11854126304388046,47,2359296,0.42969682481553817,-11.670451984266746,0.1269635583404778,0.1269635583404778
24,2359296,2.849793317993843e-12,1001960,1357336,1.0266801118850708,0.5158959627151489,0.611021101474762,0.5449534058570862,0.010914606973528862,0.0547017827630043,0.10890953242778778,47,2359296,0.4246860080295139,-11.545186636170321,0.1252653480964252,0.1252653480964252
26,2359296,3.758314406215879e-12,1029260,1330036,1.0821770429611206,0.5425571799278259,0.6570699214935303,0.589069128036499,0.009361094795167446,0.047608960419893265,0.09714260697364807,47,2359296,0.4362572564019097,-11.425006891299606,0.1201797448707147,0.1201797448707147
28,2359296,4.860555100766328e-12,1032682,1326614,1.223116397857666,0.5819829106330872,0.684603214263916,0.6059514880180359,0.00976680126041174,0.0489695779979229,0.09755471348762512,47,2359296,0.43770768907335067,-11.31331412920827,0.1116927620913355,0.1116927620913355
30,2359296,6.159823952994747e-12,1028876,1330420,1.2687640190124512,0.5865795016288757,0.7247740626335144,0.6260784268379211,0.009158538654446602,0.04642542079091072,0.0946158766746521,47,2359296,0.4360944959852431,-11.210431699740685,0.10288242946758608,0.10288242946758608
32,2359296,7.746114513706992e-12,1029100,1330196,1.2874414920806885,0.6337743401527405,0.7556861639022827,0.6506320834159851,0.009916432201862335,0.049825090914964676,0.10028471797704697,47,2359296,0.4361894395616319,-11.110916086964778,0.0995156127759067,0.0995156127759067
34,2359296,9.870520199795063e-12,1030424,1328872,1.3693327903747559,0.6398604512214661,0.7764978408813477,0.6769837737083435,0.00810151919722557,0.041243214160203934,0.08318129181861877,47,2359296,0.4367506239149306,-11.005659958379287,0.10525612858549138,0.10525612858549138
36,2359296,1.252364184578525e-11,1027522,1331774,1.320272445678711,0.6633498668670654,0.8041927218437195,0.7007203698158264,0.00917060673236847,0.0470568984746933,0.09596582502126694,47,2359296,0.43552059597439235,-10.902269360938806,0.10339059744048029,0.10339059744048029
38,2359296,1.4986281313134064e-11,995574,1363722,1.365415334701538,0.6695290803909302,0.7997784614562988,0.6836541891098022,0.011095107533037663,0.05402310937643051,0.10535631328821182,47,2359296,0.42197926839192706,-10.82430611935602,0.07796324158278622,0.07796324158278622
40,2359296,1.8492894715560482e-11,1013335,1345961,1.3146259784698486,0.6743278503417969,0.8166947960853577,0.7036712765693665,0.009392747655510902,0.04606374353170395,0.09206728637218475,47,2359296,0.42950736151801217,-10.732995102870186,0.09131101648583417,0.09131101648583417
42,2359296,2.245152674884565e-11,1038409,1320887,1.371422529220581,0.683674156665802,0.834278404712677,0.7290489077568054,0.00911394227296114,0.0467253252863884,0.0952216312289238,47,2359296,0.4401351081000434,-10.648754120760714,0.08424098210947228,0.08424098210947228
44,2359296,2.698384918287111e-11,1005658,1353638,1.3428646326065063,0.7028422951698303,0.8342241048812866,0.7315891981124878,0.010557266883552074,0.0520654171705246,0.10207943618297577,47,2359296,0.42625342475043404,-10.56889609915468,0.07985802160603406,0.07985802160603406
46,2359296,3.17977033592598e-11,980396,1378900,1.426112413406372,0.7007814645767212,0.8238654732704163,0.7307077050209045,0.010390699841082096,0.05150775983929634,0.10135700553655624,47,2359296,0.4155459933810764,-10.49760424650675,0.07129185264792959,0.07129185264792959
48,2359296,3.7629899196645056e-11,998400,1360896,1.260047197341919,0.6940085887908936,0.8475900292396545,0.7322511076927185,0.01127303671091795,0.05401642248034477,0.10353966057300568,47,2359296,0.4231770833333333,-10.424466945071032,0.07313730143571817,0.07313730143571817
50,2359296,4.313192511484765e-11,1003594,1355702,1.3534098863601685,0.7090862393379211,0.8402363657951355,0.7410017251968384,0.01081114448606968,0.05379665270447731,0.10514311492443085,47,2359296,0.42537858751085067,-10.365201157478975,0.05926578759205725,0.05926578759205725
52,2359296,5.123987345534431e-11,1005848,1353448,1.2799313068389893,0.7060416340827942,0.8495752215385437,0.7628633379936218,0.01002934854477644,0.04879862815141678,0.09597872197628021,47,2359296,0.4263339572482639,-10.29039195148226,0.07480920599671492,0.07480920599671492
54,2359296,5.873945080336895e-11,991298,1367998,1.323104977607727,0.7162433862686157,0.840750515460968,0.7562686204910278,0.011891480535268784,0.05942915380001068,0.11227300763130188,47,2359296,0.42016686333550346,-10.231070118320222,0.05932183316203776,0.05932183316203776
56,2359296,6.557482334912379e-11,957148,1402148,1.2624211311340332,0.7189610600471497,0.8339824676513672,0.7514510154724121,0.011935458518564701,0.05677387863397598,0.10859344899654388,47,2359296,0.4056922064887153,-10.183262870674385,0.04780724764583688,0.04780724764583688
58,2359296,7.457096051766143e-11,975496,1383800,1.2580149173736572,0.704705536365509,0.8281122446060181,0.7533177137374878,0.010755554772913456,0.05369473621249199,0.10757911950349808,47,2359296,0.4134691026475694,-10.127430262905948,0.055832607768437015,0.055832607768437015
60,2359296,8.562642955789457e-11,1000602,1358694,1.2753758430480957,0.7072412371635437,0.8340018391609192,0.7742787003517151,0.01155104674398899,0.05536067485809326,0.10613810271024704,47,2359296,0.42411041259765625,-10.067392164767575,0.060038098138372575,0.060038098138372575
62,2359296,9.485954383103845e-11,984372,1374924,1.2759515047073364,0.7256872057914734,0.8390467166900635,0.7684715390205383,0.012281942181289196,0.06118926778435707,0.1162538155913353,47,2359296,0.4172312418619792,-10.02291896815283,0.0444731966147458,0.0444731966147458
64,2359296,1.0410593914711441e-10,967016,1392280,1.3036713600158691,0.7280608415603638,0.8429074883460999,0.7708941102027893,0.011450689285993576,0.05666607245802879,0.11088544130325317,47,2359296,0.4098748101128472,-9.982524493685975,0.04039447446685429,0.04039447446685429
66,2359296,1.1539046107511552e-10,963136,1396160,1.261014699935913,0.7081164717674255,0.843146562576294,0.7800431251525879,0.011952620930969715,0.057550542056560516,0.11189074069261551,47,2359296,0.4082302517361111,-9.937830091298721,0.04469440238725397,0.04469440238725397
68,2359296,1.2756522227430622e-10,961788,1397508,1.1913468837738037,0.7142029404640198,0.8398730158805847,0.7710676789283752,0.012226186692714691,0.06090947240591049,0.11654230952262878,47,2359296,0.4076588948567708,-9.894267709886199,0.043562381412522555,0.043562381412522555
70,2359296,1.3946443999657276e-10,966484,1392812,1.2826451063156128,0.7222626209259033,0.8330814838409424,0.7710784673690796,0.01233543362468481,0.05962333455681801,0.11635991185903549,47,2359296,0.4096493191189236,-9.855536512691142,0.03873119719505702,0.03873119719505702
72,2359296,1.5327465685555097e-10,977018,1382278,1.4972212314605713,0.7182604074478149,0.8494338393211365,0.7886442542076111,0.012452175840735435,0.060403186827898026,0.11896812915802002,47,2359296,0.41411421034071183,-9.81452964747871,0.041006865212432686,0.041006865212432686
74,2359296,1.6438519989669942e-10,965952,1393344,1.2201400995254517,0.7275121212005615,0.9031685590744019,0.790618896484375,0.01345822587609291,0.06623724848031998,0.12497308850288391,47,2359296,0.409423828125,-9.784137285898979,0.030392361579730576,0.030392361579730576
76,2359296,1.7773869875892245e-10,959159,1400137,1.196347713470459,0.7253959774971008,0.8952258229255676,0.8008214235305786,0.012803925201296806,0.05946042388677597,0.11595887690782547,47,2359296,0.4065445793999566,-9.750218003665264,0.033919282233714654,0.033919282233714654
78,2359296,1.8912194033049445e-10,957339,1401957,1.2217730283737183,0.7180542945861816,0.8843814134597778,0.7896890044212341,0.012779172509908676,0.06277086585760117,0.12382343411445618,47,2359296,0.4057731628417969,-9.723258085053788,0.026959918611476397,0.026959918611476397
80,2359296,2.0169400871683507e-10,940664,1418632,1.1880035400390625,0.719687819480896,0.8679928779602051,0.7736557722091675,0.013509605079889297,0.06342966109514236,0.12534868717193604,47,2359296,0.3987053765190972,-9.695307002232765,0.027951082821022766,0.027951082821022766
82,2359296,2.1873990119214426e-10,970184,1389112,1.1101865768432617,0.711786150932312,0.8678229451179504,0.7990494966506958,0.014340578578412533,0.07158641517162323,0.13555675745010376,47,2359296,0.4112175835503472,-9.6600719883983,0.03523501383446437,0.03523501383446437
84,2359296,2.3391313885845477e-10,984618,1374678,1.2188200950622559,0.7354701161384583,0.8675529956817627,0.8183695077896118,0.012595747597515583,0.0629807710647583,0.12354537099599838,47,2359296,0.41733551025390625,-9.630945383263672,0.02912660513462839,0.02912660513462839
86,2359296,2.43756043127874e-10,936126,1423170,1.1973352432250977,0.7355479001998901,0.8551692366600037,0.8051537275314331,0.014474546536803246,0.06866169720888138,0.13281331956386566,47,2359296,0.39678192138671875,-9.61304460859535,0.017900774668321517,0.017900774668321517
88,2359296,2.5610166765055453e-10,928250,1431046,1.0975180864334106,0.7217715382575989,0.8475903272628784,0.7971982359886169,0.014818206429481506,0.07028710097074509,0.13204309344291687,47,2359296,0.39344363742404515,-9.591587593538303,0.021457015057047002,0.021457015057047002
90,2359296,2.7172702976585583e-10,974134,1385162,1.09694504737854,0.7020242810249329,0.8480950593948364,0.8184745907783508,0.013731170445680618,0.06908392161130905,0.137130007147789,47,2359296,0.41289181179470485,-9.565867158437896,0.025720435100407002,0.025720435100407002
92,2359296,2.8493557513442624e-10,975038,1384258,1.1801644563674927,0.7364825010299683,0.842816948890686,0.8190783858299255,0.014110218733549118,0.0703582838177681,0.13579469919204712,47,2359296,0.41327497694227433,-9.545253324294965,0.02061383414293161,0.02061383414293161
94,2359296,2.96644431241333e-10,947766,1411530,1.0809621810913086,0.7334011793136597,0.8391106724739075,0.8085434436798096,0.015072286128997803,0.0740203782916069,0.14324316382408142,47,2359296,0.40171559651692706,-9.527763800044749,0.017489524250215993,0.017489524250215993
96,2359296,3.097650469463531e-10,944590,1414706,1.0758174657821655,0.7249822020530701,0.8220689296722412,0.810900866985321,0.015129314735531807,0.07159826159477234,0.13769888877868652,47,2359296,0.40036943223741317,-9.508967588431954,0.018796211612794878,0.018796211612794878
98,2359296,3.201197085189733e-10,943966,1415330,1.5897181034088135,0.7250795960426331,0.8062831163406372,0.8059192895889282,0.015525983646512032,0.07720299810171127,0.14988040924072266,47,2359296,0.40010494656032985,-9.494687587219348,0.014280001212606308,0.014280001212606308
0,589824,7.630328592816808e-15,152160,437664,0.15295228362083435,0.006753373425453901,0.11110083013772964,0.0073693133890628815,0.7300933599472046,0.9148133993148804,0.9585173726081848,48,589824,0.2579752604166667,-14.117456759165128,,
2,589824,5.818356728489946e-14,178506,411318,0.167270228266716,0.03641268238425255,0.46572861075401306,0.04845639690756798,0.12339641153812408,0.7043740749359131,0.7937380075454712,48,589824,0.302642822265625,-13.235199655301864,0.8822571038632638,0.8822571038632638
4,589824,5.141423921263717e-14,82950,506874,0.041679587215185165,0.02202318049967289,0.5673710107803345,0.045259762555360794,0.23995177447795868,0.8406630754470825,0.9180831909179688,48,589824,0.14063517252604166,-13.288916586159148,-0.05371693085728424,0.05371693085728424
6,589824,1.008316084165177e-13,88450,501374,0.09453044086694717,0.030951734632253647,0.6739059090614319,0.08114329725503922,0.16741661727428436,0.7233352065086365,0.8186771869659424,48,589824,0.1499599880642361,-12.99640330510237,0.29251328105677743,0.29251328105677743
8,589824,1.8243512169696663e-13,137790,452034,0.13102348148822784,0.05897268280386925,0.8898224830627441,0.1334688812494278,0.08690761029720306,0.42430511116981506,0.751070499420166,48,589824,0.233612060546875,-12.738891549281428,0.25751175582094277,0.25751175582094277
10,589824,3.4042514358671727e-13,200214,389610,0.3354577422142029,0.13473553955554962,1.0031160116195679,0.21838326752185822,0.034533049911260605,0.1778247207403183,0.3737001419067383,48,589824,0.339447021484375,-12.467978370685879,0.2709131785955492,0.2709131785955492
12,589824,6.625385461610234e-13,241606,348218,0.7506119012832642,0.2609086334705353,1.1293988227844238,0.3435937166213989,0.016866302117705345,0.08577187359333038,0.17653948068618774,48,589824,0.4096238878038194,-12.178788849620517,0.2891895210653619,0.2891895210653619
14,589824,1.2343768585401649e-12,254756,335068,1.3760244846343994,0.37338194251060486,1.1554604768753052,0.47078654170036316,0.012184207327663898,0.06059523671865463,0.12291761487722397,48,589824,0.4319186740451389,-11.90855222879724,0.2702366208232778,0.2702366208232778
16,589824,2.4266771318087743e-12,258584,331240,1.9032341241836548,0.5211575031280518,1.118269681930542,0.6025096774101257,0.007854313589632511,0.039917394518852234,0.08124245703220367,48,589824,0.4384087456597222,-11.614988002490279,0.29356422630696066,0.29356422630696066
18,589824,4.652896991308442e-12,255996,333828,1.9353728294372559,0.5758222937583923,1.0710214376449585,0.6869264841079712,0.008195440284907818,0.04049672558903694,0.08191925287246704,48,589824,0.43402099609375,-11.332276562038304,0.2827114404519744,0.2827114404519744
20,589824,8.125625172716866e-12,255274,334550,1.758844256401062,0.6675522327423096,1.0154050588607788,0.7271220088005066,0.007442982401698828,0.037348102778196335,0.07421828806400299,48,589824,0.4327969021267361,-11.090143215134791,0.24213334690351296,0.24213334690351296
22,589824,1.3826645557657447e-11,263056,326768,1.6108696460723877,0.6498292088508606,0.9512594938278198,0.7617594003677368,0.007393862586468458,0.03756234422326088,0.07534897327423096,48,589824,0.4459906684027778,-10.859283170035438,0.23086004509935343,0.23086004509935343
24,589824,2.233429760578609e-11,266952,322872,1.586338758468628,0.7126469016075134,0.8913909792900085,0.7782275676727295,0.007844106294214725,0.038021817803382874,0.07683029025793076,48,589824,0.4525960286458333,-10.651027701160707,0.20825546887473045,0.20825546887473045
26,589824,3.3211391969878434e-11,262418,327406,1.5749014616012573,0.7014247179031372,0.8511018753051758,0.7527068257331848,0.007907232269644737,0.03968477621674538,0.08035271614789963,48,589824,0.4449089898003472,-10.478712921686515,0.17231477947419194,0.17231477947419194
28,589824,4.972126183000469e-11,265644,324180,1.4874789714813232,0.720971941947937,0.8221225738525391,0.7644212245941162,0.0078639080747962,0.039921849966049194,0.08066434413194656,48,589824,0.45037841796875,-10.303457858331793,0.1752550633547223,0.1752550633547223
30,589824,7.217755559896233e-11,270408,319416,1.4635716676712036,0.6981731653213501,0.8128545880317688,0.7853090763092041,0.00833185389637947,0.04238779842853546,0.08538579195737839,48,589824,0.4584554036458333,-10.141597830060638,0.1618600282711551,0.1618600282711551
32,589824,9.896351793603486e-11,265996,323828,1.5558902025222778,0.7497113943099976,0.8017415404319763,0.7608786821365356,0.008789605461061,0.04444803670048714,0.08938480168581009,48,589824,0.4509752061631944,-10.004524874888112,0.13707295517252582,0.13707295517252582
34,589824,1.3113593544389346e-10,262328,327496,1.5964350700378418,0.7152999043464661,0.8089004755020142,0.7442212104797363,0.009385197423398495,0.046704888343811035,0.08976548165082932,48,589824,0.4447564019097222,-9.882278281411036,0.122246593477076,0.122246593477076
36,589824,1.8067659868226116e-10,270422,319402,1.295812964439392,0.7103211879730225,0.8331383466720581,0.7677022814750671,0.008823246695101261,0.04421607777476311,0.08859116584062576,48,589824,0.4584791395399306,-9.743098093821454,0.13918018758958262,0.13918018758958262
38,589824,2.3273473426232982e-10,272366,317458,1.491773009300232,0.7275469899177551,0.8194411396980286,0.7572159171104431,0.009670810773968697,0.04975657910108566,0.09946909546852112,48,589824,0.4617750379774306,-9.633138796031098,0.10995929779035585,0.10995929779035585
40,589824,2.940693244468662e-10,264712,325112,1.4211732149124146,0.7422085404396057,0.8296846747398376,0.7574324607849121,0.010207319632172585,0.05017528310418129,0.09835217148065567,48,589824,0.4487982855902778,-9.531550276133116,0.10158851989798201,0.10158851989798201
42,589824,3.671506154656612e-10,262568,327256,1.2969223260879517,0.7023633718490601,0.8238375186920166,0.7518234848976135,0.010264008305966854,0.050935376435518265,0.10098717361688614,48,589824,0.4451633029513889,-9.435155739434604,0.0963945366985115,0.0963945366985115
44,589824,4.5549897187413535e-10,265944,323880,1.2864940166473389,0.731002688407898,0.8020605444908142,0.7144111394882202,0.010551093146204948,0.0507851280272007,0.09812968224287033,48,589824,0.4508870442708333,-9.341512598954196,0.0936431404804079,0.0936431404804079
46,589824,5.716185857984613e-10,275252,314572,1.2271775007247925,0.703153133392334,0.8171314001083374,0.7540170550346375,0.010346882045269012,0.05134931206703186,0.09961780905723572,48,589824,0.4666680230034722,-9.242893658855019,0.09861894009917727,0.09861894009917727
48,589824,6.83484657759692e-10,272168,317656,1.3707377910614014,0.7536238431930542,0.8096543550491333,0.7615550756454468,0.011628846637904644,0.057350605726242065,0.10785984992980957,48,589824,0.4614393446180556,-9.16527122963323,0.07762242922178864,0.07762242922178864
50,589824,7.875273211332967e-10,258014,331810,1.4384241104125977,0.7278706431388855,0.8168955445289612,0.7432161569595337,0.011127302423119545,0.054539673030376434,0.10250605642795563,48,589824,0.4374423556857639,-9.103734370602986,0.06153685903024453,0.06153685903024453
52,589824,9.477432172388944e-10,263042,326782,1.2529538869857788,0.7030996084213257,0.830609142780304,0.722432553768158,0.011412626132369041,0.058344293385744095,0.11213038116693497,48,589824,0.4459669325086806,-9.023309315027364,0.0804250555756223,0.0804250555756223
54,589824,1.1127955223955155e-09,270122,319702,1.2801252603530884,0.7091164588928223,0.8358309864997864,0.7464665174484253,0.012116746976971626,0.05999881401658058,0.10891004651784897,48,589824,0.4579705132378472,-8.95358463050238,0.06972468452498326,0.06972468452498326
56,589824,1.3145042832007903e-09,271680,318144,1.154584527015686,0.7339876294136047,0.8494381904602051,0.7416394352912903,0.010512367822229862,0.053846437484025955,0.10590032488107681,48,589824,0.4606119791666667,-8.881237994443554,0.07234663605882652,0.07234663605882652
58,589824,1.4973350337399438e-09,269696,320128,1.187796950340271,0.7350725531578064,0.8379847407341003,0.7436147928237915,0.012699483893811703,0.060957521200180054,0.115470752120018,48,589824,0.4572482638888889,-8.824681013935592,0.05655698050796154,0.05655698050796154
60,589824,1.687398110128413e-09,263122,326702,1.1807608604431152,0.7320390343666077,0.8164308667182922,0.7499201893806458,0.012123653665184975,0.06083489954471588,0.11648969352245331,48,589824,0.4461025661892361,-8.77278244163468,0.051898572300911994,0.051898572300911994
62,589824,1.8833496984171916e-09,261910,327914,1.1849842071533203,0.7090160250663757,0.8091137409210205,0.7311810255050659,0.01179031003266573,0.058432288467884064,0.11108396202325821,48,589824,0.4440477159288194,-8.725069033147266,0.047713408487414455,0.047713408487414455
64,589824,2.1465971222767166e-09,265603,324221,1.0663259029388428,0.7138135433197021,0.7993302345275879,0.7215955257415771,0.012394438497722149,0.0585046112537384,0.10519459843635559,48,589824,0.4503089057074653,-8.668249457189374,0.056819575957892,0.056819575957892
66,589824,2.4372752704948653e-09,271673,318151,1.072603464126587,0.708353579044342,0.7900731563568115,0.7456883192062378,0.01421930082142353,0.06859349459409714,0.12368178367614746,48,589824,0.4606001112196181,-8.61309541800211,0.05515403918726314,0.05515403918726314
68,589824,2.706006529962224e-09,269112,320712,1.1294647455215454,0.7501983642578125,0.7773825526237488,0.7460052967071533,0.01375263836234808,0.06342712044715881,0.11457311362028122,48,589824,0.4562581380208333,-8.56767115972541,0.04542425827670016,0.04542425827670016
70,589824,2.992770031795544e-09,265980,323844,1.0517985820770264,0.7188328504562378,0.7836053967475891,0.7749990820884705,0.013579968363046646,0.06626062095165253,0.12187007069587708,48,589824,0.4509480794270833,-8.523926653610637,0.04374450611477343,0.04374450611477343
72,589824,3.238798340632343e-09,261762,328062,1.0698790550231934,0.737118124961853,0.7568426132202148,0.7276338338851929,0.014173180796205997,0.0652271956205368,0.12164103239774704,48,589824,0.4437967936197917,-8.489616091902466,0.03431056170817115,0.03431056170817115
74,589824,3.494620592903175e-09,258410,331414,1.0229376554489136,0.7133222222328186,0.7417731285095215,0.714518129825592,0.012824581936001778,0.06108897179365158,0.11339732259511948,48,589824,0.4381137424045139,-8.456599968231007,0.033016123671458786,0.033016123671458786
76,589824,3.854872421271693e-09,268228,321596,0.9908469915390015,0.7067384719848633,0.728216826915741,0.7119272351264954,0.014040294103324413,0.06868037581443787,0.12171361595392227,48,589824,0.4547593858506944,-8.413989990545465,0.04260997768554198,0.04260997768554198
78,589824,4.268171593935222e-09,276274,313550,0.9990835189819336,0.7079102993011475,0.7366673350334167,0.7612737417221069,0.013128271326422691,0.06548209488391876,0.12183194607496262,48,589824,0.4684007432725694,-8.369758128891158,0.044231861654306925,0.044231861654306925
80,589824,4.569279621335909e-09,270042,319782,1.1043357849121094,0.7529667019844055,0.7285005450248718,0.7649855613708496,0.014290370047092438,0.06849675625562668,0.1277875304222107,48,589824,0.4578348795572917,-8.340152264074439,0.029605864816719674,0.029605864816719674
82,589824,4.8399355634387575e-09,259672,330152,1.0501084327697754,0.7264191508293152,0.7315064668655396,0.749747097492218,0.014764780178666115,0.06716935336589813,0.12367910146713257,48,589824,0.4402533637152778,-8.315160420303783,0.02499184377065511,0.02499184377065511
84,589824,5.182537954340205e-09,262908,326916,0.9518601298332214,0.7141231298446655,0.7254654169082642,0.7364866137504578,0.016473442316055298,0.07346296310424805,0.13467448949813843,48,589824,0.44573974609375,-8.285457508664848,0.029702911638935348,0.029702911638935348
86,589824,5.498571820083953e-09,266306,323518,0.9912009239196777,0.7215443849563599,0.717308521270752,0.7288907170295715,0.013957628048956394,0.07234159111976624,0.12996327877044678,48,589824,0.4515007866753472,-8.259750097996776,0.025707410668072583,0.025707410668072583
88,589824,5.795630197980017e-09,263374,326450,0.9842787384986877,0.7357049584388733,0.6977666616439819,0.7148606181144714,0.014139588922262192,0.0711611658334732,0.13552211225032806,48,589824,0.4465298122829861,-8.236899333363107,0.02285076463366842,0.02285076463366842
90,589824,6.117404804939497e-09,263148,326676,0.9887583255767822,0.7155259847640991,0.6904683709144592,0.7353813648223877,0.0152879748493433,0.0694970116019249,0.12845243513584137,48,589824,0.4461466471354167,-8.213432780130837,0.02346655323226976,0.02346655323226976
92,589824,6.587245859890345e-09,274028,315796,0.9334155917167664,0.7165176868438721,0.6986200213432312,0.7208207249641418,0.01539623737335205,0.07470404356718063,0.14493410289287567,48,589824,0.4645928276909722,-8.181296126811857,0.032136653318980635,0.032136653318980635
94,589824,6.9121450785303296e-09,276700,313124,1.0737570524215698,0.7423030138015747,0.709408164024353,0.757007360458374,0.015590893104672432,0.07084568589925766,0.13168774545192719,48,589824,0.4691229926215278,-8.16038715505695,0.020908971754906247,0.020908971754906247
96,589824,7.149662639704957e-09,265850,323974,1.0167458057403564,0.7391641139984131,0.7186260223388672,0.7754826545715332,0.015899943187832832,0.07539213448762894,0.13933797180652618,48,589824,0.4507276746961806,-8.145714450110969,0.014672704945981607,0.014672704945981607
98,589824,7.292730419550253e-09,258770,331054,0.9947934150695801,0.7285548448562622,0.7164414525032043,0.7522591948509216,0.014951501972973347,0.07428218424320221,0.14313869178295135,48,589824,0.4387240939670139,-8.137109840113904,0.008604609997064472,0.008604609997064472
0,589824,2.070419743039221e-14,160126,429698,0.07076133787631989,0.018634622916579247,0.0852777436375618,0.019840126857161522,0.22071993350982666,0.8002448081970215,0.8836603760719299,49,589824,0.2714809841579861,-13.683941599660878,,
2,589824,1.7609385358306057e-13,175802,414022,0.3843703866004944,0.10234812647104263,0.2476821392774582,0.13420194387435913,0.04289484769105911,0.2198496013879776,0.4853129982948303,49,589824,0.2980584038628472,-12.754255802474209,0.9296857971866697,0.9296857971866697
4,589824,1.5566088457270866e-13,79912,509912,0.12906667590141296,0.06141281872987747,0.31449171900749207,0.12575851380825043,0.09125037491321564,0.4111272394657135,0.7922965288162231,49,589824,0.13548448350694445,-12.807820505918889,-0.053564703444680006,0.053564703444680006
6,589824,2.7535281997212446e-13,74734,515090,0.15086884796619415,0.06239408627152443,0.3840779960155487,0.18952932953834534,0.08463349938392639,0.40720421075820923,0.7253860235214233,49,589824,0.1267055935329861,-12.560110471417811,0.2477100345010772,0.2477100345010772
8,589824,3.958670142991533e-13,99710,490114,0.1101619154214859,0.07200399786233902,0.4300346076488495,0.23825746774673462,0.07509778439998627,0.3545882999897003,0.6664226055145264,49,589824,0.16905042860243055,-12.402450684417738,0.15765978700007288,0.15765978700007288
10,589824,5.660770246648794e-13,141430,448394,0.1799740344285965,0.14455799758434296,0.4788125157356262,0.29651838541030884,0.03975111246109009,0.19302834570407867,0.37261542677879333,49,589824,0.2397833930121528,-12.247124471442469,0.15532621297526994,0.15532621297526994
12,589824,7.36667942358854e-13,168217,421607,0.2568124532699585,0.2198253870010376,0.507843554019928,0.3357662558555603,0.030668720602989197,0.14285120368003845,0.2653001844882965,49,589824,0.2851986355251736,-12.132728228963604,0.11439624247886471,0.11439624247886471
14,589824,9.462330008078168e-13,190895,398929,0.3098926544189453,0.2581252455711365,0.5278328657150269,0.3710170388221741,0.025155188515782356,0.12127608805894852,0.23126325011253357,49,589824,0.3236473931206597,-12.024001909575546,0.1087263193880581,0.1087263193880581
16,589824,1.2309855825648475e-12,212778,377046,0.3847312331199646,0.31598636507987976,0.5503146648406982,0.40553736686706543,0.019146716222167015,0.09541869908571243,0.18617525696754456,49,589824,0.360748291015625,-11.909747033542443,0.1142548760331028,0.1142548760331028
18,589824,1.5772637102645648e-12,226964,362860,0.47323888540267944,0.3749600350856781,0.5707616209983826,0.4325438141822815,0.016231650486588478,0.07847940921783447,0.15173332393169403,49,589824,0.3847995334201389,-11.802095688828388,0.10765134471405524,0.10765134471405524
20,589824,1.9524822297140032e-12,236152,353672,0.5077842473983765,0.409415602684021,0.5797834396362305,0.4542555809020996,0.014084150083363056,0.07004810869693756,0.13714049756526947,49,589824,0.4003770616319444,-11.709412910112516,0.09268277871587216,0.09268277871587216
22,589824,2.4566388420049767e-12,245864,343960,0.575481116771698,0.45321574807167053,0.5889994502067566,0.4815477728843689,0.012775355949997902,0.06388898193836212,0.12512202560901642,49,589824,0.4168429904513889,-11.60965868578821,0.0997542243243057,0.0997542243243057
24,589824,2.9472756700454905e-12,253270,336554,0.6259018778800964,0.48569029569625854,0.589992880821228,0.5000148415565491,0.012271489948034286,0.05995972827076912,0.11843487620353699,49,589824,0.4293992784288194,-11.530579241014554,0.07907944477365625,0.07907944477365625
26,589824,3.517508116376855e-12,259122,330702,0.6825932860374451,0.5160448551177979,0.5881880521774292,0.5166078805923462,0.011596853844821453,0.05676477029919624,0.11241037398576736,49,589824,0.4393208821614583,-11.453764891791264,0.07681434922328911,0.07681434922328911
28,589824,4.184283561997626e-12,264398,325426,0.7348232269287109,0.5424949526786804,0.5935915112495422,0.5360461473464966,0.010737600736320019,0.05379011854529381,0.10761427879333496,49,589824,0.4482659233940972,-11.378378891722537,0.0753860000687272,0.0753860000687272
30,589824,4.959167191481706e-12,266752,323072,0.8032061457633972,0.566441535949707,0.6009457111358643,0.5527058243751526,0.010830284096300602,0.05215330794453621,0.10509761422872543,49,589824,0.4522569444444444,-11.304591249822636,0.0737876418999015,0.0737876418999015
32,589824,5.924678716379139e-12,267708,322116,0.8490612506866455,0.5883819460868835,0.6093032360076904,0.570725679397583,0.009891374036669731,0.0506858229637146,0.10117366909980774,49,589824,0.4538777669270833,-11.227335195611,0.07725605421163628,0.07725605421163628
34,589824,7.055308594294818e-12,268122,321702,0.8937267661094666,0.6066804528236389,0.6180382370948792,0.5889992713928223,0.00998426042497158,0.04961920157074928,0.09949202090501785,49,589824,0.4545796712239583,-11.151483985755366,0.07585120985563343,0.07585120985563343
36,589824,8.373720120080641e-12,268984,320840,0.9310214519500732,0.6220227479934692,0.6327798962593079,0.6052696108818054,0.009673438034951687,0.04852705076336861,0.0975448340177536,49,589824,0.4560411241319444,-11.077081558889722,0.07440242686564424,0.07440242686564424
38,589824,9.945945109168797e-12,269152,320672,0.9619517922401428,0.6349668502807617,0.6420358419418335,0.6194902658462524,0.009630246087908745,0.048288699239492416,0.09768829494714737,49,589824,0.4563259548611111,-11.002353941931753,0.07472761695796848,0.07472761695796848
40,589824,1.1601887853207593e-11,268456,321368,0.9922080039978027,0.6494265794754028,0.6479082107543945,0.6305611729621887,0.009495038539171219,0.048395268619060516,0.09773668646812439,49,589824,0.4551459418402778,-10.935471336848813,0.06688260508293986,0.06688260508293986
42,589824,1.3470141668747715e-11,267286,322538,1.0030999183654785,0.6568142771720886,0.654449462890625,0.6427250504493713,0.009577755816280842,0.04804965481162071,0.09747610986232758,49,589824,0.4531622992621528,-10.870627836672572,0.06484350017624152,0.06484350017624152
44,589824,1.57244998272299e-11,266936,322888,1.0206975936889648,0.6638293862342834,0.6609135866165161,0.6554022431373596,0.009807594120502472,0.04900425672531128,0.09803473949432373,49,589824,0.4525689019097222,-10.8034231599195,0.06720467675307162,0.06720467675307162
46,589824,1.816938960397252e-11,266612,323212,1.03122878074646,0.6725972890853882,0.6681571006774902,0.6658886671066284,0.00984201766550541,0.04939762502908707,0.0992378443479538,49,589824,0.4520195855034722,-10.740659662459677,0.06276349745982301,0.06276349745982301
48,589824,2.0811978876378312e-11,264586,325238,1.0417149066925049,0.6799439191818237,0.6711229681968689,0.6715191602706909,0.010178164578974247,0.050267208367586136,0.09990324079990387,49,589824,0.4485846625434028,-10.681686623573473,0.05897303888620442,0.05897303888620442
50,589824,2.378235802735773e-11,263656,326168,1.0447372198104858,0.6806316375732422,0.6737987399101257,0.678381085395813,0.009982705116271973,0.05067967250943184,0.10067664086818695,49,589824,0.4470079210069444,-10.623745087164798,0.057941536408675276,0.057941536408675276
52,589824,2.7097855209712307e-11,263354,326470,1.058678150177002,0.6873204708099365,0.6775614023208618,0.6861294507980347,0.010168822482228279,0.050331491976976395,0.10027188062667847,49,589824,0.4464959038628472,-10.56706508209418,0.05668000507061777,0.05668000507061777
54,589824,3.077181565114273e-11,262140,327684,1.054879903793335,0.6913487911224365,0.6813514232635498,0.6935437917709351,0.009822995401918888,0.04990844428539276,0.0996910035610199,49,589824,0.4444376627604167,-10.511846878012896,0.05521820408128342,0.05521820408128342
56,589824,3.4714332103336076e-11,260932,328892,1.062881588935852,0.6954357624053955,0.683651864528656,0.6982570886611938,0.010109913535416126,0.050948139280080795,0.1037626639008522,49,589824,0.4423895941840278,-10.459491186064232,0.052355691948664074,0.052355691948664074
58,589824,3.888124544548788e-11,259364,330460,1.0626598596572876,0.6979888677597046,0.68565833568573,0.7011067271232605,0.010047655552625656,0.05036165565252304,0.1026780977845192,49,589824,0.4397311740451389,-10.410259832186094,0.04923135387813815,0.04923135387813815
60,589824,4.336991529796386e-11,258628,331196,1.0499199628829956,0.6982762217521667,0.687647819519043,0.7055780291557312,0.010389439761638641,0.05209413170814514,0.1058199480175972,49,589824,0.4384833441840278,-10.362811426033456,0.0474484061526379,0.0474484061526379
62,589824,4.8236248328947795e-11,259456,330368,1.053614854812622,0.6973215341567993,0.6895228028297424,0.7124325037002563,0.010340866632759571,0.05289528891444206,0.10712413489818573,49,589824,0.4398871527777778,-10.316626477679606,0.046184948353850785,0.046184948353850785
64,589824,5.3316351333876355e-11,258594,331230,1.073444128036499,0.7063001394271851,0.6938899755477905,0.71906578540802,0.010510684922337532,0.05237940698862076,0.10663434118032455,49,589824,0.4384256998697917,-10.273139578871511,0.04348689880809431,0.04348689880809431
66,589824,5.838446393013896e-11,256034,333790,1.0616148710250854,0.7057790160179138,0.6974717974662781,0.7232955098152161,0.010748572647571564,0.05357101187109947,0.10865353792905807,49,589824,0.4340854220920139,-10.23370270300829,0.03943687586322042,0.03943687586322042
68,589824,6.365446364453575e-11,255638,334186,1.0528595447540283,0.7035539746284485,0.6997053027153015,0.7276676893234253,0.01077304594218731,0.054628025740385056,0.11077773571014404,49,589824,0.4334140353732639,-10.196171136892943,0.037531566115347914,0.037531566115347914
70,589824,6.917938444317429e-11,256028,333796,1.0535703897476196,0.7044585347175598,0.7016369700431824,0.731589674949646,0.01108472514897585,0.05560719966888428,0.1120346188545227,49,589824,0.4340752495659722,-10.160023306648371,0.036147830244571466,0.036147830244571466
72,589824,7.472782115325316e-11,255976,333848,1.0513936281204224,0.7076855897903442,0.705651044845581,0.7369431257247925,0.011211988516151905,0.0563763789832592,0.11455761641263962,49,589824,0.4339870876736111,-10.126517680327987,0.0335056263203839,0.0335056263203839
74,589824,8.045739074979963e-11,255198,334626,1.0594035387039185,0.7095437049865723,0.7082679271697998,0.7424704432487488,0.01195934135466814,0.05838995799422264,0.11736377328634262,49,589824,0.4326680501302083,-10.094434055798295,0.032083624529692045,0.032083624529692045
76,589824,8.624393560419108e-11,253900,335924,1.0508384704589844,0.7116097211837769,0.7114132642745972,0.7478452324867249,0.011591178365051746,0.05899960920214653,0.11902718245983124,49,589824,0.4304673936631944,-10.064271433370417,0.030162622427878816,0.030162622427878816
78,589824,9.197109046565899e-11,253126,336698,1.0440763235092163,0.7128589153289795,0.7133471965789795,0.7502151131629944,0.01192291546612978,0.05950791388750076,0.11873533576726913,49,589824,0.4291551378038194,-10.036348664222878,0.027922769147538773,0.027922769147538773
80,589824,9.796589234278841e-11,252486,337338,1.0496846437454224,0.71277916431427,0.7126880884170532,0.7509206533432007,0.01182243786752224,0.05957954004406929,0.12134138494729996,49,589824,0.428070068359375,-10.008925101303564,0.027423562919313582,0.027423562919313582
82,589824,1.040052280409931e-10,252404,337420,1.0461764335632324,0.7128126621246338,0.7139784097671509,0.7542466521263123,0.012440373189747334,0.06215828284621239,0.1246018260717392,49,589824,0.4279310438368056,-9.982944829429224,0.025980271874340488,0.025980271874340488
84,589824,1.1026841245653785e-10,253734,336090,1.0260465145111084,0.7133957147598267,0.7191782593727112,0.7621042728424072,0.01222540158778429,0.06302269548177719,0.12622667849063873,49,589824,0.4301859537760417,-9.957548877954277,0.025395951474946443,0.025395951474946443
86,589824,1.1616079625964559e-10,254104,335720,1.0468884706497192,0.7177237868309021,0.7207026481628418,0.7675884366035461,0.012585397809743881,0.0639108344912529,0.1274241954088211,49,589824,0.4308132595486111,-9.934940419629648,0.022608458324629765,0.022608458324629765
88,589824,1.2186547604375875e-10,251452,338372,1.0370498895645142,0.718509316444397,0.7210550308227539,0.7663360238075256,0.012570987455546856,0.06444171816110611,0.12865278124809265,49,589824,0.4263170030381944,-9.914119310684276,0.02082110894537159,0.02082110894537159
90,589824,1.2758012701841182e-10,250648,339176,1.0104130506515503,0.7152547836303711,0.7187443375587463,0.7648200988769531,0.013058152981102467,0.06598496437072754,0.1314792037010193,49,589824,0.4249538845486111,-9.894216969802992,0.019902340881284175,0.019902340881284175
92,589824,1.3365740458848308e-10,252860,336964,1.002243995666504,0.7156136631965637,0.7183623909950256,0.7708997130393982,0.012845052406191826,0.06623823195695877,0.13335047662258148,49,589824,0.4287041558159722,-9.874006976429772,0.020209993373219604,0.020209993373219604
94,589824,1.394524218323312e-10,253646,336178,1.0166747570037842,0.7194972634315491,0.7164879441261292,0.7754456400871277,0.013566151261329651,0.06806336343288422,0.13531063497066498,49,589824,0.4300367567274306,-9.855573939058136,0.018433037371636374,0.018433037371636374
96,589824,1.448172831652883e-10,252694,337130,1.0163042545318604,0.7215474247932434,0.7165746092796326,0.7783718109130859,0.013462923467159271,0.06875114142894745,0.13815920054912567,49,589824,0.4284227159288194,-9.83917960433088,0.01639433472725571,0.01639433472725571
98,589824,1.5001548614446136e-10,251770,338054,1.0189131498336792,0.7211921215057373,0.7154039144515991,0.7807769775390625,0.01388568989932537,0.06959526985883713,0.13753823935985565,49,589824,0.4268561469184028,-9.823863906278095,0.015315698052784654,0.015315698052784654
0,589824,1.1848941458266014e-14,162183,427641,0.059283483773469925,0.010611722245812416,0.21683211624622345,0.011378783732652664,0.4527416527271271,0.8670452237129211,0.9289136528968811,50,589824,0.2749684651692708,-13.926320446225027,,
2,589824,8.650909443007684e-14,177206,412618,0.1966872364282608,0.05145848169922829,0.5904248952865601,0.06982246786355972,0.08833786845207214,0.48301976919174194,0.7527341246604919,50,589824,0.3004387749565972,-13.06293823411688,0.8633822121081476,0.8633822121081476
4,589824,7.75223255814611e-14,84730,505094,0.05965818464756012,0.03235642611980438,0.6910791397094727,0.06647815555334091,0.16517172753810883,0.7696447372436523,0.881517767906189,50,589824,0.1436530219184028,-13.11057320742212,-0.047634973305241246,0.047634973305241246
6,589824,1.4681638337791375e-13,86118,503706,0.11305800825357437,0.040454886853694916,0.7577555179595947,0.11292166262865067,0.13035602867603302,0.605355441570282,0.7887317538261414,50,589824,0.14600626627604166,-12.833225478387172,0.27734772903494864,0.27734772903494864
8,589824,2.641083424008428e-13,139832,449992,0.17362365126609802,0.0797845646739006,0.9648357033729553,0.1803702563047409,0.06441301107406616,0.3134332597255707,0.6142370700836182,50,589824,0.23707411024305555,-12.578217880499134,0.2550075978880386,0.2550075978880386
10,589824,4.921590478906834e-13,203304,386520,0.4645390510559082,0.17612019181251526,1.0406187772750854,0.282974511384964,0.02639888972043991,0.13559989631175995,0.279674768447876,50,589824,0.3446858723958333,-12.307894526380933,0.27032335411820085,0.27032335411820085
12,589824,9.692394456473075e-13,240252,349572,1.017012357711792,0.3217005431652069,1.0810025930404663,0.422649621963501,0.014001964591443539,0.06943126022815704,0.1418718695640564,50,589824,0.4073282877604167,-12.013568919463998,0.2943256069169351,0.2943256069169351
14,589824,1.789150641876014e-12,250866,338958,1.6857867240905762,0.42925867438316345,1.073179006576538,0.5424168109893799,0.010599284432828426,0.05294061824679375,0.10775873064994812,50,589824,0.425323486328125,-11.747353091416306,0.2662158280476916,0.2662158280476916
16,589824,3.3855635309110177e-12,256796,333028,2.096609592437744,0.5629472136497498,1.0709019899368286,0.6513531804084778,0.007449492812156677,0.03782379627227783,0.07555024325847626,50,589824,0.4353773328993056,-11.470369032150058,0.2769840592662476,0.2769840592662476
18,589824,6.272523733058533e-12,256888,332936,1.9569875001907349,0.5944082140922546,1.0520539283752441,0.7145288586616516,0.007477966602891684,0.038526516407728195,0.07722041755914688,50,589824,0.4355333116319444,-11.202557686790257,0.2678113453598012,0.2678113453598012
20,589824,1.0714116226162584e-11,254986,334838,1.8384075164794922,0.6796953678131104,0.9930225610733032,0.7379148602485657,0.007420015055686235,0.036931440234184265,0.07364717870950699,50,589824,0.4323086208767361,-10.970043646734181,0.2325140400560759,0.2325140400560759
22,589824,1.8073259902551264e-11,262006,327818,1.6153277158737183,0.6584435105323792,0.9378798007965088,0.7685982584953308,0.006927322130650282,0.03615184128284454,0.07379219681024551,50,589824,0.4442104763454861,-10.742963505989115,0.22708014074506622,0.22708014074506622
24,589824,2.9124664485680185e-11,266998,322826,1.6541694402694702,0.7174211144447327,0.880308985710144,0.7831902503967285,0.007329643238335848,0.03686169907450676,0.07439381629228592,50,589824,0.4526740180121528,-10.535739068982474,0.20722443700664073,0.20722443700664073
26,589824,4.311049434102543e-11,260850,328974,1.645654320716858,0.7020137906074524,0.8492107391357422,0.7534123063087463,0.007805251516401768,0.039597466588020325,0.08037569373846054,50,589824,0.4422505696614583,-10.365416997133385,0.17032207184908899,0.17032207184908899
28,589824,6.384825307348407e-11,263590,326234,1.5719200372695923,0.7213144898414612,0.8297334909439087,0.7587007880210876,0.00775446742773056,0.0404302142560482,0.08007511496543884,50,589824,0.4468960232204861,-10.194850980795634,0.1705660163377516,0.1705660163377516
30,589824,9.383863824874439e-11,271242,318582,1.4622232913970947,0.6919074654579163,0.8293969631195068,0.7845814228057861,0.008357850834727287,0.042135804891586304,0.0843895897269249,50,589824,0.459869384765625,-10.027618303166047,0.1672326776295865,0.1672326776295865
32,589824,1.286022954793964e-10,266138,323686,1.5342235565185547,0.7524846792221069,0.8144071698188782,0.7697819471359253,0.008878852240741253,0.04428153857588768,0.08851046860218048,50,589824,0.4512159559461806,-9.890751279427832,0.13686702373821547,0.13686702373821547
34,589824,1.694470674884485e-10,259588,330236,1.4594335556030273,0.7147722244262695,0.8046529293060303,0.736398458480835,0.009619087912142277,0.04803380370140076,0.09336332231760025,50,589824,0.4401109483506944,-9.770965942817192,0.11978533661064006,0.11978533661064006
36,589824,2.332821713579847e-10,268324,321500,1.2806488275527954,0.7147438526153564,0.8008831143379211,0.7624490857124329,0.008392838761210442,0.042605210095644,0.0848638266324997,50,589824,0.4549221462673611,-9.63211845099071,0.13884749182648193,0.13884749182648193
38,589824,3.0311170240437946e-10,272494,317330,1.3700426816940308,0.7188579440116882,0.7904335260391235,0.7540668249130249,0.010000220499932766,0.04942861199378967,0.09875447303056717,50,589824,0.4619920518663194,-9.518397296256797,0.11372115473391275,0.11372115473391275
40,589824,3.825892103126449e-10,266102,323722,1.376715064048767,0.7454992532730103,0.7887517213821411,0.7543018460273743,0.010082599706947803,0.05055580288171768,0.09810523688793182,50,589824,0.4511549207899306,-9.417267282002802,0.10113001425399482,0.10113001425399482
42,589824,4.791011476434903e-10,262072,327752,1.2519475221633911,0.704504668712616,0.7829523682594299,0.7544029951095581,0.010065936483442783,0.05125690996646881,0.10072804987430573,50,589824,0.4443223741319444,-9.319572788827436,0.09769449317536605,0.09769449317536605
44,589824,5.902462962836807e-10,262574,327250,1.2422094345092773,0.7346555590629578,0.7568950653076172,0.7086013555526733,0.010499897412955761,0.04979167878627777,0.0964566171169281,50,589824,0.4451734754774306,-9.228966729380293,0.0906060594471434,0.0906060594471434
46,589824,7.411539715285187e-10,272944,316880,1.2163147926330566,0.6991946697235107,0.7680402398109436,0.7385932207107544,0.010144938714802265,0.05090788006782532,0.09759511053562164,50,589824,0.4627549913194444,-9.130091559849479,0.09887516953081388,0.09887516953081388
48,589824,8.987813271410516e-10,275032,314792,1.2852530479431152,0.7508410215377808,0.7765402793884277,0.764715850353241,0.01081328745931387,0.05494996905326843,0.10759475827217102,50,589824,0.4662950303819444,-9.046345958954113,0.08374560089536587,0.08374560089536587
50,589824,1.0318667031938844e-09,259632,330192,1.2842395305633545,0.7359181046485901,0.7774922251701355,0.7408292293548584,0.011851389892399311,0.05653386563062668,0.10390861332416534,50,589824,0.440185546875,-8.98637640135834,0.05996955759577283,0.05996955759577283
52,589824,1.2364479440307719e-09,260004,329820,1.1439250707626343,0.7145056128501892,0.7632324695587158,0.7209816575050354,0.010692143812775612,0.05646451935172081,0.1095021665096283,50,589824,0.4408162434895833,-8.90782416324614,0.07855223811220036,0.07855223811220036
54,589824,1.458235643347905e-09,268626,321198,1.1769658327102661,0.7038960456848145,0.7553882598876953,0.7409977912902832,0.01260488573461771,0.06138274073600769,0.11214476078748703,50,589824,0.4554341634114583,-8.836172290602027,0.07165187264411266,0.07165187264411266
56,589824,1.7216893466454053e-09,271026,318798,1.1136651039123535,0.7376041412353516,0.7655206322669983,0.7370554208755493,0.010622597299516201,0.053968992084264755,0.10339229553937912,50,589824,0.459503173828125,-8.764045207823516,0.07212708277851121,0.07212708277851121
58,589824,1.970962726360881e-09,269580,320244,1.1890238523483276,0.7340816855430603,0.7618018388748169,0.736306369304657,0.011974181979894638,0.06037168949842453,0.1172119602560997,50,589824,0.4570515950520833,-8.70532158875397,0.05872361906954637,0.05872361906954637
60,589824,2.2220973949771405e-09,264208,325616,1.1570554971694946,0.7368060946464539,0.7597623467445374,0.7495547533035278,0.012819445692002773,0.06122449040412903,0.11877384781837463,50,589824,0.4479437934027778,-8.653236909763217,0.05208467899075231,0.05208467899075231
62,589824,2.4868251902177008e-09,261982,327842,1.1077945232391357,0.7101941108703613,0.7587692141532898,0.7354026436805725,0.011477887630462646,0.05721766874194145,0.11182065308094025,50,589824,0.4441697862413194,-8.60435474210928,0.048882167653937714,0.048882167653937714
64,589824,2.810099042349634e-09,263562,326262,1.0638339519500732,0.7227944135665894,0.740219235420227,0.7133454084396362,0.012630803510546684,0.059181518852710724,0.1054021418094635,50,589824,0.4468485514322917,-8.551278373052963,0.05307636905631696,0.05307636905631696
66,589824,3.206030996238951e-09,269944,319880,1.0475471019744873,0.6985844969749451,0.7367951273918152,0.7392858266830444,0.01374729536473751,0.06726950407028198,0.12421094626188278,50,589824,0.4576687282986111,-8.49403228315765,0.057246089895313546,0.057246089895313546
68,589824,3.5729983416388222e-09,269010,320814,1.1171396970748901,0.7517927289009094,0.7283267378807068,0.7353687882423401,0.014360061846673489,0.06590461730957031,0.11759786307811737,50,589824,0.456085205078125,-8.446967185369706,0.04706509778794299,0.04706509778794299
70,589824,3.952010274588247e-09,265608,324216,1.0534738302230835,0.7239875197410583,0.7408527135848999,0.7660931944847107,0.013102014549076557,0.06348076462745667,0.11716137826442719,50,589824,0.4503173828125,-8.403181934987451,0.043785250382255114,0.043785250382255114
72,589824,4.308903456262669e-09,265246,324578,1.07603120803833,0.7372691035270691,0.7322125434875488,0.744797945022583,0.01490691676735878,0.0690038725733757,0.1294194906949997,50,589824,0.4497036404079861,-8.365633236448206,0.03754869853924525,0.03754869853924525
74,589824,4.6020334210084e-09,257510,332314,1.0711055994033813,0.7248111963272095,0.7191950082778931,0.7069138884544373,0.013482972048223019,0.061725761741399765,0.11516834795475006,50,589824,0.4365878634982639,-8.33705023171109,0.028583004737114948,0.028583004737114948
76,589824,5.072823494600698e-09,263200,326624,0.9598469734191895,0.7098931670188904,0.7078622579574585,0.7024775147438049,0.013256078585982323,0.0680319145321846,0.12430091202259064,50,589824,0.4462348090277778,-8.294750248397067,0.04229998331402385,0.04229998331402385
78,589824,5.637428301952241e-09,276352,313472,0.9904136061668396,0.7015376091003418,0.715061604976654,0.7490092515945435,0.013754197396337986,0.06551788747310638,0.1214248463511467,50,589824,0.4685329861111111,-8.248918968531191,0.045831279865875985,0.045831279865875985
80,589824,6.097306215480103e-09,272334,317490,1.0925265550613403,0.7564030289649963,0.7142722606658936,0.7626505494117737,0.013755167834460735,0.06543802469968796,0.12513311207294464,50,589824,0.4617207845052083,-8.214861993537403,0.03405697499378846,0.03405697499378846
82,589824,6.417198328279028e-09,260706,329118,1.0596927404403687,0.7337066531181335,0.7205731868743896,0.7482002973556519,0.015362132340669632,0.06946521997451782,0.12865833938121796,50,589824,0.4420064290364583,-8.192654538307972,0.022207455229430906,0.022207455229430906
84,589824,6.875501057379552e-09,261142,328682,0.9508260488510132,0.7194589972496033,0.7129409313201904,0.7340187430381775,0.015907054767012596,0.07170428335666656,0.13502615690231323,50,589824,0.4427456325954861,-8.162695646803046,0.02995889150492559,0.02995889150492559
86,589824,7.319179928799713e-09,266088,323736,0.9827688932418823,0.7179800868034363,0.7081189155578613,0.7288773655891418,0.01539716124534607,0.07299840450286865,0.13298983871936798,50,589824,0.4511311848958333,-8.135537576366294,0.027158070436751558,0.027158070436751558
88,589824,7.689025416368622e-09,263465,326359,1.0022554397583008,0.7404254674911499,0.6903010606765747,0.7032126784324646,0.014244776219129562,0.07202095538377762,0.13495910167694092,50,589824,0.4466840955946181,-8.114128703516643,0.021408872849651317,0.021408872849651317
90,589824,8.12267231253827e-09,262521,327303,0.9738641381263733,0.7145954966545105,0.6864330768585205,0.7283258438110352,0.014585500583052635,0.07243610918521881,0.1346139907836914,50,589824,0.4450836181640625,-8.090301066860079,0.02382763665656462,0.02382763665656462
92,589824,8.71199024032876e-09,272256,317568,0.940395176410675,0.7231004238128662,0.6903479695320129,0.7095462679862976,0.014545134268701077,0.07114627212285995,0.1374845802783966,50,589824,0.4615885416666667,-8.059882619773601,0.03041844708647723,0.03041844708647723
94,589824,9.19994924686307e-09,276790,313034,1.043358564376831,0.7368432879447937,0.7032372951507568,0.7447789907455444,0.015723111107945442,0.07298312336206436,0.13909099996089935,50,589824,0.4692755805121528,-8.036214568509674,0.023668051263927126,0.023668051263927126
96,589824,9.542246992566561e-09,267955,321869,1.0094891786575317,0.7449516654014587,0.7119777798652649,0.7732406258583069,0.017678340896964073,0.07712861895561218,0.14150883257389069,50,589824,0.4542965359157986,-8.020349346305656,0.015865222204018536,0.015865222204018536
98,589824,9.704778314301166e-09,257481,332343,0.9910694360733032,0.735126256942749,0.7059520483016968,0.7506929636001587,0.01640120893716812,0.0760599747300148,0.14027054607868195,50,589824,0.4365386962890625,-8.013014380726451,0.007334965579204322,0.007334965579204322
0,589824,1.5428816942586118e-14,155765,434059,0.049595907330513,0.013842984102666378,0.06899189949035645,0.01485934853553772,0.31423619389533997,0.8407793641090393,0.9143645763397217,51,589824,0.2640872531467014,-13.811667373677917,,
2,589824,1.229436203450257e-13,173898,415926,0.24539686739444733,0.0728854164481163,0.18417228758335114,0.09746628999710083,0.061639584600925446,0.32021069526672363,0.7036423683166504,51,589824,0.294830322265625,-12.910294002271634,0.901373371406283,0.901373371406283
4,589824,1.1010011397591737e-13,81648,508176,0.0858926996588707,0.04496164992451668,0.21334430575370789,0.09209515154361725,0.12305261939764023,0.5558862686157227,0.8359298706054688,51,589824,0.138427734375,-12.958212231445266,-0.0479182291736322,0.0479182291736322
6,589824,2.0731346869230782e-13,79716,510108,0.12825265526771545,0.05299313738942146,0.2783671021461487,0.15059076249599457,0.10115911811590195,0.4741080701351166,0.7568618655204773,51,589824,0.13515218098958334,-12.683372481848576,0.27483974959669055,0.27483974959669055
8,589824,3.017556365371432e-13,101176,488648,0.09233372658491135,0.059683170169591904,0.3078254461288452,0.19384680688381195,0.08900332450866699,0.4219083786010742,0.7407883405685425,51,589824,0.1715359157986111,-12.520344608905457,0.16302787294311827,0.16302787294311827
10,589824,4.35940644477259e-13,142724,447100,0.15161514282226562,0.11952190101146698,0.35246869921684265,0.24760191142559052,0.04814187064766884,0.22925366461277008,0.43660491704940796,51,589824,0.2419772677951389,-12.360572638095645,0.1597719708098122,0.1597719708098122
12,589824,5.623377740023028e-13,168640,421184,0.21309052407741547,0.18609659373760223,0.3792629539966583,0.2828138768672943,0.0367409884929657,0.16910578310489655,0.3039255142211914,51,589824,0.2859157986111111,-12.250002742580303,0.1105698955153418,0.1105698955153418
14,589824,7.256935395487385e-13,190782,399042,0.26156890392303467,0.22070863842964172,0.4046250283718109,0.3182598054409027,0.029850825667381287,0.14135506749153137,0.265418142080307,51,589824,0.323455810546875,-12.139246743186643,0.11075599939366043,0.11075599939366043
16,589824,9.439247343825952e-13,211822,378002,0.3301730751991272,0.2768569588661194,0.4324481189250946,0.3545669913291931,0.022141233086586,0.10899718105792999,0.21052582561969757,51,589824,0.3591274685329861,-12.025062633610277,0.1141841095763656,0.1141841095763656
18,589824,1.202319819225417e-12,224628,365196,0.40851297974586487,0.3289393186569214,0.46243277192115784,0.3813478648662567,0.018354790285229683,0.08841729164123535,0.17171946167945862,51,589824,0.3808390299479167,-11.919979993855815,0.10508263975446219,0.10508263975446219
20,589824,1.474093091514972e-12,233778,356046,0.4415210783481598,0.3644852042198181,0.481273353099823,0.405627965927124,0.016528500244021416,0.08037539571523666,0.15593425929546356,51,589824,0.3963521321614583,-11.831475089167162,0.08850490468865324,0.08850490468865324
22,589824,1.8409904677108013e-12,243110,346714,0.5122097730636597,0.4093858003616333,0.5014662742614746,0.4353182017803192,0.014240467920899391,0.07019045203924179,0.13857513666152954,51,589824,0.4121738009982639,-11.734948460182197,0.09652662898496445,0.09652662898496445
24,589824,2.1829584580940198e-12,249440,340384,0.5515903234481812,0.4431284964084625,0.5071637630462646,0.4547775089740753,0.013582425191998482,0.06570718437433243,0.12924151122570038,51,589824,0.4229058159722222,-11.660954528877301,0.07399393130489607,0.07399393130489607
26,589824,2.570256507627988e-12,255546,334278,0.5981786251068115,0.4689154624938965,0.5103169083595276,0.472555547952652,0.0128274355083704,0.0631980150938034,0.12534338235855103,51,589824,0.433258056640625,-11.590023532587596,0.07093099628970556,0.07093099628970556
28,589824,2.997340656923919e-12,261106,328718,0.6526950597763062,0.5011717081069946,0.5179092884063721,0.4905850887298584,0.012155982665717602,0.05930541455745697,0.11804784089326859,51,589824,0.4426845974392361,-11.52326389535441,0.06675963723318645,0.06675963723318645
30,589824,3.49851679744273e-12,263316,326508,0.7110958695411682,0.5226783752441406,0.5283106565475464,0.5086687803268433,0.011879263445734978,0.05845068395137787,0.11567090451717377,51,589824,0.4464314778645833,-11.456116036566996,0.06714785878741303,0.06714785878741303
32,589824,4.126551531036249e-12,265462,324362,0.7632368206977844,0.5508368611335754,0.5422207713127136,0.5292153358459473,0.011240780353546143,0.055296048521995544,0.1112174242734909,51,589824,0.4500698513454861,-11.384412727192233,0.07170330937476344,0.07170330937476344
34,589824,4.851582677267707e-12,266648,323176,0.8132020235061646,0.5712190270423889,0.557405948638916,0.5503602027893066,0.010962017811834812,0.05359875038266182,0.10731751471757889,51,589824,0.4520806206597222,-11.314116563278375,0.07029616391385751,0.07029616391385751
36,589824,5.634330675630128e-12,266992,322832,0.8552860021591187,0.5909344553947449,0.5693116188049316,0.5665724873542786,0.010685713961720467,0.05226748436689377,0.1044413298368454,51,589824,0.4526638454861111,-11.249157668108646,0.0649588951697293,0.0649588951697293
38,589824,6.580001734451946e-12,266892,322932,0.8943842649459839,0.6030490398406982,0.5830169916152954,0.5839409828186035,0.010285058990120888,0.05169881507754326,0.10355125367641449,51,589824,0.4524943033854167,-11.181773991908415,0.06738367620023133,0.06738367620023133
40,589824,7.594483202033597e-12,267214,322610,0.9308056235313416,0.6190813779830933,0.5963466167449951,0.5998439192771912,0.010074323043227196,0.05079449713230133,0.10243101418018341,51,589824,0.4530402289496528,-11.119501774156884,0.06227221775153069,0.06227221775153069
42,589824,8.671221726763712e-12,266666,323158,0.9614590406417847,0.6290556788444519,0.610184907913208,0.6138277649879456,0.010323775932192802,0.0512588806450367,0.10317400842905045,51,589824,0.4521111382378472,-11.061919708543215,0.05758206561366919,0.05758206561366919
44,589824,1.0023708425788147e-11,265082,324742,0.9893286824226379,0.6429138779640198,0.6239532232284546,0.6274210810661316,0.00978187844157219,0.049324359744787216,0.09966350346803665,51,589824,0.4494255913628472,-10.99897157478655,0.06294813375666486,0.06294813375666486
46,589824,1.1490725038143523e-11,264262,325562,0.9912214279174805,0.6488893628120422,0.6359241008758545,0.6404078006744385,0.010118745267391205,0.050461284816265106,0.10181183367967606,51,589824,0.4480353461371528,-10.939652567470933,0.0593190073156169,0.0593190073156169
48,589824,1.3105354475240194e-11,263362,326462,1.0093656778335571,0.6616949439048767,0.6450138092041016,0.6499947309494019,0.009902719408273697,0.05007556453347206,0.10116114467382431,51,589824,0.4465094672309028,-10.882551227707935,0.05710133976299758,0.05710133976299758
50,589824,1.4792379127159805e-11,262168,327656,1.021003246307373,0.6628841757774353,0.6520508527755737,0.6595940589904785,0.010077507235109806,0.05124957859516144,0.10340315848588943,51,589824,0.4444851345486111,-10.829961970783213,0.052589256924722605,0.052589256924722605
52,589824,1.675020018521156e-11,260914,328910,1.0465606451034546,0.6727023124694824,0.6601870656013489,0.6687002182006836,0.010539871640503407,0.050978485494852066,0.10281932353973389,51,589824,0.4423590766059028,-10.775979998250227,0.05398197253298598,0.05398197253298598
54,589824,1.886733651257355e-11,259912,329912,1.0299668312072754,0.6746636033058167,0.6696353554725647,0.6783998608589172,0.010199605487287045,0.05134814605116844,0.10391208529472351,51,589824,0.4406602647569444,-10.72428940452696,0.05169059372326679,0.05169059372326679
56,589824,2.1218766327324445e-11,258908,330916,1.0558582544326782,0.683949887752533,0.674444317817688,0.6850576996803284,0.01006535068154335,0.051172614097595215,0.10365457832813263,51,589824,0.4389580620659722,-10.673279869860238,0.05100953466672209,0.05100953466672209
58,589824,2.3716500985315747e-11,257108,332716,1.045145034790039,0.6846069693565369,0.6808248162269592,0.6910272240638733,0.010443083010613918,0.05087745562195778,0.10408855974674225,51,589824,0.4359063042534722,-10.624949384231101,0.04833048562913689,0.04833048562913689
60,589824,2.642662998153522e-11,256182,333642,1.0443683862686157,0.6886339783668518,0.6844943165779114,0.6981592178344727,0.010063158348202705,0.052181653678417206,0.10518303513526917,51,589824,0.4343363444010417,-10.577958216124427,0.0469911681066737,0.0469911681066737
62,589824,2.9237327836550975e-11,255980,333844,1.036479115486145,0.6894634366035461,0.6876993775367737,0.7054175734519958,0.010196109302341938,0.05264474079012871,0.1068950742483139,51,589824,0.4339938693576389,-10.53406232251006,0.04389589361436741,0.04389589361436741
64,589824,3.221175409739985e-11,255596,334228,1.0529505014419556,0.6946678161621094,0.6946278810501099,0.7141427993774414,0.010352274402976036,0.053388942033052444,0.10779120028018951,51,589824,0.4333428276909722,-10.491985624945,0.04207669756505972,0.04207669756505972
66,589824,3.521104588455337e-11,253872,335952,1.046728253364563,0.6954357028007507,0.6978346109390259,0.7211736440658569,0.010544683784246445,0.05378694832324982,0.10892891138792038,51,589824,0.430419921875,-10.453321074755314,0.03866455018968651,0.03866455018968651
68,589824,3.829087047435564e-11,253060,336764,1.0431588888168335,0.6952257752418518,0.7002345323562622,0.7266975045204163,0.010649648495018482,0.05528728663921356,0.11127005517482758,51,589824,0.4290432400173611,-10.416904760632928,0.036416314122385884,0.036416314122385884
70,589824,4.142777787485841e-11,252794,337030,1.0461386442184448,0.6969677209854126,0.7021271586418152,0.7325333952903748,0.010838864371180534,0.054748132824897766,0.11212290823459625,51,589824,0.4285922580295139,-10.382708360994942,0.034196399637986374,0.034196399637986374
72,589824,4.450182930493263e-11,252340,337484,1.0564650297164917,0.6997501850128174,0.7065184712409973,0.7382196187973022,0.011611318215727806,0.056915272027254105,0.11533644795417786,51,589824,0.4278225368923611,-10.351622136418863,0.03108622457607879,0.03108622457607879
74,589824,4.7690174725945056e-11,251664,338160,1.0647343397140503,0.7007505893707275,0.7113667130470276,0.7453811764717102,0.011257072910666466,0.058343663811683655,0.11760123819112778,51,589824,0.4266764322916667,-10.32157108640709,0.030051050011772773,0.030051050011772773
76,589824,5.1031161935055636e-11,250928,338896,1.0500288009643555,0.7020083069801331,0.7178460955619812,0.7512437105178833,0.011302047409117222,0.05887744948267937,0.11862765997648239,51,589824,0.4254286024305556,-10.292164543048564,0.029406543358525994,0.029406543358525994
78,589824,5.4276780986350914e-11,250610,339214,1.0493940114974976,0.7046918869018555,0.7214338779449463,0.7576074004173279,0.011890986002981663,0.0595506988465786,0.12041020393371582,51,589824,0.4248894585503472,-10.265385917116205,0.02677862593235858,0.02677862593235858
80,589824,5.7626420996159666e-11,249478,340346,1.055534839630127,0.7068571448326111,0.723537266254425,0.760925829410553,0.012201476842164993,0.06104746833443642,0.12203481048345566,51,589824,0.4229702419704861,-10.239378352306295,0.026007564809910733,0.026007564809910733
82,589824,6.101166794003632e-11,249118,340706,1.0424457788467407,0.7056825160980225,0.726028323173523,0.7668598890304565,0.012094670906662941,0.062384095042943954,0.12507326900959015,51,589824,0.4223598904079861,-10.214587102081005,0.02479125022528983,0.02479125022528983
84,589824,6.453283740714966e-11,249554,340270,1.0339958667755127,0.7084764838218689,0.7289707064628601,0.7741420269012451,0.012177724391222,0.06278800964355469,0.12580442428588867,51,589824,0.4230990939670139,-10.190219239229197,0.024367862851807587,0.024367862851807587
86,589824,6.784017098082629e-11,249744,340080,1.0324307680130005,0.7104227542877197,0.7302734851837158,0.7807575464248657,0.012785091064870358,0.0638774037361145,0.12790696322917938,51,589824,0.4234212239583333,-10.168513066176818,0.02170617305237954,0.02170617305237954
88,589824,7.111025657202674e-11,248580,341244,1.0562841892242432,0.7125566601753235,0.7305038571357727,0.7849172353744507,0.012418537400662899,0.06414433568716049,0.12830476462841034,51,589824,0.42144775390625,-10.14806775438442,0.020445311792396836,0.020445311792396836
90,589824,7.444594246619474e-11,247914,341910,1.0247684717178345,0.710480809211731,0.7330743670463562,0.7876339554786682,0.012786692008376122,0.06477245688438416,0.13069450855255127,51,589824,0.420318603515625,-10.128158967657441,0.0199087867269796,0.0199087867269796
92,589824,7.776022187266918e-11,248512,341312,1.0311236381530762,0.7121360898017883,0.7333903312683105,0.792607843875885,0.012671420350670815,0.06536907702684402,0.13167573511600494,51,589824,0.4213324652777778,-10.109242508910762,0.0189164587466788,0.0189164587466788
94,589824,8.082499947104083e-11,249220,340604,1.0323554277420044,0.7122608423233032,0.7347137928009033,0.7981072068214417,0.01327341329306364,0.06796003878116608,0.1365540474653244,51,589824,0.4225328233506944,-10.092454289558646,0.01678821935211694,0.01678821935211694
96,589824,8.39063332702672e-11,249062,340762,1.0221314430236816,0.7161949276924133,0.7379148006439209,0.8024032711982727,0.013342059217393398,0.06748118996620178,0.13548433780670166,51,589824,0.4222649468315972,-10.076205257281877,0.016249032276768105,0.016249032276768105
98,589824,8.679818669365957e-11,248002,341822,1.0061746835708618,0.7150998711585999,0.7343542575836182,0.803840696811676,0.013229732401669025,0.06830993294715881,0.13813196122646332,51,589824,0.4204678005642361,-10.06148934760189,0.01471590967998715,0.01471590967998715
0,2359296,1.5828275986445352e-14,705986,1653310,0.07347004860639572,0.015559501014649868,0.09528035670518875,0.015419268049299717,0.22596056759357452,0.8010427951812744,0.8796335458755493,52,2359296,0.29923587375217015,-13.800566385854497,,
2,2359296,1.121855294208482e-13,638590,1720706,0.37215572595596313,0.07107861340045929,0.23270002007484436,0.09574232250452042,0.0602937750518322,0.32129067182540894,0.6796818375587463,52,2359296,0.27066972520616317,-12.950063158213279,0.8505032276412177,0.8505032276412177
4,2359296,1.125920306966309e-13,300492,2058804,0.14470072090625763,0.0532362274825573,0.2910589575767517,0.09656602144241333,0.1112775057554245,0.4680790305137634,0.7787461876869202,52,2359296,0.1273651123046875,-12.948492347912392,0.0015708103008869045,0.0015708103008869045
6,2359296,1.8980341387128674e-13,273624,2085672,0.15678617358207703,0.04772982746362686,0.39940544962882996,0.1462555229663849,0.11026445031166077,0.522110641002655,0.7524412870407104,52,2359296,0.11597696940104167,-12.721695980464427,0.2267963674479656,0.2267963674479656
8,2359296,2.887720444710862e-13,380654,1978642,0.16092997789382935,0.06203857436776161,0.46068835258483887,0.1976320594549179,0.08339595049619675,0.4082132577896118,0.7129361629486084,52,2359296,0.16134219699435765,-12.539444852375246,0.18225112808918098,0.18225112808918098
10,2359296,4.718028268416163e-13,553600,1805696,0.22289815545082092,0.1266501247882843,0.5433881282806396,0.27534833550453186,0.040847182273864746,0.20082008838653564,0.3987012207508087,52,2359296,0.2346462673611111,-12.32623946133504,0.21320539104020497,0.21320539104020497
12,2359296,6.870833112529451e-13,683778,1675518,0.3430393636226654,0.21929068863391876,0.5876935720443726,0.3384917080402374,0.026752835139632225,0.1285826712846756,0.2527954876422882,52,2359296,0.28982289632161456,-12.16299060002375,0.16324886131129013,0.16324886131129013
14,2359296,9.429403872301956e-13,768442,1590854,0.39825451374053955,0.2848859131336212,0.6090529561042786,0.38687700033187866,0.020579300820827484,0.0989990085363388,0.19277836382389069,52,2359296,0.32570817735460067,-12.02551576252813,0.1374748374956205,0.1374748374956205
16,2359296,1.2736468780680243e-12,854688,1504608,0.45210322737693787,0.3343014717102051,0.6205899119377136,0.429588258266449,0.017994871363043785,0.08684807270765305,0.16970287263393402,52,2359296,0.3622639973958333,-11.894950964594162,0.13056479793396747,0.13056479793396747
18,2359296,1.6669144363434807e-12,931822,1427474,0.5605068206787109,0.395632266998291,0.6368361711502075,0.46242085099220276,0.014769988134503365,0.07266301661729813,0.14298009872436523,52,2359296,0.39495764838324654,-11.77808669218014,0.11686427241402164,0.11686427241402164
20,2359296,2.1883250420073885e-12,981977,1377319,0.655634343624115,0.4455397427082062,0.6484924554824829,0.49421367049217224,0.012177474796772003,0.06211449205875397,0.12296316772699356,52,2359296,0.4162161085340712,-11.659888169785678,0.11819852239446327,0.11819852239446327
22,2359296,2.824055659461644e-12,1019573,1339723,0.7356919050216675,0.483204185962677,0.6532348990440369,0.5255324840545654,0.011330232955515385,0.05652464181184769,0.11337196826934814,52,2359296,0.432151370578342,-11.54912674800308,0.11076142178259829,0.11076142178259829
24,2359296,3.64509897959886e-12,1036180,1323116,0.831433117389679,0.5347205996513367,0.6527900099754333,0.5546320080757141,0.010428689420223236,0.0524078793823719,0.10453685373067856,52,2359296,0.4391903347439236,-11.438290674284286,0.11083607371879367,0.11083607371879367
26,2359296,4.620550903694509e-12,1051688,1307608,0.8861696124076843,0.561893105506897,0.655659556388855,0.577171266078949,0.009600755758583546,0.04873023182153702,0.09744429588317871,52,2359296,0.4457634819878472,-11.335306240857081,0.10298443342720454,0.10298443342720454
28,2359296,5.821691653057348e-12,1071898,1287398,0.934258222579956,0.5864985585212708,0.6627019047737122,0.5982589721679688,0.009299391880631447,0.04706418141722679,0.0945444405078888,52,2359296,0.45432959662543404,-11.234950800773198,0.10035544008388264,0.10035544008388264
30,2359296,7.237065981213764e-12,1074350,1284946,1.010840892791748,0.6086285710334778,0.666986346244812,0.6143929362297058,0.0091990502551198,0.04613301157951355,0.0930962860584259,52,2359296,0.45536888970269096,-11.140437467840103,0.09451333293309538,0.09451333293309538
32,2359296,8.9929739002792e-12,1074524,1284772,1.0335825681686401,0.6258190870285034,0.6750349998474121,0.6314049363136292,0.009295279160141945,0.0467732697725296,0.093889020383358,52,2359296,0.4554426405164931,-11.046096667009222,0.09434080083088148,0.09434080083088148
34,2359296,1.1109052913682582e-11,1076570,1282726,1.074802279472351,0.6536221504211426,0.684411346912384,0.6482570767402649,0.008854045532643795,0.04455632343888283,0.08964860439300537,52,2359296,0.45630984836154515,-10.954322964631954,0.09177370237726734,0.09177370237726734
36,2359296,1.3774946461264648e-11,1081370,1277926,1.0946701765060425,0.6529433131217957,0.6986796855926514,0.6713111996650696,0.008673257194459438,0.0433681346476078,0.08769893646240234,52,2359296,0.45834435356987846,-10.860910080434255,0.09341288419769889,0.09341288419769889
38,2359296,1.6710128072916497e-11,1069730,1289566,1.1131410598754883,0.6729378700256348,0.7022928595542908,0.669524073600769,0.009802473708987236,0.04873846471309662,0.09784150868654251,52,2359296,0.45341067843967015,-10.77702022149214,0.08388985894211487,0.08388985894211487
40,2359296,2.0186428917323695e-11,1060188,1299108,1.116606593132019,0.6800791025161743,0.7036381959915161,0.6754693984985352,0.009333250112831593,0.04685772582888603,0.09236569702625275,52,2359296,0.4493662516276042,-10.69494050317988,0.08207971831225969,0.08207971831225969
42,2359296,2.4397981898682808e-11,1069784,1289512,1.111191987991333,0.6831547617912292,0.7094446420669556,0.6914359927177429,0.009308421052992344,0.04685618728399277,0.09389746189117432,52,2359296,0.4534335666232639,-10.612646095239679,0.08229440794020171,0.08229440794020171
44,2359296,2.918922395456214e-11,1072454,1286842,1.135198950767517,0.6918088793754578,0.7137560248374939,0.7045259475708008,0.009447491727769375,0.047491081058979034,0.09448983520269394,52,2359296,0.45456526014539933,-10.534777451320023,0.07786864391965587,0.07786864391965587
46,2359296,3.4370280926898644e-11,1055246,1304050,1.1302145719528198,0.7026305198669434,0.7129491567611694,0.7072983980178833,0.010062108747661114,0.05011817440390587,0.09951044619083405,52,2359296,0.44727155897352433,-10.463816918124536,0.07096053319548723,0.07096053319548723
48,2359296,4.038660725291798e-11,1049476,1309820,1.1124188899993896,0.6975361704826355,0.7113736867904663,0.6995618343353271,0.009853488765656948,0.04927411302924156,0.09720946103334427,52,2359296,0.4448259141710069,-10.393762628959855,0.07005428916468048,0.07005428916468048
50,2359296,4.675013848265408e-11,1051156,1308140,1.1132700443267822,0.7040947079658508,0.7075909376144409,0.7085024118423462,0.010727236978709698,0.052801866084337234,0.10249572992324829,52,2359296,0.4455379909939236,-10.330217098328074,0.06354553063178159,0.06354553063178159
52,2359296,5.428566970944182e-11,1058286,1301010,1.112330436706543,0.7022907137870789,0.7139557600021362,0.7230284810066223,0.009821541607379913,0.04941386356949806,0.09795556217432022,52,2359296,0.44856007893880206,-10.265314800014972,0.06490229831310224,0.06490229831310224
54,2359296,6.245206435329109e-11,1059046,1300250,1.137189507484436,0.7139527797698975,0.7192270159721375,0.7271227240562439,0.01035649050027132,0.05167952924966812,0.1024516373872757,52,2359296,0.44888220893012154,-10.204453201446366,0.0608615985686054,0.0608615985686054
56,2359296,7.036005111871191e-11,1034248,1325048,1.1299959421157837,0.7135220170021057,0.7175642251968384,0.7258992791175842,0.011221679858863354,0.05458845570683479,0.10584308952093124,52,2359296,0.4383714463975694,-10.152673853686343,0.05177934776002324,0.05177934776002324
58,2359296,7.90833093455845e-11,1023706,1335590,1.1002991199493408,0.7104862928390503,0.7124724984169006,0.7204364538192749,0.010810721665620804,0.05303476005792618,0.10422719269990921,52,2359296,0.43390316433376735,-10.10191516535161,0.05075868833473329,0.05075868833473329
60,2359296,9.012564305965753e-11,1048186,1311110,1.0733139514923096,0.7005698680877686,0.7180194854736328,0.7329875230789185,0.010615481995046139,0.05271201580762863,0.10496323555707932,52,2359296,0.44427914089626735,-10.04515162350675,0.05676354184485888,0.05676354184485888
62,2359296,1.0128801269937426e-10,1053734,1305562,1.1106520891189575,0.7219465374946594,0.7209121584892273,0.7384870052337646,0.01081487350165844,0.05493606626987457,0.1089145839214325,52,2359296,0.44663068983289933,-9.994441949768694,0.05070967373805679,0.05070967373805679
64,2359296,1.107201205718944e-10,1025452,1333844,1.1263784170150757,0.7250454425811768,0.7208346724510193,0.7363175749778748,0.011497369967401028,0.05683250352740288,0.11026942729949951,52,2359296,0.4346432156032986,-9.955773449949458,0.038668499819236146,0.038668499819236146
66,2359296,1.2188036691007653e-10,1017800,1341496,1.0772241353988647,0.7122979164123535,0.7200782895088196,0.740909218788147,0.011729219928383827,0.057442523539066315,0.1125800758600235,52,2359296,0.4313998752170139,-9.914066247042228,0.0417072029072294,0.0417072029072294
68,2359296,1.345377559358596e-10,1032530,1326766,1.0643850564956665,0.7060008645057678,0.7195227742195129,0.743975043296814,0.01139724813401699,0.05630829185247421,0.1117139458656311,52,2359296,0.43764326307508683,-9.87115582054203,0.04291042650019783,0.04291042650019783
70,2359296,1.4718025409532487e-10,1028018,1331278,1.0995497703552246,0.7247646450996399,0.7152313590049744,0.7403930425643921,0.011751740239560604,0.057448409497737885,0.11294355243444443,52,2359296,0.43573082817925346,-9.832150451633492,0.039005368908538784,0.039005368908538784
72,2359296,1.6091285248709397e-10,1029694,1329602,1.106218695640564,0.714341938495636,0.7221413850784302,0.7484228014945984,0.012230818159878254,0.059853702783584595,0.11692696809768677,52,2359296,0.43644120958116317,-9.793409266396289,0.03874118523720327,0.03874118523720327
74,2359296,1.7416346143050987e-10,1029040,1330256,1.0880376100540161,0.7271373271942139,0.7318728566169739,0.7560104131698608,0.012094767764210701,0.060290172696113586,0.11869606375694275,52,2359296,0.4361640082465278,-9.759042952448638,0.03436631394765044,0.03436631394765044
76,2359296,1.8681521607444296e-10,1014480,1344816,1.063746452331543,0.7208165526390076,0.7308310270309448,0.7577804923057556,0.012375799007713795,0.06128066033124924,0.11858686804771423,52,2359296,0.42999267578125,-9.728587753437624,0.03045519901101379,0.03045519901101379
78,2359296,2.0036386438881948e-10,1017334,1341962,1.0925488471984863,0.7197771072387695,0.7293741106987,0.7522559762001038,0.012170043773949146,0.06014150381088257,0.11916046589612961,52,2359296,0.43120235866970485,-9.698180600727005,0.030407152710619556,0.030407152710619556
80,2359296,2.128514170474105e-10,1013494,1345802,1.0648866891860962,0.7171770930290222,0.7299042344093323,0.747651994228363,0.012654243968427181,0.0624798983335495,0.12333373725414276,52,2359296,0.42957475450303817,-9.671923454183943,0.026257146543061438,0.026257146543061438
82,2359296,2.2914163622100858e-10,1019710,1339586,1.0237629413604736,0.7169644832611084,0.7277083992958069,0.7561642527580261,0.013098821975290775,0.06532249599695206,0.1284227818250656,52,2359296,0.43220943874782985,-9.639895990085588,0.03202746409835555,0.03202746409835555
84,2359296,2.452930358831651e-10,1034303,1324993,1.0351536273956299,0.7238348126411438,0.7305877208709717,0.7722622752189636,0.012859868817031384,0.063719242811203,0.12379351258277893,52,2359296,0.43839475843641496,-9.61031478167721,0.02958120840837708,0.02958120840837708
86,2359296,2.584781000347647e-10,1021477,1337819,1.0600498914718628,0.731696367263794,0.7282366752624512,0.7757393717765808,0.0131241325289011,0.06582722812891006,0.12886731326580048,52,2359296,0.43295839097764754,-9.587576247297168,0.022738534380042807,0.022738534380042807
88,2359296,2.6933791308358934e-10,998376,1360920,1.0724411010742188,0.7270925641059875,0.721204936504364,0.7525547742843628,0.01377637218683958,0.06680849939584732,0.1307523399591446,52,2359296,0.4231669108072917,-9.569702509254403,0.017873738042764487,0.017873738042764487
90,2359296,2.8365854110035116e-10,1007706,1351590,1.0004791021347046,0.7143701314926147,0.7239462733268738,0.7569872736930847,0.013841339386999607,0.06856761872768402,0.1331578940153122,52,2359296,0.42712148030598956,-9.547204135078633,0.022498374175770053,0.022498374175770053
92,2359296,2.994414716184224e-10,1035218,1324078,1.0264980792999268,0.7142321467399597,0.7262687087059021,0.7697098851203918,0.013633843511343002,0.06848122924566269,0.13478030264377594,52,2359296,0.43878258599175346,-9.523688051528854,0.02351608354977941,0.02351608354977941
94,2359296,3.117208990932596e-10,1025392,1333904,1.0837926864624023,0.7372177243232727,0.7269157767295837,0.7712882161140442,0.014306724071502686,0.0702580139040947,0.13671065866947174,52,2359296,0.4346177842881944,-9.506234079800112,0.017453971728741635,0.017453971728741635
96,2359296,3.243804669317285e-10,1011220,1348076,1.002244472503662,0.7242864966392517,0.732049286365509,0.7736257314682007,0.014543818309903145,0.07158976048231125,0.13954728841781616,52,2359296,0.4286109076605903,-9.488945305383112,0.017288774417000496,0.017288774417000496
98,2359296,3.363273826106905e-10,1014370,1344926,1.015425205230713,0.7262753248214722,0.7242587208747864,0.7691460251808167,0.01467906218022108,0.07330165803432465,0.14256928861141205,52,2359296,0.42994605170355904,-9.473237772493267,0.015707532889845055,0.015707532889845055
0,2359296,6.926533152107946e-15,784024,1575272,0.04201177880167961,0.006878886371850967,0.047098979353904724,0.006824471987783909,0.6755111813545227,0.8547608256340027,0.9155281186103821,53,2359296,0.3323126898871528,-14.159484082797102,,
2,2359296,4.965802481672263e-14,596132,1763164,0.2077907770872116,0.03407222032546997,0.12068411707878113,0.045829396694898605,0.12462172657251358,0.6768601536750793,0.7567853927612305,53,2359296,0.2526736789279514,-13.304010558810006,0.8554735239870954,0.8554735239870954
4,2359296,5.02425385367003e-14,275506,2083790,0.07256236672401428,0.025910424068570137,0.14424507319927216,0.04625309258699417,0.2048630565404892,0.7765457034111023,0.8619304299354553,53,2359296,0.11677466498480903,-13.298928425707384,0.005082133102622066,0.005082133102622066
6,2359296,8.596935148355925e-14,264026,2095270,0.08559544384479523,0.02490864507853985,0.1879468411207199,0.07407521456480026,0.20702506601810455,0.7400445342063904,0.8308007717132568,53,2359296,0.11190880669487847,-13.065656349383344,0.2332720763240399,0.2332720763240399
8,2359296,1.3905497304837755e-13,388680,1970616,0.08673790097236633,0.03854965791106224,0.2234356850385666,0.11035529524087906,0.13754244148731232,0.6279921531677246,0.837920606136322,53,2359296,0.16474405924479166,-12.856813474769272,0.20884287461407247,0.20884287461407247
10,2359296,2.4223215122111397e-13,573510,1785786,0.17075565457344055,0.08326619863510132,0.28890445828437805,0.17208781838417053,0.06109048053622246,0.30487000942230225,0.572788655757904,53,2359296,0.2430852254231771,-12.615768213912943,0.24104526085632827,0.24104526085632827
12,2359296,3.8589818189896374e-13,727294,1632002,0.30487462878227234,0.1587921380996704,0.3404008448123932,0.2399512231349945,0.03319977968931198,0.1636752039194107,0.33333975076675415,53,2359296,0.30826738145616317,-12.413527267536683,0.20224094637626067,0.20224094637626067
14,2359296,5.827375257685952e-13,809666,1549630,0.409612774848938,0.22470210492610931,0.3875167667865753,0.3063824474811554,0.023407183587551117,0.11658387631177902,0.23565644025802612,53,2359296,0.34318118625217015,-12.23452701432879,0.17900025320789226,0.17900025320789226
16,2359296,8.115400170448372e-13,885756,1473540,0.5273122787475586,0.2815178632736206,0.42882436513900757,0.35807275772094727,0.019240060821175575,0.09547324478626251,0.18866369128227234,53,2359296,0.3754323323567708,-12.090690060245311,0.14383695408347918,0.14383695408347918
18,2359296,1.1361763309694628e-12,944586,1414710,0.7126307487487793,0.3602820932865143,0.47171831130981445,0.41034016013145447,0.014810722321271896,0.07317385822534561,0.14545102417469025,53,2359296,0.40036773681640625,-11.94455426226561,0.1461357979797011,0.1461357979797011
20,2359296,1.6015517904921506e-12,988354,1370942,0.8818510174751282,0.39725399017333984,0.5280283093452454,0.46465757489204407,0.012782868929207325,0.064122773706913,0.12847015261650085,53,2359296,0.41891903347439235,-11.795459012690902,0.14909524957470843,0.14909524957470843
22,2359296,2.18296474646662e-12,1022382,1336914,1.0305557250976562,0.46246352791786194,0.5951626300811768,0.5160515308380127,0.011437995359301567,0.057546984404325485,0.11521916836500168,53,2359296,0.43334197998046875,-11.660953277822076,0.1345057348688261,0.1345057348688261
24,2359296,2.952834591424258e-12,1011112,1348184,1.1051509380340576,0.5227565765380859,0.6411740183830261,0.5553935766220093,0.010555705055594444,0.052982259541749954,0.1055263876914978,53,2359296,0.4285651312934028,-11.529760880174672,0.13119239764740342,0.13119239764740342
26,2359296,3.974804426570833e-12,1034436,1324860,1.1721144914627075,0.5514728426933289,0.6897135376930237,0.6011764407157898,0.009321987628936768,0.046450432389974594,0.0944679006934166,53,2359296,0.4384511311848958,-11.40068423519635,0.12907664497832272,0.12907664497832272
28,2359296,5.168911739600324e-12,1038222,1321074,1.2849576473236084,0.5911470055580139,0.723992109298706,0.6173805594444275,0.00955190695822239,0.048240162432193756,0.0967249795794487,53,2359296,0.44005584716796875,-11.286600883450767,0.11408335174558282,0.11408335174558282
30,2359296,6.672403948804195e-12,1033388,1325908,1.286454439163208,0.5968252420425415,0.7593007683753967,0.6401507258415222,0.009040167555212975,0.04538856819272041,0.09298250079154968,53,2359296,0.4380069308810764,-11.175717669290858,0.11088321415990876,0.11088321415990876
32,2359296,8.449881419569927e-12,1034804,1324492,1.3140318393707275,0.6461977958679199,0.7809011340141296,0.6637741923332214,0.009569928050041199,0.04889524728059769,0.09856455773115158,53,2359296,0.4386071099175347,-11.073149385628744,0.10256828366211401,0.10256828366211401
34,2359296,1.102909603922786e-11,1034660,1324636,1.361200213432312,0.6437963247299194,0.7923346757888794,0.6895298957824707,0.008057719096541405,0.04034851863980293,0.08105464279651642,53,2359296,0.4385460747612847,-10.957460081509328,0.11568930411941558,0.11568930411941558
36,2359296,1.391448414822527e-11,1026616,1332680,1.324875831604004,0.6742991805076599,0.8074875473976135,0.7057715058326721,0.010203425772488117,0.050517428666353226,0.10072509944438934,53,2359296,0.4351365831163194,-10.856532889634067,0.100927191875261,0.100927191875261
38,2359296,1.6674552363871165e-11,1010922,1348374,1.4198620319366455,0.6733793616294861,0.8099271655082703,0.6937805414199829,0.010444920510053635,0.052562907338142395,0.10194554924964905,53,2359296,0.42848459879557294,-10.777945816092679,0.07858707354138872,0.07858707354138872
40,2359296,2.096331962186948e-11,1027490,1331806,1.3813363313674927,0.6799075603485107,0.8294094800949097,0.7122830748558044,0.009087192825973034,0.04608512297272682,0.09144030511379242,53,2359296,0.43550703260633683,-10.67853994404971,0.09940587204296847,0.09940587204296847
42,2359296,2.5660990693454622e-11,1036788,1322508,1.3776130676269531,0.6905549168586731,0.8480820655822754,0.7364115118980408,0.008935288526117802,0.046793557703495026,0.09495769441127777,53,2359296,0.4394480387369792,-10.590726580837352,0.08781336321235855,0.08781336321235855
44,2359296,3.0721723776050425e-11,1006102,1353194,1.53398859500885,0.7112216353416443,0.8448606729507446,0.7345604300498962,0.010774255730211735,0.05346972867846489,0.10495854914188385,53,2359296,0.42644161648220485,-10.512554419974384,0.07817216086296774,0.07817216086296774
46,2359296,3.638489856627736e-11,995738,1363558,1.3515986204147339,0.6984089016914368,0.8740077614784241,0.7318181991577148,0.010170345194637775,0.051034506410360336,0.10083776712417603,53,2359296,0.42204878065321183,-10.439078831465833,0.07347558850855052,0.07347558850855052
48,2359296,4.3063889260119836e-11,1009450,1349846,1.256147027015686,0.7046988606452942,0.8704283833503723,0.7380234003067017,0.011051562614738941,0.05448214337229729,0.10419436544179916,53,2359296,0.42786068386501735,-10.365886749990175,0.07319208147565881,0.07319208147565881
50,2359296,5.008531436812014e-11,1011614,1347682,1.4094916582107544,0.7058354616165161,0.8542646169662476,0.7497233152389526,0.010065103881061077,0.048884257674217224,0.0957460030913353,53,2359296,0.42877790662977433,-10.300289595965792,0.06559715402438293,0.06559715402438293
52,2359296,5.971016042716215e-11,1012540,1346756,1.3987253904342651,0.7172232866287231,0.8698130249977112,0.7629477381706238,0.010986232198774815,0.054361309856176376,0.10373911261558533,53,2359296,0.4291703965928819,-10.22395176196949,0.0763378339963019,0.0763378339963019
54,2359296,6.761224913276465e-11,994460,1364836,1.2972538471221924,0.7168561816215515,0.8835376501083374,0.7553882598876953,0.0121050626039505,0.059796273708343506,0.11220863461494446,53,2359296,0.4215070936414931,-10.169974616945082,0.0539771450244082,0.0539771450244082
56,2359296,7.597259626956898e-11,964182,1395114,1.7260189056396484,0.7215918302536011,0.858677327632904,0.7432574033737183,0.011554871685802937,0.055768512189388275,0.10684807598590851,53,2359296,0.40867360432942706,-10.11934303186502,0.050631585080061825,0.050631585080061825
58,2359296,8.739291235126956e-11,995530,1363766,1.249414086341858,0.6926109194755554,0.9395396709442139,0.7609620690345764,0.010618464089930058,0.052770886570215225,0.10421986132860184,53,2359296,0.42196061876085067,-10.05852378763504,0.060819244229978864,0.060819244229978864
60,2359296,9.983636140020735e-11,1018982,1340314,1.2772576808929443,0.7249084711074829,0.9298450350761414,0.7782018780708313,0.011641030199825764,0.056558407843112946,0.11096368730068207,53,2359296,0.43190087212456596,-10.000711255512288,0.05781253212275317,0.05781253212275317
62,2359296,1.0986010018365633e-10,984168,1375128,1.3085585832595825,0.7270920276641846,0.9118692874908447,0.7654631733894348,0.012169670313596725,0.05918806418776512,0.11217393726110458,53,2359296,0.417144775390625,-9.959160009272521,0.04155124623976647,0.04155124623976647
64,2359296,1.2223333456518048e-10,966124,1393172,1.2596431970596313,0.7258417010307312,0.8977780342102051,0.7685277462005615,0.011487138457596302,0.0550985187292099,0.1061975508928299,53,2359296,0.4094967312282986,-9.912810340382313,0.046349668890208306,0.046349668890208306
66,2359296,1.3542229837515407e-10,977192,1382104,1.208178997039795,0.7020662426948547,0.8874051570892334,0.7785904407501221,0.01248679868876934,0.06094196438789368,0.11678053438663483,53,2359296,0.4141879611545139,-9.868309819668884,0.044500520713429026,0.044500520713429026
68,2359296,1.4901715972293061e-10,978820,1380476,1.253062129020691,0.7268688082695007,0.8733464479446411,0.7656569480895996,0.012736765667796135,0.061101123690605164,0.11644429713487625,53,2359296,0.4148779975043403,-9.826763718541532,0.04154610112735213,0.04154610112735213
70,2359296,1.6425327764579833e-10,980474,1378822,1.2289454936981201,0.7166418433189392,0.871326744556427,0.7707858085632324,0.012069672346115112,0.05697142332792282,0.11025993525981903,53,2359296,0.41557905409071183,-9.784485955410306,0.04227776313122611,0.04227776313122611
72,2359296,1.7922015260740665e-10,986026,1373270,1.203890085220337,0.7299779057502747,0.8728623986244202,0.7896909713745117,0.012844489887356758,0.06287562847137451,0.1231103464961052,53,2359296,0.41793229844835067,-9.746613157206813,0.037872798203492763,0.037872798203492763
74,2359296,1.925772458166719e-10,973588,1385708,1.2519851922988892,0.7224038243293762,0.8658859133720398,0.7925665378570557,0.013227361254394054,0.06436809152364731,0.1224830225110054,53,2359296,0.4126603868272569,-9.71539502873821,0.031218128468603723,0.031218128468603723
76,2359296,2.0863138994187125e-10,974240,1385056,1.2331016063690186,0.72660231590271,0.8732128143310547,0.7968398332595825,0.012453810311853886,0.059378594160079956,0.1170450896024704,53,2359296,0.4129367404513889,-9.680620348579943,0.034774680158266236,0.034774680158266236
78,2359296,2.2158327950272394e-10,958378,1400918,1.2504024505615234,0.7218514084815979,0.866948664188385,0.7835133671760559,0.013303727842867374,0.06355738639831543,0.12274175882339478,53,2359296,0.40621354844835067,-9.654463014221914,0.026157334358028805,0.026157334358028805
80,2359296,2.3867144371969573e-10,952140,1407156,1.1210463047027588,0.7167937159538269,0.8588671684265137,0.7735206484794617,0.014169135130941868,0.06739030033349991,0.12956602871418,53,2359296,0.4035695393880208,-9.622199539840544,0.032263474381370116,0.032263474381370116
82,2359296,2.592615289120914e-10,992634,1366662,1.1039681434631348,0.7169837355613708,0.8598254323005676,0.8023545145988464,0.013286870904266834,0.06514687091112137,0.12436407059431076,53,2359296,0.42073313395182294,-9.586261922184526,0.03593761765601755,0.03593761765601755
84,2359296,2.751443239912277e-10,984046,1375250,1.2194252014160156,0.7436475157737732,0.851625382900238,0.8127825260162354,0.013261575251817703,0.0652134120464325,0.12653066217899323,53,2359296,0.41709306504991317,-9.560439441910484,0.025822480274042547,0.025822480274042547
86,2359296,2.8634172810626524e-10,938408,1420888,1.1546604633331299,0.729168176651001,0.8412621021270752,0.7960072755813599,0.014414839446544647,0.06815585494041443,0.13221967220306396,53,2359296,0.3977491590711806,-9.543115358350173,0.01732408356031101,0.01732408356031101
88,2359296,3.02034647292615e-10,950382,1408914,1.079360008239746,0.719124972820282,0.8350532054901123,0.7932562232017517,0.014560461044311523,0.07103775441646576,0.13459430634975433,53,2359296,0.40282440185546875,-9.519943234973605,0.023172123376568265,0.023172123376568265
90,2359296,3.209187082742204e-10,993574,1365722,1.1264857053756714,0.702447772026062,0.8370019793510437,0.8171146512031555,0.013598382472991943,0.06917048990726471,0.13446204364299774,53,2359296,0.42113155788845485,-9.493604964539177,0.026338270434427713,0.026338270434427713
92,2359296,3.3562205792314614e-10,980924,1378372,1.1966562271118164,0.7455620169639587,0.836468517780304,0.8073548078536987,0.014140748418867588,0.06962007284164429,0.13577401638031006,53,2359296,0.4157697889539931,-9.47414950398309,0.01945546055608638,0.01945546055608638
94,2359296,3.5006542109528027e-10,955524,1403772,1.147820234298706,0.7254120707511902,0.8363755941390991,0.8039583563804626,0.015070266090333462,0.07313264906406403,0.14109745621681213,53,2359296,0.4050038655598958,-9.455850786033551,0.018298717949539522,0.018298717949539522
96,2359296,3.6544534065541256e-10,957436,1401860,1.0709514617919922,0.731316089630127,0.8344973921775818,0.8001098036766052,0.015537330880761147,0.07357984781265259,0.14108619093894958,53,2359296,0.4058142768012153,-9.437177570900117,0.01867321513343434,0.01867321513343434
98,2359296,3.7779374073565464e-10,959410,1399886,1.1093659400939941,0.7218145728111267,0.8208551406860352,0.804311215877533,0.01612657867372036,0.0770796686410904,0.14549879729747772,53,2359296,0.40665096706814235,-9.422745241719863,0.014432329180253944,0.014432329180253944
0,589824,8.851474817049652e-15,146036,443788,0.12514765560626984,0.007684984710067511,0.10227588564157486,0.008528674952685833,0.7222397327423096,0.9102413058280945,0.9560724496841431,54,589824,0.2475925021701389,-14.052984361896115,,
2,589824,7.431934841845012e-14,183082,406742,0.16499313712120056,0.04660674184560776,0.3161284625530243,0.06079722195863724,0.09352093189954758,0.5473940372467041,0.7605389356613159,54,589824,0.3104010687934028,-13.128898106596655,0.9240862552994606,0.9240862552994606
4,589824,6.5341578447866e-14,85296,504528,0.04946162551641464,0.02744796685874462,0.426736056804657,0.05660262331366539,0.1935729682445526,0.8136957883834839,0.9022228121757507,54,589824,0.14461263020833334,-13.184810378539519,-0.05591227194286397,0.05591227194286397
6,589824,1.379920076859456e-13,91906,497918,0.10251838713884354,0.042351871728897095,0.5732545852661133,0.10724908858537674,0.12123256176710129,0.5815833806991577,0.7874676585197449,54,589824,0.1558193630642361,-12.860146066630705,0.32466431190881373,0.32466431190881373
8,589824,2.411087822451474e-13,134564,455260,0.14659056067466736,0.07170675694942474,0.693911075592041,0.16674886643886566,0.0716833621263504,0.35114890336990356,0.6610162854194641,54,589824,0.2281426323784722,-12.617786970414157,0.24235909621654805,0.24235909621654805
10,589824,4.344587298428515e-13,196732,393092,0.34142377972602844,0.15446002781391144,0.8267837166786194,0.2585146427154541,0.03080332651734352,0.1574781984090805,0.32435497641563416,54,589824,0.3335435655381944,-12.362051471810897,0.2557354986032596,0.2557354986032596
12,589824,8.17682835503597e-13,242064,347760,0.7329608201980591,0.291050523519516,0.9130163788795471,0.38465139269828796,0.015293475240468979,0.07672350853681564,0.15944543480873108,54,589824,0.410400390625,-12.087415118701744,0.2746363531091536,0.2746363531091536
14,589824,1.4988427166073848e-12,255686,334138,1.2661370038986206,0.4029511511325836,0.9552002549171448,0.5042778849601746,0.011357681825757027,0.05655374377965927,0.11504345387220383,54,589824,0.4334954155815972,-11.824243938127937,0.2631711805738064,0.2631711805738064
16,589824,2.8477600052395635e-12,261426,328398,1.7269669771194458,0.5388978719711304,0.9651546478271484,0.6186668276786804,0.007627397309988737,0.0389096736907959,0.07977782934904099,54,589824,0.4432271321614583,-11.545496613627856,0.2787473245000811,0.2787473245000811
18,589824,5.390504882740732e-12,261216,328608,1.7484458684921265,0.588750958442688,0.9745134711265564,0.6937749981880188,0.007886193692684174,0.03876867890357971,0.07831066846847534,54,589824,0.44287109375,-11.268370556238212,0.27712605738964413,0.27712605738964413
20,589824,9.279104394577242e-12,259588,330236,1.676133155822754,0.6725168228149414,0.9308865070343018,0.7265288829803467,0.0069841439835727215,0.035914599895477295,0.07207189500331879,54,589824,0.4401109483506944,-11.032493939218984,0.2358766170192279,0.2358766170192279
22,589824,1.5661968250091363e-11,266096,323728,1.4886035919189453,0.6568086743354797,0.890836238861084,0.7563744783401489,0.007369520608335733,0.03682505339384079,0.07389438152313232,54,589824,0.4511447482638889,-10.80515366076851,0.22734027845047322,0.22734027845047322
24,589824,2.5145271281834525e-11,271452,318372,1.5273492336273193,0.7111961841583252,0.8410701751708984,0.769011914730072,0.007467250339686871,0.03751307725906372,0.0752619281411171,54,589824,0.4602254231770833,-10.599543674595918,0.2056099861725933,0.2056099861725933
26,589824,3.7478232323140404e-11,266582,323242,1.556198000907898,0.7042530179023743,0.812207043170929,0.7449146509170532,0.0076824394054710865,0.03916243463754654,0.07873000204563141,54,589824,0.4519687228732639,-10.42622090098623,0.17332277360968718,0.17332277360968718
28,589824,5.5502869661383514e-11,269232,320592,1.5221742391586304,0.7200348377227783,0.801711916923523,0.7540836930274963,0.008019106462597847,0.039579249918460846,0.07928106933832169,54,589824,0.4564615885416667,-10.25568456199651,0.1705363389897201,0.1705363389897201
30,589824,8.099675791184424e-11,275866,313958,1.4261778593063354,0.6961681842803955,0.8108936548233032,0.7783608436584473,0.00817063357681036,0.042045775800943375,0.08474404364824295,54,589824,0.4677090115017361,-10.0915323644445,0.16415219755200994,0.16415219755200994
32,589824,1.110628672362779e-10,270264,319560,1.5165324211120605,0.7497302293777466,0.7994078397750854,0.7538383603096008,0.008439895696938038,0.043553709983825684,0.0869964212179184,54,589824,0.4582112630208333,-9.954431118826534,0.13710124561796633,0.13710124561796633
34,589824,1.4651589663738918e-10,264950,324874,1.5245211124420166,0.7129197716712952,0.7994921803474426,0.7326459884643555,0.0091300243511796,0.0457293838262558,0.09000565856695175,54,589824,0.4492017957899306,-9.834115252802288,0.12031586602424582,0.12031586602424582
36,589824,2.0119747534685928e-10,274682,315142,1.4035735130310059,0.7091336846351624,0.8215404748916626,0.7567555904388428,0.009075948968529701,0.043927159160375595,0.08666020631790161,54,589824,0.4657016330295139,-9.696377473167834,0.13773777963445433,0.13773777963445433
38,589824,2.6147806142517993e-10,276936,312888,1.4200953245162964,0.7246665954589844,0.8351364731788635,0.748869776725769,0.009532888419926167,0.049285758286714554,0.09850290417671204,54,589824,0.4695231119791667,-9.582564743514396,0.11381272965343747,0.11381272965343747
40,589824,3.2871874666717815e-10,269808,320016,1.4607728719711304,0.7421190738677979,0.8359078764915466,0.7502933144569397,0.010040473192930222,0.05030985176563263,0.09766203910112381,54,589824,0.4574381510416667,-9.483175527613081,0.099389215901315,0.099389215901315
42,589824,4.10509487513977e-10,267704,322120,1.3016084432601929,0.7034459114074707,0.8430852293968201,0.7472589015960693,0.010343514382839203,0.04981621727347374,0.09883677959442139,54,589824,0.4538709852430556,-9.386676801206288,0.09649872640679291,0.09649872640679291
44,589824,5.078515941114858e-10,268316,321508,1.258050560951233,0.7289440035820007,0.816862940788269,0.7054978013038635,0.010290105827152729,0.04962059482932091,0.09540243446826935,54,589824,0.4549085828993056,-9.294263179989118,0.09241362121717067,0.09241362121717067
46,589824,6.381778439035202e-10,278048,311776,1.1759884357452393,0.6996989250183105,0.8215651512145996,0.737308919429779,0.009847220964729786,0.05056680738925934,0.09788597375154495,54,589824,0.4714084201388889,-9.195058277606424,0.0992049023826933,0.0992049023826933
48,589824,7.664455181632945e-10,279019,310805,1.275048851966858,0.7487361431121826,0.8136039972305298,0.7536442875862122,0.010988499037921429,0.05536540597677231,0.10642644017934799,54,589824,0.4730546739366319,-9.115518711001371,0.07953956660505312,0.07953956660505312
50,589824,8.830965403383573e-10,263589,326235,1.2681269645690918,0.7321844100952148,0.8024256825447083,0.7358391284942627,0.011252366006374359,0.055791404098272324,0.10346031188964844,54,589824,0.4468943277994792,-9.053991816643933,0.06152689435743852,0.06152689435743852
52,589824,1.05897335345162e-09,266570,323254,1.100340485572815,0.7046726942062378,0.7889089584350586,0.7141846418380737,0.010878943838179111,0.05702441930770874,0.11074014008045197,54,589824,0.4519483778211806,-8.975114967743808,0.07887684890012459,0.07887684890012459
54,589824,1.2452820996600167e-09,274676,315148,1.1280457973480225,0.7072486281394958,0.772679328918457,0.7313946485519409,0.012294485233724117,0.06010717898607254,0.10888100415468216,54,589824,0.4656914605034722,-8.904732254634295,0.07038271310951316,0.07038271310951316
56,589824,1.467119314924048e-09,275484,314340,1.111994743347168,0.7321355938911438,0.7702783346176147,0.730473518371582,0.010610416531562805,0.05400313436985016,0.1028226688504219,54,589824,0.4670613606770833,-8.833534565293732,0.07119768934056303,0.07119768934056303
58,589824,1.6794836632527677e-09,273918,315906,1.12498939037323,0.7337779402732849,0.7676189541816711,0.7336804270744324,0.01178819965571165,0.05985002964735031,0.11368365585803986,54,589824,0.4644063313802083,-8.774824216290124,0.05871034900360783,0.05871034900360783
60,589824,1.893415646492258e-09,268706,321118,1.1036423444747925,0.7322484850883484,0.754283607006073,0.7427762746810913,0.012537866830825806,0.06054944917559624,0.11511838436126709,54,589824,0.4555697970920139,-8.722754038353546,0.05207017793657798,0.05207017793657798
62,589824,2.1167299024682507e-09,266708,323116,1.0884058475494385,0.7111918926239014,0.7452018857002258,0.7249795198440552,0.011428228579461575,0.05646999552845955,0.1091155856847763,54,589824,0.4521823459201389,-8.67433455499487,0.04841948335867663,0.04841948335867663
64,589824,2.3930837311780806e-09,268692,321132,1.0347819328308105,0.7163949608802795,0.7292277216911316,0.706065833568573,0.012114242650568485,0.057296086102724075,0.1033971980214119,54,589824,0.4555460611979167,-8.621042105668874,0.05329244932599586,0.05329244932599586
66,589824,2.729824588598717e-09,276088,313736,1.0025581121444702,0.6988747119903564,0.727191686630249,0.7370237112045288,0.013597114011645317,0.06672510504722595,0.12088175117969513,54,589824,0.4680853949652778,-8.56386525869227,0.05717684697660452,0.05717684697660452
68,589824,3.03056046924155e-09,274616,315208,1.1056427955627441,0.7496178150177002,0.7156436443328857,0.7347067594528198,0.013415096327662468,0.06354327499866486,0.11277566105127335,54,589824,0.4655897352430556,-8.51847704602258,0.045388212669688954,0.045388212669688954
70,589824,3.3567513213483835e-09,270056,319768,1.0405222177505493,0.7228705286979675,0.7298625707626343,0.7641187906265259,0.013123204000294209,0.0618390254676342,0.11539458483457565,54,589824,0.4578586154513889,-8.474080831455755,0.04439621456682552,0.04439621456682552
72,589824,3.6412179937883593e-09,267500,322324,1.035246729850769,0.7338979840278625,0.7166239023208618,0.7233715653419495,0.014444859698414803,0.06662429869174957,0.12405981123447418,54,589824,0.4535251193576389,-8.43875331978472,0.03532751167103498,0.03532751167103498
74,589824,3.914642388025413e-09,262856,326968,1.0184980630874634,0.717293918132782,0.700989305973053,0.7039796710014343,0.013459840789437294,0.061151351779699326,0.11305049061775208,54,589824,0.4456515842013889,-8.407307905636927,0.031445414147793116,0.031445414147793116
76,589824,4.308061019031584e-09,271440,318384,0.9652515053749084,0.7069962620735168,0.6937561631202698,0.6961528062820435,0.01324786338955164,0.06730400770902634,0.12190170586109161,54,589824,0.460205078125,-8.365718154018198,0.04158975161872824,0.04158975161872824
78,589824,4.776830042629854e-09,281788,308036,0.9987796545028687,0.7047890424728394,0.7052953839302063,0.7465718388557434,0.012761366553604603,0.06279898434877396,0.11868851631879807,54,589824,0.4777492947048611,-8.320860210435526,0.04485794358267192,0.04485794358267192
80,589824,5.1413140411682434e-09,275484,314340,1.072508454322815,0.7527107000350952,0.7065716981887817,0.7595998644828796,0.0140298530459404,0.06764095276594162,0.12518693506717682,54,589824,0.4670613606770833,-8.288925867795871,0.031934342639655,0.031934342639655
82,589824,5.426828764143465e-09,264286,325538,1.0339258909225464,0.7298482656478882,0.708852231502533,0.7414765357971191,0.014756741002202034,0.06615938991308212,0.12289716303348541,54,589824,0.4480760362413194,-8.265453881748487,0.023471986047384874,0.023471986047384874
84,589824,5.813456382952609e-09,267750,322074,0.9338576793670654,0.7129722237586975,0.7064014077186584,0.7305046916007996,0.015846872702240944,0.0718282014131546,0.13275443017482758,54,589824,0.453948974609375,-8.235565581599303,0.029888300149183422,0.029888300149183422
86,589824,6.180028933044923e-09,271278,318546,0.9997565150260925,0.7210707664489746,0.6978643536567688,0.7187482118606567,0.013900869525969028,0.07083877176046371,0.12908528745174408,54,589824,0.459930419921875,-8.209009491669706,0.02655608992959735,0.02655608992959735
88,589824,6.49822773368669e-09,267854,321970,0.9903412461280823,0.735384464263916,0.6868316531181335,0.7030481100082397,0.013932962901890278,0.07080722600221634,0.1336997002363205,54,589824,0.4541252983940972,-8.18720507265395,0.021804419015756693,0.021804419015756693
90,589824,6.856939016586239e-09,268110,321714,0.9599050283432007,0.7150701284408569,0.6840205788612366,0.7264934778213501,0.01508336141705513,0.0702398270368576,0.12955503165721893,54,589824,0.454559326171875,-8.163869712993113,0.023335359660835664,0.023335359660835664
92,589824,7.36948013724259e-09,277704,312120,0.9350600242614746,0.71871018409729,0.6882432699203491,0.707019031047821,0.015037594363093376,0.0729517787694931,0.13751693069934845,54,589824,0.4708251953125,-8.13256314734991,0.03130656564320411,0.03130656564320411
94,589824,7.767086529497647e-09,281479,308345,1.023436427116394,0.7391665577888489,0.7013269662857056,0.741847813129425,0.015688559040427208,0.07169628888368607,0.13500474393367767,54,589824,0.4772254096137153,-8.109741856545734,0.02282129080417583,0.02282129080417583
96,589824,8.029987341728884e-09,271729,318095,1.0187139511108398,0.7415406703948975,0.7071132063865662,0.7668549418449402,0.016417091712355614,0.07545017451047897,0.1369599848985672,54,589824,0.4606950547960069,-8.095285139331734,0.014456717213999326,0.014456717213999326
98,589824,8.181511468308145e-09,262918,326906,0.9866354465484619,0.727651834487915,0.7053089141845703,0.7470123171806335,0.01554477121680975,0.07339170575141907,0.13781863451004028,54,589824,0.4457567003038194,-8.08716645651111,0.008118682820624556,0.008118682820624556
0,589824,1.9944906932078087e-14,153706,436118,0.06917805224657059,0.017488185316324234,0.06940179318189621,0.019024163484573364,0.25202009081840515,0.8132864236831665,0.8909671902656555,55,589824,0.2605963812934028,-13.700167985876039,,
2,589824,1.9682595397280123e-13,189894,399930,0.4436023235321045,0.11617831140756607,0.2610430419445038,0.14564505219459534,0.037436675280332565,0.18888431787490845,0.4122141897678375,55,589824,0.3219502766927083,-12.70591763494948,0.9942503509265599,0.9942503509265599
4,589824,1.8141433179904437e-13,87300,502524,0.14058677852153778,0.07263501733541489,0.308968186378479,0.1415039598941803,0.07611683756113052,0.34757158160209656,0.6963459253311157,55,589824,0.14801025390625,-12.74132840649656,-0.035410771547081055,0.035410771547081055
6,589824,3.7800020275327584e-13,89540,500284,0.25662392377853394,0.09695950895547867,0.44603848457336426,0.24119235575199127,0.055182039737701416,0.2635135054588318,0.5152668952941895,55,589824,0.15180799696180555,-12.422507967214084,0.31882043928247583,0.31882043928247583
8,589824,5.76497671215398e-13,101846,487978,0.18352696299552917,0.10138725489377975,0.5081533193588257,0.3080121874809265,0.05241246521472931,0.25244978070259094,0.4938828945159912,55,589824,0.1726718478732639,-12.239202442715067,0.18330552449901738,0.18330552449901738
10,589824,8.372990343598341e-13,138192,451632,0.22302775084972382,0.1713024228811264,0.5685523748397827,0.3738839626312256,0.03334491327404976,0.1591264307498932,0.30987322330474854,55,589824,0.23429361979166666,-12.077119409654525,0.16208303306054184,0.16208303306054184
12,589824,1.1138687628503563e-12,166416,423408,0.32137352228164673,0.2751217782497406,0.5859544277191162,0.41752952337265015,0.024240456521511078,0.11473055183887482,0.21661978960037231,55,589824,0.2821451822916667,-11.953165975165357,0.1239534344891684,0.1239534344891684
14,589824,1.4275101283336977e-12,186860,402964,0.37748390436172485,0.31384241580963135,0.6010578274726868,0.44805169105529785,0.021797066554427147,0.10230118781328201,0.19434870779514313,55,589824,0.3168063693576389,-11.845420801706402,0.10774517345895518,0.10774517345895518
16,589824,1.864577069132789e-12,207436,382388,0.45031026005744934,0.37067142128944397,0.6180212497711182,0.48061516880989075,0.016954626888036728,0.08188067376613617,0.15946604311466217,55,589824,0.3516913519965278,-11.729419661105378,0.11600114060102307,0.11600114060102307
18,589824,2.3921420400085935e-12,220898,368926,0.5249188542366028,0.4268408417701721,0.627660870552063,0.5015037059783936,0.01400646474212408,0.06907260417938232,0.1344919353723526,55,589824,0.3745151095920139,-11.621213036489445,0.10820662461593322,0.10820662461593322
20,589824,2.9701085341171662e-12,230438,359386,0.5606815218925476,0.46261364221572876,0.6284835338592529,0.5162448287010193,0.013001328334212303,0.064238540828228,0.12536561489105225,55,589824,0.3906894259982639,-11.527227680343746,0.09398535614569958,0.09398535614569958
22,589824,3.721024790376282e-12,240980,348844,0.622839093208313,0.4991998076438904,0.6301779747009277,0.5351678133010864,0.011644119396805763,0.05818739905953407,0.11413810402154922,55,589824,0.4085625542534722,-11.429337436592881,0.09789024375086441,0.09789024375086441
24,589824,4.400761439288248e-12,249298,340526,0.6493887901306152,0.5254736542701721,0.6151708960533142,0.5459821820259094,0.011247583664953709,0.056566838175058365,0.11146098375320435,55,589824,0.4226650661892361,-11.356472173452241,0.07286526314064012,0.07286526314064012
26,589824,5.082945783024817e-12,256660,333164,0.6957427263259888,0.5470749139785767,0.6053541302680969,0.5533868670463562,0.011283410713076591,0.05503779649734497,0.10854048281908035,55,589824,0.4351467556423611,-11.293884522651954,0.06258765080028716,0.06258765080028716
28,589824,5.918734686388705e-12,262594,327230,0.7530612945556641,0.5723316073417664,0.604874312877655,0.5631778240203857,0.010834215208888054,0.05137588828802109,0.10339916497468948,55,589824,0.4452073838975694,-11.227771127306378,0.06611339534557636,0.06611339534557636
30,589824,6.8535463762509075e-12,265698,324126,0.808922290802002,0.5893268585205078,0.6017370820045471,0.5719693899154663,0.01040278747677803,0.05188221111893654,0.10301921516656876,55,589824,0.450469970703125,-11.164084644115473,0.06368648319090475,0.06368648319090475
32,589824,8.125788236723608e-12,267374,322450,0.8629831075668335,0.6103835105895996,0.6074827313423157,0.5874407887458801,0.009832669049501419,0.04975427687168121,0.09853987395763397,55,589824,0.4533114963107639,-11.09013449985612,0.07395014425935287,0.07395014425935287
34,589824,9.485232911610186e-12,269266,320558,0.9000558853149414,0.6219387054443359,0.6167516708374023,0.6032302975654602,0.009689303115010262,0.049348972737789154,0.09949269145727158,55,589824,0.4565192328559028,-11.022952000464812,0.06718249939130772,0.06718249939130772
36,589824,1.1133499504267785e-11,269476,320348,0.9428712725639343,0.6388682723045349,0.6257929801940918,0.6151882410049438,0.009496207349002361,0.04761091619729996,0.09619037806987762,55,589824,0.4568752712673611,-10.953368305879835,0.0695836945849777,0.0695836945849777
38,589824,1.3006329520337534e-11,268448,321376,0.9679806232452393,0.6469025015830994,0.6362748742103577,0.626002848148346,0.008981254883110523,0.047238197177648544,0.0959738940000534,55,589824,0.4551323784722222,-10.885845247171778,0.06752305870805664,0.06752305870805664
40,589824,1.510940678128847e-11,268410,321414,0.9837366342544556,0.6572668552398682,0.6428928375244141,0.6346965432167053,0.009895309805870056,0.0486755333840847,0.09748146682977676,55,589824,0.4550679524739583,-10.820752586400248,0.06509266077152986,0.06509266077152986
42,589824,1.7391419901424676e-11,268820,321004,1.0016850233078003,0.6631302833557129,0.6506889462471008,0.6459329128265381,0.009843017905950546,0.04808050021529198,0.09773082286119461,55,589824,0.4557630750868056,-10.759664959102528,0.061087627297720104,0.061087627297720104
44,589824,2.026852817527125e-11,267508,322316,1.0570707321166992,0.6753749251365662,0.6587744951248169,0.6543827056884766,0.009603451006114483,0.04805837571620941,0.09599713236093521,55,589824,0.4535386827256944,-10.69317778700338,0.06648717209914778,0.06648717209914778
46,589824,2.3419311628858352e-11,266508,323316,1.0282503366470337,0.6776607632637024,0.6694897413253784,0.6648240089416504,0.009601962752640247,0.048174913972616196,0.09668377786874771,55,589824,0.45184326171875,-10.630425874429408,0.06275191257397239,0.06275191257397239
48,589824,2.6812900857930977e-11,265872,323952,1.0514789819717407,0.6863095760345459,0.6735270619392395,0.6713981628417969,0.00997848529368639,0.0497269332408905,0.09963817149400711,55,589824,0.4507649739583333,-10.571656197638152,0.058769676791255776,0.058769676791255776
50,589824,3.048984675846356e-11,264694,325130,1.0527158975601196,0.6873477101325989,0.6775805354118347,0.6772212386131287,0.009826441295444965,0.04909820482134819,0.09959425032138824,55,589824,0.4487677680121528,-10.515844758387027,0.05581143925112464,0.05581143925112464
52,589824,3.451115782038272e-11,263660,326164,1.0616726875305176,0.6926359534263611,0.6810057759284973,0.6813213229179382,0.010092543438076973,0.05063718557357788,0.10112645477056503,55,589824,0.4470147026909722,-10.462040470248695,0.05380428813833227,0.05380428813833227
54,589824,3.9225001718934394e-11,263078,326746,1.0485637187957764,0.6934297680854797,0.6841267347335815,0.6892849206924438,0.009776568040251732,0.04984453320503235,0.10087122023105621,55,589824,0.4460279676649306,-10.406437028709192,0.05560344153950325,0.05560344153950325
56,589824,4.4158524059589865e-11,262458,327366,1.0608501434326172,0.6996425986289978,0.6861119270324707,0.6950883865356445,0.010401664301753044,0.05120057240128517,0.10233256220817566,55,589824,0.444976806640625,-10.35498545075639,0.0514515779528022,0.0514515779528022
58,589824,4.955495735980975e-11,260368,329456,1.0558393001556396,0.7018865942955017,0.6865214109420776,0.6978795528411865,0.010343053378164768,0.051842011511325836,0.10349198430776596,55,589824,0.4414333767361111,-10.304912893220717,0.05007255753567286,0.05007255753567286
60,589824,5.497328287029646e-11,259408,330416,1.0542634725570679,0.703725278377533,0.687225878238678,0.7011603116989136,0.010377474129199982,0.05138622969388962,0.10393664985895157,55,589824,0.4398057725694444,-10.259848327253241,0.045064565967475545,0.045064565967475545
62,589824,6.11799846894634e-11,260044,329780,1.0454473495483398,0.7010316848754883,0.6887566447257996,0.7057852149009705,0.010667425580322742,0.052560336887836456,0.10543216019868851,55,589824,0.4408840603298611,-10.213390636035262,0.04645769121797905,0.04645769121797905
64,589824,6.749303199660162e-11,259750,330074,1.058924913406372,0.7068526148796082,0.6906507015228271,0.7110560536384583,0.010583252646028996,0.05320500582456589,0.10757651180028915,55,589824,0.4403856065538194,-10.170741061563517,0.042649574471745666,0.042649574471745666
66,589824,7.423765768788115e-11,257934,331890,1.0501174926757812,0.7084732055664062,0.6923838257789612,0.7169104814529419,0.011274201795458794,0.05362999811768532,0.1080043762922287,55,589824,0.4373067220052083,-10.12937573923095,0.041365322332566734,0.041365322332566734
68,589824,8.080976859892175e-11,256926,332898,1.0527626276016235,0.7082853317260742,0.6934980750083923,0.7203717827796936,0.010964246466755867,0.055144280195236206,0.11078675836324692,55,589824,0.4355977376302083,-10.092536136847004,0.0368396023839459,0.0368396023839459
70,589824,8.77730388371134e-11,256976,332848,1.0386792421340942,0.7063919901847839,0.6945987343788147,0.7230925559997559,0.01088817697018385,0.05560830608010292,0.1119987890124321,55,589824,0.4356825086805556,-10.056638865442617,0.035897271404387254,0.035897271404387254
72,589824,9.470543793632658e-11,257106,332718,1.0509400367736816,0.7102069854736328,0.6961079835891724,0.7269193530082703,0.011380519717931747,0.056817032396793365,0.11409690976142883,55,589824,0.4359029134114583,-10.023625083320534,0.03301378212208306,0.03301378212208306
74,589824,1.0223264595987658e-10,256884,332940,1.0358449220657349,0.7108411192893982,0.6997882723808289,0.7329658269882202,0.011102288030087948,0.05692063644528389,0.1151220053434372,55,589824,0.4355265299479167,-9.990410398758398,0.03321468456213594,0.03321468456213594
76,589824,1.0938563249629496e-10,255660,334164,1.0545415878295898,0.7147165536880493,0.7001707553863525,0.7371354103088379,0.012258468195796013,0.05976687744259834,0.11860673874616623,55,589824,0.4334513346354167,-9.961039717649255,0.029370681109142538,0.029370681109142538
78,589824,1.166580859690569e-10,254672,335152,1.0391331911087036,0.7131214737892151,0.7034764289855957,0.739906370639801,0.01176415104418993,0.06071731448173523,0.1212971955537796,55,589824,0.4317762586805556,-9.933085153397997,0.027954564251258418,0.027954564251258418
80,589824,1.2404263727283649e-10,253958,335866,1.0440616607666016,0.7146026492118835,0.7037668228149414,0.7398622035980225,0.012127989903092384,0.06009655445814133,0.1209806427359581,55,589824,0.4305657280815972,-9.906429008793431,0.026656144604565668,0.026656144604565668
82,589824,1.3155986022805877e-10,253940,335884,1.023872971534729,0.7126636505126953,0.7039992213249207,0.7413756847381592,0.01210915856063366,0.06152240186929703,0.12315507233142853,55,589824,0.4305352105034722,-9.880876596592659,0.025552412200772423,0.025552412200772423
84,589824,1.3949845445448972e-10,254708,335116,1.033974289894104,0.7165037393569946,0.7044687867164612,0.7474365234375,0.012461328878998756,0.0630800798535347,0.12548094987869263,55,589824,0.4318372938368056,-9.855430604043466,0.025445992549192553,0.025445992549192553
86,589824,1.4738479880982425e-10,255446,334378,1.0183607339859009,0.7168862223625183,0.7081219553947449,0.7542534470558167,0.012597573921084404,0.06390391290187836,0.1275925189256668,55,589824,0.4330885145399306,-9.83154730707027,0.02388329697319591,0.02388329697319591
88,589824,1.5481026183206126e-10,253832,335992,1.0413997173309326,0.7219817638397217,0.7069076895713806,0.755690336227417,0.012898295186460018,0.06461360305547714,0.1272967904806137,55,589824,0.4303521050347222,-9.810200254833184,0.021347052237086217,0.021347052237086217
90,589824,1.6216090970022634e-10,252532,337292,1.0080615282058716,0.7177790999412537,0.7075775861740112,0.7528329491615295,0.012766698375344276,0.06568276137113571,0.131686270236969,55,589824,0.4281480577256944,-9.790053827976369,0.020146426856815225,0.020146426856815225
92,589824,1.69121147641782e-10,253528,336296,1.0148721933364868,0.7190306782722473,0.7068185210227966,0.753700852394104,0.013256918638944626,0.06644631177186966,0.13125966489315033,55,589824,0.4298366970486111,-9.771802082941084,0.018251745035284372,0.018251745035284372
94,589824,1.7655384099146687e-10,254336,335488,1.0013973712921143,0.7174109220504761,0.7060570120811462,0.7581065893173218,0.013434982858598232,0.06763100624084473,0.13407853245735168,55,589824,0.4312065972222222,-9.75312282976753,0.01867925317355379,0.01867925317355379
96,589824,1.8389130496121453e-10,254742,335082,1.0043305158615112,0.7232731580734253,0.7060233354568481,0.762070894241333,0.013358614407479763,0.06810812652111053,0.135737344622612,55,589824,0.4318949381510417,-9.735438805273285,0.017684024494245776,0.017684024494245776
98,589824,1.9061191514069264e-10,254196,335628,0.9930043816566467,0.7235247492790222,0.7044988870620728,0.7640580534934998,0.013517128303647041,0.06974145770072937,0.1385663002729416,55,589824,0.43096923828125,-9.719849955124156,0.01558885014912903,0.01558885014912903
0,589824,1.4661591439622118e-14,156657,433167,0.054088711738586426,0.012979339808225632,0.14496582746505737,0.014049028046429157,0.34963008761405945,0.8452990055084229,0.9128925204277039,56,589824,0.2655995686848958,-13.833818886725297,,
2,589824,1.1227138468038189e-13,176360,413464,0.2052566111087799,0.06595209985971451,0.3086543679237366,0.08869373798370361,0.06957927346229553,0.3589816391468048,0.720151960849762,56,589824,0.2990044487847222,-12.949730921022676,0.884087965702621,0.884087965702621
4,589824,9.951740630566655e-14,83714,506110,0.06950952112674713,0.03977877274155617,0.4418884813785553,0.08364565670490265,0.13589124381542206,0.6288554072380066,0.8626992106437683,56,589824,0.1419304741753472,-13.002100951401403,-0.052370030378726895,0.052370030378726895
6,589824,1.9375371803926483e-13,84182,505642,0.11362066119909286,0.050758279860019684,0.5320743322372437,0.14285971224308014,0.10605592280626297,0.4932645857334137,0.7682521343231201,56,589824,0.1427239312065972,-12.71274995484259,0.289350996558813,0.289350996558813
8,589824,3.3746955425441316e-13,134104,455720,0.18333594501018524,0.09105716645717621,0.6365717053413391,0.21599164605140686,0.05576269328594208,0.279342919588089,0.5454199910163879,56,589824,0.2273627387152778,-12.47176540213884,0.24098455270374863,0.24098455270374863
10,589824,6.147048473535699e-13,195420,394404,0.42188891768455505,0.19438792765140533,0.7144278883934021,0.32390275597572327,0.024613654240965843,0.1257394403219223,0.25506603717803955,56,589824,0.3313191731770833,-12.211333362166915,0.260432039971926,0.260432039971926
12,589824,1.13918499199811e-12,238426,351398,0.8420721292495728,0.3409583568572998,0.76152104139328,0.45230942964553833,0.013677199371159077,0.06728293001651764,0.13736337423324585,56,589824,0.4042324490017361,-11.943405745209448,0.2679276169574667,0.2679276169574667
14,589824,2.057533830812641e-12,253308,336516,1.3324648141860962,0.4460309147834778,0.8002185225486755,0.5615425705909729,0.010066796094179153,0.051573578268289566,0.10336428135633469,56,589824,0.4294637044270833,-11.686653015209517,0.25675272999993126,0.25675272999993126
16,589824,3.773178384319786e-12,260520,329304,1.7428321838378906,0.5672391653060913,0.8413878083229065,0.6530604958534241,0.007999385707080364,0.03832719102501869,0.07643943279981613,56,589824,0.4416910807291667,-11.423292662200433,0.2633603530090838,0.2633603530090838
18,589824,6.9334945770882506e-12,262976,326848,1.7698912620544434,0.6048080325126648,0.8730722665786743,0.7111988067626953,0.007240204140543938,0.0376041904091835,0.07578258216381073,56,589824,0.4458550347222222,-11.159047819786892,0.2642448424135413,0.2642448424135413
20,589824,1.1726048951277157e-11,261546,328278,1.6800891160964966,0.6759829521179199,0.8703961968421936,0.7354483604431152,0.007168911397457123,0.036609239876270294,0.07254555821418762,56,589824,0.4434305826822917,-10.930848297152314,0.22819952263457743,0.22819952263457743
22,589824,1.944940909714976e-11,265370,324454,1.5134729146957397,0.6687268614768982,0.8448713421821594,0.7580705881118774,0.006677469238638878,0.03481177240610123,0.07049402594566345,56,589824,0.4499138726128472,-10.711093588669662,0.2197547084826521,0.2197547084826521
24,589824,3.1017518414833134e-11,271070,318754,1.4995900392532349,0.7078350782394409,0.8135391473770142,0.7711977958679199,0.007330209948122501,0.03762127831578255,0.07517984509468079,56,589824,0.4595777723524306,-10.508392951263096,0.20270063740656674,0.20270063740656674
26,589824,4.606401024509488e-11,267364,322460,1.5113756656646729,0.7036404609680176,0.7890499830245972,0.7461639642715454,0.007772176060825586,0.03879355639219284,0.07809577882289886,56,589824,0.4532945421006944,-10.336638255874563,0.1717546953885325,0.1717546953885325
28,589824,6.735658558687518e-11,268364,321460,1.4387623071670532,0.7193410992622375,0.7779707908630371,0.749355137348175,0.007974243722856045,0.03936071693897247,0.0787736028432846,56,589824,0.4549899631076389,-10.171619936032794,0.16501831984176896,0.16501831984176896
30,589824,9.848583754079598e-11,275680,314144,1.3694829940795898,0.6975418329238892,0.7761892080307007,0.7725536823272705,0.00813987199217081,0.04075377434492111,0.08273722976446152,56,589824,0.4673936631944444,-10.006626217422196,0.16499371861059764,0.16499371861059764
32,589824,1.3532248932524027e-10,271778,318046,1.437087893486023,0.7436708807945251,0.7680701017379761,0.7606596946716309,0.008790262043476105,0.04327061027288437,0.08689812570810318,56,589824,0.4607781304253472,-9.868630021745188,0.13799619567700816,0.13799619567700816
34,589824,1.7805185104080579e-10,265696,324128,1.3589003086090088,0.7165500521659851,0.761703372001648,0.7293383479118347,0.009796910919249058,0.04792695492506027,0.09394194930791855,56,589824,0.4504665798611111,-9.749453507007257,0.11917651473793178,0.11917651473793178
36,589824,2.425636635994266e-10,273152,316672,1.2572407722473145,0.7179923057556152,0.7608335018157959,0.7512874007225037,0.00828110333532095,0.04300902038812637,0.08437792956829071,56,589824,0.4631076388888889,-9.615174256561732,0.13427925044552502,0.13427925044552502
38,589824,3.177659246844655e-10,277228,312596,1.2920418977737427,0.7166673541069031,0.7577479481697083,0.7463906407356262,0.00987634714692831,0.04923384264111519,0.09837751090526581,56,589824,0.4700181749131944,-9.497892675772253,0.11728158078947892,0.11728158078947892
40,589824,3.9892855685508266e-10,271574,318250,1.3340210914611816,0.7447057366371155,0.757420003414154,0.7456352710723877,0.009798434562981129,0.04948190972208977,0.09810953587293625,56,589824,0.4604322645399306,-9.399104874092071,0.09878780168018153,0.09878780168018153
42,589824,4.99504715367749e-10,268318,321506,1.2204889059066772,0.7086096405982971,0.7582828998565674,0.7481658458709717,0.01061799842864275,0.05097682401537895,0.09842053055763245,56,589824,0.4549119737413194,-9.301460407641146,0.09764446645092484,0.09764446645092484
44,589824,6.15851925012123e-10,268034,321790,1.2020429372787476,0.7325996160507202,0.7378270626068115,0.7059818506240845,0.010371819138526917,0.05051971226930618,0.09659595787525177,56,589824,0.4544304741753472,-9.210523696732695,0.09093671090845135,0.09093671090845135
46,589824,7.705593385587406e-10,276244,313580,1.111027717590332,0.7013747096061707,0.742641031742096,0.7273873686790466,0.010215606540441513,0.051204729825258255,0.09931075572967529,56,589824,0.4683498806423611,-9.113193911888654,0.09732978484404065,0.09732978484404065
48,589824,9.398142264416265e-10,280434,309390,1.2085530757904053,0.7456789612770081,0.7417140603065491,0.7541890740394592,0.010458788834512234,0.052746813744306564,0.10532246530056,56,589824,0.4754536946614583,-9.026957985128846,0.08623592675980873,0.08623592675980873
50,589824,1.07969844176381e-09,266302,323522,1.201166033744812,0.7378945350646973,0.7382520437240601,0.7330499887466431,0.011930064298212528,0.0570104606449604,0.10504239797592163,56,589824,0.4514940049913194,-8.966697525406964,0.06026045972188143,0.06026045972188143
52,589824,1.2821922412697973e-09,264962,324862,1.086199164390564,0.7160296440124512,0.7230263352394104,0.7147649526596069,0.010643035173416138,0.05521923676133156,0.10822683572769165,56,589824,0.4492221408420139,-8.89204685542289,0.07465066998407366,0.07465066998407366
54,589824,1.5173967637949204e-09,274100,315724,1.0775275230407715,0.7045087814331055,0.7125210165977478,0.7170299291610718,0.012094126082956791,0.05980299413204193,0.11125867068767548,56,589824,0.4647148980034722,-8.818900846505976,0.0731460089169147,0.0731460089169147
56,589824,1.7860433132455e-09,276150,313674,1.0858948230743408,0.734950602054596,0.7137687802314758,0.7256148457527161,0.010997646488249302,0.054321929812431335,0.10325548052787781,56,589824,0.4681905110677083,-8.748108013266384,0.07079283323959196,0.07079283323959196
58,589824,2.054829417730275e-09,275434,314390,1.0979982614517212,0.7319746613502502,0.7162134051322937,0.7286155819892883,0.012028289958834648,0.060558971017599106,0.11718959361314774,56,589824,0.4669765896267361,-8.68722422537593,0.06088378789045379,0.06088378789045379
60,589824,2.3210573463217088e-09,270722,319102,1.113307237625122,0.7405365109443665,0.711434543132782,0.740291953086853,0.0126254977658391,0.06085947901010513,0.11722726374864578,56,589824,0.4589877658420139,-8.634314129305647,0.052910096070283075,0.052910096070283075
62,589824,2.5975861461802197e-09,266672,323152,1.0616346597671509,0.7129618525505066,0.7094259262084961,0.7273067235946655,0.011838513426482677,0.059023819863796234,0.11362648010253906,56,589824,0.4521213107638889,-8.585430040617629,0.04888408868801797,0.04888408868801797
64,589824,2.9246431942908657e-09,268216,321608,1.0396320819854736,0.723609209060669,0.6947845816612244,0.7023829817771912,0.012553314678370953,0.05937378481030464,0.10671622306108475,56,589824,0.4547390407986111,-8.53392711016391,0.051502930453718676,0.051502930453718676
66,589824,3.3384828235227815e-09,276046,313778,0.9939446449279785,0.6969931721687317,0.6986668705940247,0.7304892539978027,0.012737007811665535,0.06532244384288788,0.12191084027290344,56,589824,0.4680141872829861,-8.47645085386766,0.05747625629624942,0.05747625629624942
68,589824,3.714736962479037e-09,275352,314472,1.104007601737976,0.7493563890457153,0.6900956034660339,0.7259691953659058,0.014181847684085369,0.06594105064868927,0.1171010211110115,56,589824,0.4668375651041667,-8.430071932855832,0.04637892101182928,0.04637892101182928
70,589824,4.103502426744399e-09,270400,319424,1.0322051048278809,0.7273277640342712,0.7056574821472168,0.7526835203170776,0.013835059478878975,0.0650147944688797,0.11839866638183594,56,589824,0.4584418402777778,-8.386845305405986,0.04322662744984562,0.04322662744984562
72,589824,4.496388150698749e-09,271206,318618,1.0244929790496826,0.7340366244316101,0.7039813995361328,0.7400721311569214,0.014085234142839909,0.06863417476415634,0.12803183495998383,56,589824,0.459808349609375,-8.347136205350377,0.03970910005560846,0.03970910005560846
74,589824,4.79920236884368e-09,264150,325674,1.04267156124115,0.7267716526985168,0.687148928642273,0.7001558542251587,0.01359076239168644,0.06305886805057526,0.11736134439706802,56,589824,0.447845458984375,-8.318830936706648,0.028305268643729065,0.028305268643729065
76,589824,5.263600222349396e-09,267534,322290,0.9594846963882446,0.7146668434143066,0.6772496104240417,0.6896572709083557,0.013344098813831806,0.06845485419034958,0.1249934583902359,56,589824,0.453582763671875,-8.278717103402624,0.04011383330402474,0.04011383330402474
78,589824,5.845797623749149e-09,280938,308886,0.9684500098228455,0.6992952227592468,0.6868539452552795,0.7278735041618347,0.01440531387925148,0.06659476459026337,0.12191657721996307,56,589824,0.4763081868489583,-8.233156223602316,0.04556087980030732,0.04556087980030732
80,589824,6.339016422884924e-09,278310,311514,1.0564501285552979,0.7550393342971802,0.6905339956283569,0.755078136920929,0.013581976294517517,0.06587258726358414,0.1237720474600792,56,589824,0.4718526204427083,-8.197978123072785,0.03517810052953152,0.03517810052953152
82,589824,6.667282725913992e-09,266670,323154,1.041763424873352,0.7354753613471985,0.6941134929656982,0.7376433610916138,0.015513556078076363,0.07056286931037903,0.12926088273525238,56,589824,0.452117919921875,-8.176051128240129,0.02192699483265592,0.02192699483265592
84,589824,7.143438285339698e-09,266900,322924,0.9371587038040161,0.720014750957489,0.6903848648071289,0.7240205407142639,0.016103409230709076,0.07069314271211624,0.131581112742424,56,589824,0.4525078667534722,-8.146092702939281,0.02995842530084758,0.02995842530084758
86,589824,7.603806473355235e-09,271610,318214,0.9631760120391846,0.7173441052436829,0.6843873858451843,0.7161331176757812,0.015305032953619957,0.07271087169647217,0.13295166194438934,56,589824,0.4604932996961806,-8.11896894501852,0.02712375792076216,0.02712375792076216
88,589824,8.001343587693555e-09,269710,320114,0.9807833433151245,0.7383682131767273,0.6701194643974304,0.6927258968353271,0.014489637687802315,0.0735456645488739,0.13641689717769623,56,589824,0.4572719997829861,-8.096837080042217,0.02213186497630204,0.02213186497630204
90,589824,8.448852284459463e-09,269344,320480,0.9548419117927551,0.7165254950523376,0.6657854318618774,0.7202139496803284,0.015040245838463306,0.07300329953432083,0.13472361862659454,56,589824,0.4566514756944444,-8.073202282811218,0.023634797230998927,0.023634797230998927
92,589824,9.032958381283152e-09,276452,313372,0.9424492120742798,0.7262102365493774,0.6690449714660645,0.7043019533157349,0.014639069326221943,0.06978064775466919,0.13232314586639404,56,589824,0.4687025282118056,-8.044169990744077,0.029032292067141086,0.029032292067141086
94,589824,9.553735580425382e-09,281076,308748,0.9913764595985413,0.7337015271186829,0.6817783117294312,0.7236455678939819,0.01485363394021988,0.07245015352964401,0.13983406126499176,56,589824,0.4765421549479167,-8.01982678289266,0.02434320785141786,0.02434320785141786
96,589824,9.936333533744346e-09,275418,314406,0.9979209899902344,0.7450779676437378,0.6906170845031738,0.7638025879859924,0.017533348873257637,0.07666891813278198,0.14055362343788147,56,589824,0.466949462890625,-8.002773838923378,0.01705294396928103,0.01705294396928103
98,589824,1.0108072601155982e-08,265128,324696,0.9819765090942383,0.7339828610420227,0.6866576075553894,0.7472609877586365,0.016550496220588684,0.07861485332250595,0.1429196447134018,56,589824,0.4495035807291667,-7.995331647424047,0.00744219149933123,0.00744219149933123
0,589824,1.6908920620552388e-14,153433,436391,0.05116955190896988,0.014867009595036507,0.06300760805606842,0.01618402823805809,0.3008479177951813,0.8336341977119446,0.9079011678695679,57,589824,0.2601335313585069,-13.771884114667165,,
2,589824,1.4299169758414526e-13,184268,405556,0.30415230989456177,0.08495763689279556,0.18908554315567017,0.110271155834198,0.052841510623693466,0.2688475251197815,0.6207262873649597,57,589824,0.3124118381076389,-12.844689177906039,0.9271949367611256,0.9271949367611256
4,589824,1.3455614389628473e-13,86738,503086,0.10577550530433655,0.05574258044362068,0.23174473643302917,0.10925105959177017,0.09947197139263153,0.4481426775455475,0.802105188369751,57,589824,0.1470574273003472,-12.871096467358896,-0.026407289452857086,0.026407289452857086
6,589824,2.9338234315903766e-13,90812,499012,0.20910006761550903,0.08233481645584106,0.38604018092155457,0.2005617916584015,0.06412148475646973,0.308252215385437,0.5981258153915405,57,589824,0.1539645724826389,-12.53256602716399,0.33853044019490675,0.33853044019490675
8,589824,4.553318442776511e-13,101794,488030,0.16337469220161438,0.08888443559408188,0.45402905344963074,0.26519837975502014,0.05912921950221062,0.2902725040912628,0.5536573529243469,57,589824,0.1725836859809028,-12.341671975629763,0.1908940515342259,0.1908940515342259
10,589824,6.824160377408295e-13,136500,453324,0.2191612720489502,0.15284499526023865,0.5217966437339783,0.33513307571411133,0.03553113341331482,0.17308424413204193,0.34016847610473633,57,589824,0.23142496744791666,-12.165950775186813,0.17572120044295048,0.17572120044295048
12,589824,9.319862590007055e-13,164064,425760,0.3097649812698364,0.25152018666267395,0.5616267919540405,0.3864933252334595,0.02563633769750595,0.12251316756010056,0.22980666160583496,57,589824,0.2781575520833333,-12.030590490740613,0.1353602844462003,0.1353602844462003
14,589824,1.2147267783660376e-12,183200,406624,0.3568975627422333,0.2963692247867584,0.5773946642875671,0.42247653007507324,0.022598253563046455,0.10648471862077713,0.202849343419075,57,589824,0.3106011284722222,-11.915521394486719,0.11506909625389383,0.11506909625389383
16,589824,1.6170890581451713e-12,203394,386430,0.430795818567276,0.35314396023750305,0.60150545835495,0.4608362019062042,0.01782255247235298,0.087077297270298,0.16934619843959808,57,589824,0.3448384602864583,-11.791266061481384,0.12425533300533509,0.12425533300533509
18,589824,2.0493964598272685e-12,217306,372518,0.4859274625778198,0.4042312800884247,0.608619749546051,0.483243852853775,0.015241180546581745,0.07461827993392944,0.14424820244312286,57,589824,0.3684251573350694,-11.688374018338731,0.10289204314265277,0.10289204314265277
20,589824,2.5604937007456252e-12,228194,361630,0.5365171432495117,0.4417756199836731,0.6080494523048401,0.5021415948867798,0.013628753833472729,0.06700877100229263,0.13035838305950165,57,589824,0.3868849012586806,-11.591676288267305,0.09669773007142624,0.09669773007142624
22,589824,3.210454471713753e-12,238170,351654,0.603278398513794,0.48540934920310974,0.6197110414505005,0.5236751437187195,0.011840282939374447,0.059172023087739944,0.11719360947608948,57,589824,0.4037984212239583,-11.49343348454633,0.09824280372097505,0.09824280372097505
24,589824,3.7865522349578296e-12,245674,344150,0.626952588558197,0.5089956521987915,0.6063320636749268,0.5365983247756958,0.011926374398171902,0.0591108538210392,0.11601553857326508,57,589824,0.4165208604600694,-11.421756047766484,0.0716774367798454,0.0716774367798454
26,589824,4.385054385575016e-12,253174,336650,0.6735835671424866,0.5318967700004578,0.5978439450263977,0.5459733605384827,0.0114703718572855,0.057557255029678345,0.11374785751104355,57,589824,0.4292365180121528,-11.358025015933368,0.06373103183311635,0.06373103183311635
28,589824,5.054286850159073e-12,258872,330952,0.7300126552581787,0.5575661063194275,0.5931563377380371,0.5552845001220703,0.011229487136006355,0.054652489721775055,0.10837401449680328,57,589824,0.4388970269097222,-11.296340113839525,0.06168490209384281,0.06168490209384281
30,589824,5.812179296876829e-12,262428,327396,0.7896696925163269,0.5741931200027466,0.5897082090377808,0.565205991268158,0.011012544855475426,0.05384715273976326,0.10700839757919312,57,589824,0.4449259440104167,-11.23566099684422,0.06067911699530448,0.06067911699530448
32,589824,6.799853215222473e-12,264750,325074,0.8373749256134033,0.5950496196746826,0.5969440937042236,0.5813586115837097,0.010224740952253342,0.05103682726621628,0.10294239968061447,57,589824,0.4488627115885417,-11.167500462074196,0.06816053477002448,0.06816053477002448
34,589824,7.921547098832527e-12,266544,323280,0.8837497234344482,0.6106687188148499,0.6070583462715149,0.5971916913986206,0.010227205231785774,0.05061078071594238,0.10076385736465454,57,589824,0.451904296875,-11.101189991280446,0.0663104707937503,0.0663104707937503
36,589824,9.227499840613884e-12,266358,323466,0.9311808943748474,0.6280081272125244,0.6151490807533264,0.6086408495903015,0.009881437756121159,0.049058035016059875,0.09898332506418228,57,589824,0.4515889485677083,-11.03491595363385,0.06627403764659512,0.06627403764659512
38,589824,1.0761662394553895e-11,266052,323772,0.9603940844535828,0.6358557939529419,0.626772940158844,0.6217649579048157,0.00963345542550087,0.04877617955207825,0.09833040088415146,57,589824,0.4510701497395833,-10.968120636381895,0.06679531725195531,0.06679531725195531
40,589824,1.2478530361792473e-11,266472,323352,0.9766758680343628,0.6489245891571045,0.6386291980743408,0.6318143606185913,0.00991473812609911,0.048939477652311325,0.09854693710803986,57,589824,0.4517822265625,-10.903836559953852,0.06428407642804324,0.06428407642804324
42,589824,1.4270896096790775e-11,265588,324236,1.0017380714416504,0.6573167443275452,0.6447935104370117,0.6399379968643188,0.009706763550639153,0.0491626113653183,0.09864526987075806,57,589824,0.4502834743923611,-10.845548755850114,0.05828780410373824,0.05828780410373824
44,589824,1.676745201018015e-11,265316,324508,1.0338557958602905,0.6673519611358643,0.6594367623329163,0.6526881456375122,0.009467954747378826,0.04818028211593628,0.09613441675901413,57,589824,0.4498223198784722,-10.77553292797188,0.07001582787823324,0.07001582787823324
46,589824,1.926231570081871e-11,265064,324760,1.0219392776489258,0.6727972626686096,0.6683779954910278,0.6627886295318604,0.00988063309341669,0.048852354288101196,0.09879878163337708,57,589824,0.4493950737847222,-10.71529150352338,0.06024142444850078,0.06024142444850078
48,589824,2.1964964569409773e-11,262924,326900,1.0482901334762573,0.6824682354927063,0.6701620221138,0.6685958504676819,0.01016643550246954,0.05013235658407211,0.09946981072425842,57,589824,0.4457668728298611,-10.658269492936892,0.05702201058648804,0.05702201058648804
50,589824,2.48245000944447e-11,262066,327758,1.0356850624084473,0.6803346872329712,0.6762393116950989,0.6746402382850647,0.01005090307444334,0.050617020577192307,0.10094785690307617,57,589824,0.4443122016059028,-10.605119488387873,0.053150004549019414,0.053150004549019414
52,589824,2.8051254027938732e-11,262054,327770,1.0787004232406616,0.6873397827148438,0.6802319288253784,0.6814346313476562,0.010005570948123932,0.050649866461753845,0.10160119831562042,57,589824,0.4442918565538194,-10.552047718891234,0.053071769496638055,0.053071769496638055
54,589824,3.170649159889294e-11,260660,329164,1.0571433305740356,0.6914365887641907,0.688625693321228,0.6878299713134766,0.010101281106472015,0.05071740597486496,0.1008094772696495,57,589824,0.4419284396701389,-10.498851811064599,0.05319590782663575,0.05319590782663575
56,589824,3.564904968444971e-11,260132,329692,1.0601485967636108,0.694552481174469,0.6923413872718811,0.69631028175354,0.010290929116308689,0.0519428588449955,0.1037973016500473,57,589824,0.4410332573784722,-10.447952042875244,0.050899768189355044,0.050899768189355044
58,589824,3.9865680201423004e-11,258590,331234,1.0583791732788086,0.7003509402275085,0.6953640580177307,0.6995729804039001,0.010387099348008633,0.05185815319418907,0.10364282876253128,57,589824,0.4384189181857639,-10.399400821431293,0.048551221443950965,0.048551221443950965
60,589824,4.4157705270109204e-11,256652,333172,1.0529555082321167,0.6997886300086975,0.6941085457801819,0.7030965685844421,0.010395399294793606,0.052222467958927155,0.10501379519701004,57,589824,0.4351331922743056,-10.354993503540255,0.04440731789103758,0.04440731789103758
62,589824,4.9118594608321686e-11,257646,332178,1.0477259159088135,0.6989947557449341,0.6959406733512878,0.7093837857246399,0.01042515691369772,0.05287875607609749,0.10621550679206848,57,589824,0.4368184407552083,-10.30875406781523,0.04623943572502576,0.04623943572502576
64,589824,5.416125534174476e-11,257244,332580,1.0646960735321045,0.7052009105682373,0.7000313997268677,0.7136638760566711,0.010857396759092808,0.0537932887673378,0.10734166949987411,57,589824,0.4361368815104167,-10.266311278191552,0.04244278962367787,0.04244278962367787
66,589824,5.942054487340087e-11,255362,334462,1.0582646131515503,0.7056425213813782,0.7018714547157288,0.7198790907859802,0.010816018097102642,0.05413491651415825,0.10891596972942352,57,589824,0.4329460991753472,-10.22606337012868,0.04024790806287193,0.04024790806287193
68,589824,6.469547814136334e-11,254784,335040,1.0594148635864258,0.7069801688194275,0.7047086954116821,0.72519451379776,0.010828780941665173,0.05490533635020256,0.11080759018659592,57,589824,0.4319661458333333,-10.18912607306982,0.036937297058859286,0.036937297058859286
70,589824,7.011528163625158e-11,253776,336048,1.0466164350509644,0.7061637043952942,0.7047949433326721,0.7288568019866943,0.01105305552482605,0.05491457134485245,0.11089307814836502,57,589824,0.4302571614583333,-10.15418731716875,0.034938755901070095,0.034938755901070095
72,589824,7.53185500079745e-11,253686,336138,1.0571136474609375,0.7066853046417236,0.7057082056999207,0.730338454246521,0.011439338326454163,0.05738590285181999,0.11498072743415833,57,589824,0.4301045735677083,-10.123098049377585,0.031089267791164943,0.031089267791164943
74,589824,8.111528809751078e-11,254084,335740,1.051071047782898,0.7095400094985962,0.7099007964134216,0.7363471388816833,0.011484391056001186,0.05807134881615639,0.11606791615486145,57,589824,0.4307793511284722,-10.090897284991563,0.032200764386022485,0.032200764386022485
76,589824,8.678768814718296e-11,252860,336964,1.057936429977417,0.7120363116264343,0.7111363410949707,0.7416368722915649,0.011611168272793293,0.05911967158317566,0.1186506375670433,57,589824,0.4287041558159722,-10.061541880226592,0.029355404764970672,0.029355404764970672
78,589824,9.237653003646429e-11,252046,337778,1.0490843057632446,0.7126217484474182,0.7139074206352234,0.7452211976051331,0.011910524219274521,0.06056037172675133,0.12101361900568008,57,589824,0.4273240831163194,-10.03443835529925,0.027103524927342804,0.027103524927342804
80,589824,9.819400154098545e-11,251752,338072,1.0528634786605835,0.7141334414482117,0.7162525653839111,0.7472516894340515,0.011837045662105083,0.06001938506960869,0.12090867012739182,57,589824,0.4268256293402778,-10.007915041512625,0.026523313786624314,0.026523313786624314
82,589824,1.0412643663970655e-10,250960,338864,1.050255537033081,0.7134777903556824,0.7158412933349609,0.7486133575439453,0.012077621184289455,0.06133248284459114,0.12306343019008636,57,589824,0.4254828559027778,-9.982438993552572,0.025476047960053094,0.025476047960053094
84,589824,1.1014031353617781e-10,251606,338218,1.0305836200714111,0.7145220637321472,0.7196062207221985,0.7543090581893921,0.012515600770711899,0.06267736107110977,0.12667027115821838,57,589824,0.4265780978732639,-9.958053691547871,0.024385302004700904,0.024385302004700904
86,589824,1.1620387985189495e-10,252338,337486,1.0510666370391846,0.7171310186386108,0.7209500074386597,0.7607651352882385,0.012396072037518024,0.06340701878070831,0.12691310048103333,57,589824,0.4278191460503472,-9.934779371342085,0.023274320205786125,0.023274320205786125
88,589824,1.2184048214791687e-10,251076,338748,1.0463110208511353,0.7185129523277283,0.7238091230392456,0.7628552317619324,0.01301597896963358,0.06598798930644989,0.1303430050611496,57,589824,0.4256795247395833,-9.914208391075777,0.020570980266308325,0.020570980266308325
90,589824,1.2746513566863626e-10,249598,340226,1.0256879329681396,0.7190836071968079,0.7234255075454712,0.7613690495491028,0.013217253610491753,0.06487231701612473,0.13014528155326843,57,589824,0.4231736924913194,-9.894608587443969,0.01959980363180769,0.01959980363180769
92,589824,1.3320403113858958e-10,250974,338850,1.017114281654358,0.7162460088729858,0.7239729762077332,0.7641995549201965,0.013120880350470543,0.06647700071334839,0.1339859813451767,57,589824,0.425506591796875,-9.875482631961857,0.019125955482111934,0.019125955482111934
94,589824,1.3878442839398986e-10,251990,337834,1.0167397260665894,0.7196033596992493,0.7236197590827942,0.768505334854126,0.013206873089075089,0.06625262647867203,0.1336560994386673,57,589824,0.4272291395399306,-9.857659258967155,0.017823372994701714,0.017823372994701714
96,589824,1.4431529582470404e-10,251290,338534,1.027519941329956,0.7206982970237732,0.7213902473449707,0.771418035030365,0.013191929087042809,0.06848660856485367,0.13622109591960907,57,589824,0.4260423448350694,-9.840687636056774,0.0169716229103809,0.0169716229103809
98,589824,1.4968795647440913e-10,251310,338514,1.0093637704849243,0.7239290475845337,0.7237527966499329,0.7748719453811646,0.0134057542309165,0.06893478333950043,0.13759899139404297,57,589824,0.4260762532552083,-9.82481314051944,0.015874495537334,0.015874495537334
0,2359296,1.5981084118261817e-14,693691,1665605,0.06179242581129074,0.01565006747841835,0.10445757210254669,0.015540776774287224,0.23493167757987976,0.8077717423439026,0.8858324289321899,58,2359296,0.29402457343207467,-13.796393762530876,,
2,2359296,1.1142724519767541e-13,646106,1713190,0.37482118606567383,0.07003077119588852,0.2284446656703949,0.09456741809844971,0.06146514415740967,0.32744625210762024,0.683175802230835,58,2359296,0.27385542127821183,-12.953008606358793,0.8433851561720829,0.8433851561720829
4,2359296,1.1482083187887293e-13,308420,2050876,0.141069695353508,0.05389406904578209,0.27193397283554077,0.0978403314948082,0.1114259734749794,0.4629855155944824,0.7807632088661194,58,2359296,0.1307254367404514,-12.93997931098612,0.013029295372673388,0.013029295372673388
6,2359296,1.8557491697837603e-13,267294,2092002,0.15199249982833862,0.044015999883413315,0.33622074127197266,0.14232641458511353,0.12228856235742569,0.5603567361831665,0.7653557062149048,58,2359296,0.11329396565755208,-12.731480725067835,0.20849858591828507,0.20849858591828507
8,2359296,2.8686775177533264e-13,393646,1965650,0.16103456914424896,0.06296306848526001,0.4018109142780304,0.19498413801193237,0.0836157351732254,0.4047011733055115,0.7063478231430054,58,2359296,0.1668489244249132,-12.542318270203612,0.18916245486422234,0.18916245486422234
10,2359296,4.80446194980888e-13,563026,1796270,0.24260438978672028,0.12955474853515625,0.5079322457313538,0.2769514322280884,0.040456391870975494,0.1973763257265091,0.3922785222530365,58,2359296,0.2386415269639757,-12.318355241775444,0.22396302842816773,0.22396302842816773
12,2359296,7.103272505783187e-13,691535,1667761,0.34857940673828125,0.22262156009674072,0.5457013845443726,0.34214839339256287,0.025654520839452744,0.12575502693653107,0.24710389971733093,58,2359296,0.2931107415093316,-12.148541523989387,0.1698137177860577,0.1698137177860577
14,2359296,9.81035240023298e-13,773695,1585601,0.40824201703071594,0.2902161478996277,0.5701907277107239,0.39136889576911926,0.020204342901706696,0.09764829277992249,0.1894480288028717,58,2359296,0.3279346889919705,-12.008315391934243,0.1402261320551439,0.1402261320551439
16,2359296,1.3227678501148699e-12,857344,1501952,0.4715289771556854,0.34088894724845886,0.5832032561302185,0.43279698491096497,0.017550714313983917,0.0852155014872551,0.16642095148563385,58,2359296,0.3633897569444444,-11.878516369161558,0.1297990227726853,0.1297990227726853
18,2359296,1.7155926202230831e-12,933324,1425972,0.5617294311523438,0.3976227939128876,0.5893200039863586,0.4631878137588501,0.01459407526999712,0.0725942999124527,0.14372287690639496,58,2359296,0.3955942789713542,-11.765585830585964,0.11293053857559343,0.11293053857559343
20,2359296,2.245700804134887e-12,984636,1374660,0.6434601545333862,0.44843021035194397,0.6002606749534607,0.4946309030056,0.012486848048865795,0.06197214126586914,0.12309828400611877,58,2359296,0.4173431396484375,-11.648648105496097,0.11693772508986733,0.11693772508986733
22,2359296,2.9015028227274975e-12,1022954,1336342,0.729516327381134,0.4882335364818573,0.6106821894645691,0.52581387758255,0.011274212040007114,0.05660371854901314,0.11255344748497009,58,2359296,0.43358442518446183,-11.537377002595788,0.11127110290030906,0.11127110290030906
24,2359296,3.736267371878821e-12,1043184,1316112,0.8272887468338013,0.5369222164154053,0.6161262392997742,0.5545156598091125,0.010381678119301796,0.05187004432082176,0.10334610193967819,58,2359296,0.4421590169270833,-11.427562052683724,0.10981494991206375,0.10981494991206375
26,2359296,4.753013954639229e-12,1058514,1300782,0.8807191252708435,0.5662065148353577,0.625506579875946,0.5779003500938416,0.009739125147461891,0.048546358942985535,0.09712294489145279,58,2359296,0.44865671793619794,-11.323030910633936,0.10453114204978853,0.10453114204978853
28,2359296,5.975994438883747e-12,1075670,1283626,0.9327732920646667,0.5902286767959595,0.6362136006355286,0.5988256931304932,0.009239822626113892,0.046454768627882004,0.09398607164621353,58,2359296,0.45592837863498265,-11.223589815336437,0.09944109529749845,0.09944109529749845
30,2359296,7.464828234715615e-12,1078236,1281060,1.0062077045440674,0.6124027967453003,0.6454352140426636,0.6155195832252502,0.009037910029292107,0.045722827315330505,0.09206147491931915,58,2359296,0.4570159912109375,-11.126980180915972,0.09660963442046544,0.09660963442046544
32,2359296,9.29173925301452e-12,1079454,1279842,1.0314828157424927,0.6300981044769287,0.6573630571365356,0.6319257616996765,0.009325084276497364,0.04632619768381119,0.09295625239610672,58,2359296,0.45753224690755206,-11.031902985975316,0.09507719494065547,0.09507719494065547
34,2359296,1.1534132156321153e-11,1082552,1276744,1.0663799047470093,0.6554076075553894,0.6712747812271118,0.6485729813575745,0.008881790563464165,0.043996959924697876,0.08883730322122574,58,2359296,0.4588453504774306,-10.938015076816901,0.09388790915841483,0.09388790915841483
36,2359296,1.4293478727001041e-11,1087874,1271422,1.0913877487182617,0.6564046740531921,0.683867335319519,0.6695127487182617,0.00866368692368269,0.04356938228011131,0.08813244849443436,58,2359296,0.46110110812717015,-10.844862060356792,0.09315301646010887,0.09315301646010887
38,2359296,1.7388243622740163e-11,1075556,1283740,1.1146670579910278,0.677083432674408,0.6879210472106934,0.6679639220237732,0.009463942609727383,0.04748056083917618,0.09521680325269699,58,2359296,0.4558800591362847,-10.759744283637026,0.08511777671976617,0.08511777671976617
40,2359296,2.1083858617321205e-11,1067556,1291740,1.1021393537521362,0.6807585954666138,0.6924553513526917,0.6751013398170471,0.009073996916413307,0.04603318125009537,0.0916748121380806,58,2359296,0.4524892171223958,-10.676049904709172,0.08369437892785392,0.08369437892785392
42,2359296,2.5536579795204517e-11,1078244,1281052,1.099469780921936,0.6866244673728943,0.6976698637008667,0.691218912601471,0.009277121163904667,0.04610366374254227,0.09249112755060196,58,2359296,0.4570193820529514,-10.592837269779576,0.08321263492959652,0.08321263492959652
44,2359296,3.058713698989024e-11,1078494,1280802,1.121846318244934,0.6930403113365173,0.7026194930076599,0.701831579208374,0.009385309182107449,0.047107353806495667,0.09414331614971161,58,2359296,0.45712534586588544,-10.514461171844422,0.07837609793515377,0.07837609793515377
46,2359296,3.6046922391452796e-11,1063146,1296150,1.118825078010559,0.7044469118118286,0.7023352384567261,0.7039437294006348,0.009826496243476868,0.04969213902950287,0.09838159382343292,58,2359296,0.45062001546223956,-10.443131808488669,0.07132936335575302,0.07132936335575302
48,2359296,4.243433035511224e-11,1058758,1300538,1.100406289100647,0.6982985138893127,0.7019001245498657,0.6985867619514465,0.009795439429581165,0.04868345707654953,0.09672937542200089,58,2359296,0.44876013861762154,-10.37228264691903,0.0708491615696385,0.0708491615696385
50,2359296,4.9125786771853086e-11,1060338,1298958,1.1036012172698975,0.7051916718482971,0.6993090510368347,0.7066606283187866,0.01039668545126915,0.05171087011694908,0.10104891657829285,58,2359296,0.44942982991536456,-10.30869048113686,0.06359216578217008,0.06359216578217008
52,2359296,5.710115019708084e-11,1066322,1292974,1.1025335788726807,0.7031630873680115,0.7054425477981567,0.7193320393562317,0.009984788484871387,0.048934560269117355,0.09716295450925827,58,2359296,0.45196617974175346,-10.243355143606792,0.06533533753006893,0.06533533753006893
54,2359296,6.562072413229814e-11,1064670,1294626,1.12094247341156,0.7147800922393799,0.7099452614784241,0.7233719825744629,0.010362835600972176,0.05166953429579735,0.1021386906504631,58,2359296,0.45126597086588544,-10.182958981433574,0.06039616217321786,0.06039616217321786
56,2359296,7.399766216442671e-11,1043612,1315684,1.1083495616912842,0.7129886746406555,0.7083449959754944,0.722196102142334,0.010865149088203907,0.05405648797750473,0.10543765127658844,58,2359296,0.4423404269748264,-10.130782000878854,0.05217698055471942,0.05217698055471942
58,2359296,8.331450807030905e-11,1036206,1323090,1.1020500659942627,0.7111466526985168,0.7037395238876343,0.7179306745529175,0.010603103786706924,0.05245385318994522,0.1031387522816658,58,2359296,0.43920135498046875,-10.079279365625025,0.051502635253829254,0.051502635253829254
60,2359296,9.490631891484469e-11,1057072,1302224,1.062602162361145,0.7017586827278137,0.7115417122840881,0.7300313711166382,0.010653011500835419,0.05295949801802635,0.10468161106109619,58,2359296,0.4480455186631944,-10.022704871044898,0.05657449458012742,0.05657449458012742
62,2359296,1.0634050584545918e-10,1058828,1300468,1.1049528121948242,0.7230862975120544,0.7129002809524536,0.7332398295402527,0.011029175482690334,0.0546349361538887,0.10789665579795837,58,2359296,0.4487898084852431,-9.973301278144756,0.04940359290014129,0.04940359290014129
64,2359296,1.165728347185535e-10,1034086,1325210,1.1046968698501587,0.7231324911117554,0.713710367679596,0.7335478067398071,0.011604450643062592,0.05668193846940994,0.11001598834991455,58,2359296,0.43830278184678817,-9.933402642598903,0.03989863554585327,0.03989863554585327
66,2359296,1.2840901952859696e-10,1030014,1329282,1.0692464113235474,0.7131831049919128,0.7132120728492737,0.7384551763534546,0.011479455977678299,0.05669146031141281,0.1113450899720192,58,2359296,0.43657684326171875,-9.89140447008395,0.04199817251495297,0.04199817251495297
68,2359296,1.4171633311299558e-10,1041290,1318006,1.053890347480774,0.708446741104126,0.7125200033187866,0.7401389479637146,0.01149727776646614,0.056014176458120346,0.11163556575775146,58,2359296,0.44135623508029515,-9.848580093492364,0.04282437659158589,0.04282437659158589
70,2359296,1.5503580363951386e-10,1036738,1322558,1.0893275737762451,0.724258303642273,0.7084805965423584,0.7368228435516357,0.011611418798565865,0.05739637091755867,0.11253951489925385,58,2359296,0.43942684597439235,-9.809567995200863,0.03901209829150076,0.03901209829150076
72,2359296,1.6943045577644256e-10,1038044,1321252,1.0537660121917725,0.7151848077774048,0.7149090766906738,0.7446730732917786,0.011831868439912796,0.0588693730533123,0.11633514612913132,58,2359296,0.4399804009331597,-9.771008520883719,0.038559474317144904,0.038559474317144904
74,2359296,1.833467405676359e-10,1036262,1323034,1.0727217197418213,0.727068305015564,0.7150993943214417,0.7514629364013672,0.012147507630288601,0.06043645739555359,0.11814966052770615,58,2359296,0.43922509087456596,-9.736726806270994,0.034281714612724556,0.034281714612724556
76,2359296,1.9694849917595292e-10,1024972,1334324,1.0518683195114136,0.7203670740127563,0.7151809930801392,0.7527194619178772,0.012228627689182758,0.060364577919244766,0.11837982386350632,58,2359296,0.4344397650824653,-9.705647324334837,0.03107948193615684,0.03107948193615684
78,2359296,2.1106796865844046e-10,1026590,1332706,1.0524091720581055,0.720848798751831,0.7143568992614746,0.7471474409103394,0.012365208938717842,0.06013014167547226,0.11905337125062943,58,2359296,0.43512556287977433,-9.675577669536457,0.030069654798380085,0.030069654798380085
80,2359296,2.2483084838320622e-10,1023380,1335916,1.0470157861709595,0.7172204852104187,0.7096133828163147,0.7445612549781799,0.012620923109352589,0.061953529715538025,0.12335985153913498,58,2359296,0.4337649875217014,-9.648144100738834,0.0274335687976226,0.0274335687976226
82,2359296,2.4177632118593806e-10,1029760,1329536,1.0221648216247559,0.7192524075508118,0.7093748450279236,0.7527043223381042,0.012922427617013454,0.06426642835140228,0.12621775269508362,58,2359296,0.4364691840277778,-9.616586234831075,0.03155786590775911,0.03155786590775911
84,2359296,2.5869598130334737e-10,1042904,1316392,1.0255117416381836,0.7237903475761414,0.7144791483879089,0.7687394618988037,0.012981060892343521,0.06410465389490128,0.12421949207782745,58,2359296,0.4420403374565972,-9.587210317751708,0.029375917079367042,0.029375917079367042
86,2359296,2.7210339537120376e-10,1030006,1329290,1.0554195642471313,0.7326809763908386,0.7143077850341797,0.7702811360359192,0.013200893066823483,0.06476175785064697,0.12655265629291534,58,2359296,0.43657345241970485,-9.565266038956084,0.021944278795624328,0.021944278795624328
88,2359296,2.8439184340811607e-10,1008408,1350888,1.0340710878372192,0.7248161435127258,0.7081472277641296,0.7491253018379211,0.013551062904298306,0.06677951663732529,0.13020622730255127,58,2359296,0.4274190266927083,-9.54608286368645,0.019183175269633423,0.019183175269633423
90,2359296,2.995059755761531e-10,1019826,1339470,0.9960455894470215,0.7162576913833618,0.7079939246177673,0.7546843886375427,0.01352583710104227,0.06789099425077438,0.13237355649471283,58,2359296,0.43225860595703125,-9.523594508386989,0.022488355299461915,0.022488355299461915
92,2359296,3.161018946595817e-10,1042456,1316840,1.005515217781067,0.7168166637420654,0.7106043696403503,0.7658838033676147,0.01352766901254654,0.06815250962972641,0.1336689442396164,58,2359296,0.4418504503038194,-9.5001729010673,0.023421607319688675,0.023421607319688675
94,2359296,3.2929042825813326e-10,1032978,1326318,1.0366735458374023,0.7364579439163208,0.7093464136123657,0.7673150897026062,0.014021595008671284,0.0693480372428894,0.1351877748966217,58,2359296,0.43783315022786456,-9.482420893081263,0.01775200798603649,0.01775200798603649
96,2359296,3.42630951388756e-10,1021960,1337336,0.9936686158180237,0.7246134281158447,0.7093187570571899,0.7687520980834961,0.0145680857822299,0.07145974785089493,0.1393635869026184,58,2359296,0.4331631130642361,-9.46517340783231,0.017247485248953254,0.017247485248953254
98,2359296,3.5514541307790637e-10,1023658,1335638,0.9992730021476746,0.7271755933761597,0.7034024000167847,0.7645798921585083,0.014778372831642628,0.07262874394655228,0.1410578489303589,58,2359296,0.43388281928168404,-9.449593790136847,0.015579617695463455,0.015579617695463455
0,2359296,7.344319447846921e-15,752700,1606596,0.038622427731752396,0.007288075052201748,0.04969922453165054,0.00722498120740056,0.6782263517379761,0.8623634576797485,0.9236547946929932,59,2359296,0.3190358479817708,-14.134048441362923,,
2,2359296,5.4135949195677213e-14,616586,1742710,0.2440643459558487,0.037060968577861786,0.12118571251630783,0.0493796169757843,0.11392085254192352,0.6683431267738342,0.7470701932907104,59,2359296,0.26134321424696183,-13.266514244091592,0.8675341972713309,0.8675341972713309
4,2359296,5.544442536380492e-14,283066,2076230,0.0746907889842987,0.028154220432043076,0.14458008110523224,0.050544701516628265,0.1933860033750534,0.7681212425231934,0.8565564155578613,59,2359296,0.11997901068793403,-13.256142113273972,0.010372130817620118,0.010372130817620118
6,2359296,8.99061573344899e-14,255248,2104048,0.07811447232961655,0.02393062599003315,0.17705929279327393,0.07650379091501236,0.21754920482635498,0.7504505515098572,0.8408018946647644,59,2359296,0.1081882052951389,-13.04621056405297,0.2099315492210021,0.2099315492210021
8,2359296,1.4401204024867137e-13,396516,1962780,0.08936433494091034,0.03876320645213127,0.21197375655174255,0.11270585656166077,0.136276975274086,0.6247490644454956,0.840336799621582,59,2359296,0.16806538899739584,-12.841601196828607,0.20460936722436252,0.20460936722436252
10,2359296,2.5521314120195704e-13,581204,1778092,0.17871809005737305,0.08740049600601196,0.2894989550113678,0.17786742746829987,0.05876249819993973,0.2927732765674591,0.5587539076805115,59,2359296,0.2463463677300347,-12.593096967080346,0.2485042297482618,0.2485042297482618
12,2359296,4.082993979807187e-13,732520,1626776,0.32485702633857727,0.16340215504169464,0.34525802731513977,0.24689549207687378,0.03212881460785866,0.1598823219537735,0.3245331048965454,59,2359296,0.3104824490017361,-12.389021260424405,0.20407570665594044,0.20407570665594044
14,2359296,6.167224933864568e-13,814708,1544588,0.4118956923484802,0.23252986371517181,0.39723965525627136,0.3137504756450653,0.022911274805665016,0.11259371042251587,0.2267855405807495,59,2359296,0.3453182644314236,-12.209910211496721,0.17911104892768392,0.17911104892768392
16,2359296,8.616631171597111e-13,888224,1471072,0.5177149176597595,0.29089024662971497,0.43620097637176514,0.3660627007484436,0.01856175810098648,0.09249918907880783,0.1828029900789261,59,2359296,0.3764784071180556,-12.064662496304548,0.1452477151921734,0.1452477151921734
18,2359296,1.187960645653019e-12,948264,1411032,0.684037983417511,0.3625906705856323,0.46867263317108154,0.4138597249984741,0.015100224874913692,0.07449929416179657,0.14735664427280426,59,2359296,0.4019266764322917,-11.92519794627303,0.13946455003151748,0.13946455003151748
20,2359296,1.6651168291414997e-12,996276,1363020,0.8142006993293762,0.40703967213630676,0.5198649764060974,0.4672320783138275,0.012630034238100052,0.06279785931110382,0.12625516951084137,59,2359296,0.4222768147786458,-11.778555289802425,0.14664265647060581,0.14664265647060581
22,2359296,2.264006039934263e-12,1029790,1329506,0.9974984526634216,0.4668772220611572,0.5721890330314636,0.5168876647949219,0.01148486603051424,0.057173795998096466,0.11449713259935379,59,2359296,0.43648189968532985,-11.645122418867766,0.1334328709346586,0.1334328709346586
24,2359296,3.0624630435738265e-12,1024192,1335104,1.1548755168914795,0.5273595452308655,0.6195979118347168,0.557049036026001,0.010448236018419266,0.051923856139183044,0.1041562482714653,59,2359296,0.4341091579861111,-11.513929143466203,0.13119327540156256,0.13119327540156256
26,2359296,4.125358474965646e-12,1045634,1313662,1.212751030921936,0.557336151599884,0.6852538585662842,0.6017385125160217,0.00905288103967905,0.046145208179950714,0.09373451769351959,59,2359296,0.44319746229383683,-11.384538307250983,0.12939083621522052,0.12939083621522052
28,2359296,5.384593812496341e-12,1049878,1309418,1.2580127716064453,0.5952494740486145,0.7297043800354004,0.6204131841659546,0.009542061015963554,0.04743408411741257,0.09511391073465347,59,2359296,0.44499630398220485,-11.268847052188628,0.11569125506235522,0.11569125506235522
30,2359296,6.983847528063691e-12,1045088,1314208,1.26812744140625,0.605924129486084,0.7586706876754761,0.6428515911102295,0.008974364027380943,0.045355986803770065,0.09150616824626923,59,2359296,0.4429660373263889,-11.155905250752001,0.11294180143662658,0.11294180143662658
32,2359296,8.89539310267029e-12,1045336,1313960,1.3352851867675781,0.6483339667320251,0.7756873965263367,0.6652240753173828,0.00954908225685358,0.04805631563067436,0.09592609107494354,59,2359296,0.4430711534288194,-11.050834854938323,0.10507039581367827,0.10507039581367827
34,2359296,1.168466712275773e-11,1047420,1311876,1.325142502784729,0.648405909538269,0.7931429743766785,0.6916790008544922,0.008292756974697113,0.04116304591298103,0.08186878263950348,59,2359296,0.4439544677734375,-10.932383655441946,0.11845119949637706,0.11845119949637706
36,2359296,1.47596032618047e-11,1038948,1320348,1.334066390991211,0.679216206073761,0.8020272850990295,0.7060273289680481,0.01011696457862854,0.05035574734210968,0.09920227527618408,59,2359296,0.4403635660807292,-10.830925316193511,0.10145833924843473,0.10145833924843473
38,2359296,1.7843214752955028e-11,1024964,1334332,1.4138076305389404,0.6772390007972717,0.8078407049179077,0.6955937147140503,0.010294996201992035,0.050509095191955566,0.09930787980556488,59,2359296,0.4344363742404514,-10.74852689751081,0.08239841868270048,0.08239841868270048
40,2359296,2.2494754323143518e-11,1039494,1319802,1.367455244064331,0.6835014820098877,0.8272892236709595,0.7136145234107971,0.008882205933332443,0.04547789692878723,0.0906277522444725,59,2359296,0.44059499104817706,-10.647918745627365,0.10060815188344563,0.10060815188344563
42,2359296,2.765063178422622e-11,1045404,1313892,1.3707026243209839,0.6934296488761902,0.8415619730949402,0.7344818115234375,0.009227055124938488,0.047003839164972305,0.09363461285829544,59,2359296,0.4430999755859375,-10.558294941130764,0.08962380449660046,0.08962380449660046
44,2359296,3.3150513584212504e-11,1021162,1338134,1.4221848249435425,0.711689829826355,0.8427679538726807,0.7328066229820251,0.010539953596889973,0.05237464979290962,0.10280054062604904,59,2359296,0.43282487657335067,-10.479509738901388,0.07878520222937624,0.07878520222937624
46,2359296,3.9456403422288844e-11,1015694,1343602,1.3510775566101074,0.6997969150543213,0.8554763197898865,0.730898916721344,0.010155617259442806,0.05088048055768013,0.09897074848413467,59,2359296,0.43050723605685765,-10.403882504614517,0.07562723428687157,0.07562723428687157
48,2359296,4.656640351097252e-11,1022206,1337090,1.2728500366210938,0.7071843147277832,0.8570393323898315,0.7342043519020081,0.010744409635663033,0.053413890302181244,0.10294011235237122,59,2359296,0.43326738145616317,-10.331927302880114,0.07195520173440251,0.07195520173440251
50,2359296,5.4747543304367596e-11,1023978,1335318,1.3496767282485962,0.7032039761543274,0.8453053832054138,0.7473609447479248,0.009898650459945202,0.04870416969060898,0.09452643990516663,59,2359296,0.43401845296223956,-10.261635364219256,0.07029193866085848,0.07029193866085848
52,2359296,6.491747417403104e-11,1027610,1331686,1.2793346643447876,0.7187352776527405,0.8572877049446106,0.7581579685211182,0.010684987530112267,0.05352906137704849,0.10433627665042877,59,2359296,0.43555789523654515,-10.187638386159739,0.0739969780595171,0.0739969780595171
54,2359296,7.351180081327513e-11,1007488,1351808,1.3380613327026367,0.7187870740890503,0.851195752620697,0.7509020566940308,0.011641825549304485,0.057396214455366135,0.10892337560653687,59,2359296,0.4270290798611111,-10.13364293823953,0.05399544792020805,0.05399544792020805
56,2359296,8.283444069556722e-11,982362,1376934,1.2875161170959473,0.7202406525611877,0.8453508019447327,0.7398796677589417,0.011177142150700092,0.05456745997071266,0.1055038794875145,59,2359296,0.41637929280598956,-10.081789055798081,0.05185388244144917,0.05185388244144917
58,2359296,9.564789238414306e-11,1013510,1345786,1.2384288311004639,0.691399872303009,0.8493545055389404,0.7593445181846619,0.010640250518918037,0.052373435348272324,0.10269953310489655,59,2359296,0.42958153618706596,-10.019324595276217,0.062464460521864495,0.062464460521864495
60,2359296,1.0880919776301567e-10,1033414,1325882,1.2348239421844482,0.7264209389686584,0.8589112758636475,0.7736138105392456,0.011468783020973206,0.05659784376621246,0.11154097318649292,59,2359296,0.43801795111762154,-9.963334391688505,0.05599020358771156,0.05599020358771156
62,2359296,1.2002851490500177e-10,997838,1361458,1.2739853858947754,0.7262975573539734,0.8477907180786133,0.7599798440933228,0.011686265468597412,0.057080406695604324,0.10936744511127472,59,2359296,0.42293887668185765,-9.920715567329257,0.042618824359248464,0.042618824359248464
64,2359296,1.337272514945198e-10,979658,1379638,1.2205737829208374,0.7227151989936829,0.8400341272354126,0.7624298334121704,0.011735728941857815,0.05603180080652237,0.1074446439743042,59,2359296,0.41523318820529515,-9.873780081386473,0.04693548594278418,0.04693548594278418
66,2359296,1.4830932315579304e-10,995682,1363614,1.1411164999008179,0.7025519013404846,0.8381567001342773,0.7722498178482056,0.012200682424008846,0.05999405309557915,0.1157146543264389,59,2359296,0.42202504475911456,-9.828831547098076,0.0449485342883964,0.0449485342883964
68,2359296,1.6301535121776567e-10,997984,1361312,1.2560795545578003,0.7281517386436462,0.8248000741004944,0.7617455720901489,0.012092378921806812,0.059174295514822006,0.1148926243185997,59,2359296,0.4230007595486111,-9.787771495993333,0.04106005110474342,0.04106005110474342
70,2359296,1.8000083368274744e-10,996700,1362596,1.184300422668457,0.7149245738983154,0.8331611156463623,0.76805579662323,0.012061803601682186,0.056493427604436874,0.10988762974739075,59,2359296,0.4224565294053819,-9.744725483435703,0.043046012557629965,0.043046012557629965
72,2359296,1.958150724901131e-10,1001034,1358262,1.1873499155044556,0.7295965552330017,0.8359109163284302,0.7845790386199951,0.012950608506798744,0.06330554187297821,0.12353825569152832,59,2359296,0.42429351806640625,-9.708153882260413,0.03657160117528946,0.03657160117528946
74,2359296,2.1136772887508926e-10,988742,1370554,1.1599987745285034,0.7214152812957764,0.8323540687561035,0.7865034341812134,0.013404912315309048,0.06330367177724838,0.12011222541332245,59,2359296,0.41908348931206596,-9.674961319021595,0.033192563238818806,0.033192563238818806
76,2359296,2.285909656007945e-10,987046,1372250,1.1648248434066772,0.7264553308486938,0.8287729024887085,0.7856597900390625,0.012268931604921818,0.05940047279000282,0.11602498590946198,59,2359296,0.41836463080512154,-9.640940937839492,0.03402038118210271,0.03402038118210271
78,2359296,2.4311802571119756e-10,973794,1385502,1.1780941486358643,0.7199761271476746,0.8186030983924866,0.7737277150154114,0.013243047520518303,0.06367158144712448,0.12269022315740585,59,2359296,0.41274770100911456,-9.614182839689441,0.026758098150050813,0.026758098150050813
80,2359296,2.6207264136601793e-10,974628,1384668,1.10617196559906,0.7170960903167725,0.8118000030517578,0.7688918709754944,0.01354362815618515,0.06630837172269821,0.1290215253829956,59,2359296,0.4131011962890625,-9.581578314131365,0.03260452555807625,0.03260452555807625
82,2359296,2.8468052915009423e-10,1008184,1351112,1.0934187173843384,0.7179741263389587,0.817005455493927,0.7949504852294922,0.012962911278009415,0.06293295323848724,0.12090253084897995,59,2359296,0.4273240831163194,-9.54564223559925,0.035936078532115445,0.035936078532115445
84,2359296,3.0120361760310743e-10,995736,1363560,1.1844402551651,0.7416303753852844,0.8132815361022949,0.8043572306632996,0.013311761431396008,0.06625550985336304,0.12756794691085815,59,2359296,0.4220479329427083,-9.521139816350379,0.02450241924887031,0.02450241924887031
86,2359296,3.139572768429133e-10,960358,1398938,1.1311101913452148,0.7264121770858765,0.8084941506385803,0.7872705459594727,0.01413431204855442,0.06875976920127869,0.13269321620464325,59,2359296,0.40705278184678817,-9.503129446492881,0.01801036985749782,0.01801036985749782
88,2359296,3.313860297282645e-10,972276,1387020,1.0586585998535156,0.7186450958251953,0.8056906461715698,0.7835491299629211,0.01414001826196909,0.0689629316329956,0.13286763429641724,59,2359296,0.4121042887369792,-9.479665804123718,0.02346364236916365,0.02346364236916365
90,2359296,3.5242109230892993e-10,1006708,1352588,1.0713673830032349,0.7047115564346313,0.8055431246757507,0.8036927580833435,0.013422958552837372,0.06819256395101547,0.13293229043483734,59,2359296,0.4266984727647569,-9.452938107072551,0.026727697051166288,0.026727697051166288
92,2359296,3.6900066335832094e-10,995104,1364192,1.1480998992919922,0.7442229986190796,0.8004595637321472,0.7980220913887024,0.014166358858346939,0.06989520788192749,0.134799987077713,59,2359296,0.4217800564236111,-9.432972853102187,0.01996525397036386,0.01996525397036386
94,2359296,3.851129137810716e-10,973004,1386292,1.0540670156478882,0.7246048450469971,0.7995786070823669,0.7975315451622009,0.01499582827091217,0.07139436155557632,0.13878360390663147,59,2359296,0.4124128553602431,-9.414411918173355,0.01856093492883204,0.01856093492883204
96,2359296,4.0082145935649294e-10,975814,1383482,1.0720601081848145,0.7310144901275635,0.788751482963562,0.7928598523139954,0.015582887455821037,0.07480216026306152,0.1424318552017212,59,2359296,0.41360388861762154,-9.397049035068394,0.017362883104961924,0.017362883104961924
98,2359296,4.154126764799315e-10,981226,1378070,1.0873053073883057,0.7200116515159607,0.7848184704780579,0.7979103326797485,0.01583121344447136,0.0752313882112503,0.14302107691764832,59,2359296,0.41589779324001735,-9.381520254933118,0.015528780135275255,0.015528780135275255
0,589824,7.63071992203844e-15,147699,442125,0.05518721044063568,0.006701153237372637,0.11886866390705109,0.007377694360911846,0.7383258938789368,0.9253548979759216,0.9668853282928467,60,589824,0.2504119873046875,-14.11743448649868,,
2,589824,5.729726589021045e-14,176978,412846,0.14079299569129944,0.03573104739189148,0.458616703748703,0.04783356934785843,0.12603262066841125,0.7055792212486267,0.7948728203773499,60,589824,0.3000522189670139,-13.241866101193596,0.8755683853050851,0.8755683853050851
4,589824,4.318818387768694e-14,83022,506802,0.028198856860399246,0.016679514199495316,0.4384906589984894,0.03846677765250206,0.30992990732192993,0.8950157761573792,0.9545662999153137,60,589824,0.14075724283854166,-13.364635058246607,-0.12276895705301172,0.12276895705301172
6,589824,7.263988537195218e-14,81606,508218,0.0490981750190258,0.01905561424791813,0.4843510389328003,0.059673208743333817,0.2697473466396332,0.8015464544296265,0.8919442296028137,60,589824,0.13835652669270834,-13.138824849816926,0.22581020842968158,0.22581020842968158
8,589824,1.3358961831709537e-13,149992,439832,0.1043180376291275,0.04761959984898567,0.6062505841255188,0.10222478955984116,0.10406555235385895,0.525694727897644,0.7885487079620361,60,589824,0.2542995876736111,-12.87422729098313,0.26459755883379543,0.26459755883379543
10,589824,2.6960137139257767e-13,213948,375876,0.339816689491272,0.12047731131315231,0.8137028813362122,0.18429037928581238,0.03713519126176834,0.1921868771314621,0.4146755337715149,60,589824,0.36273193359375,-12.569277902987185,0.3049493879959453,0.3049493879959453
12,589824,5.688618521550171e-13,246414,343410,0.7543542981147766,0.2431405931711197,0.8860245943069458,0.3151569068431854,0.017300153151154518,0.08898844569921494,0.18537501990795135,60,589824,0.4177754720052083,-12.244993189020178,0.32428471396700687,0.32428471396700687
14,589824,1.0946201627407004e-12,257162,332662,1.2772064208984375,0.35685232281684875,0.9077038168907166,0.44844338297843933,0.012089656665921211,0.06137765571475029,0.12561343610286713,60,589824,0.4359978569878472,-11.96073655648003,0.28425663254014744,0.28425663254014744
16,589824,2.2722579026690504e-12,261950,327874,1.6101735830307007,0.5159886479377747,0.9374172687530518,0.5922970771789551,0.008020615205168724,0.04045428708195686,0.08158427476882935,60,589824,0.4441155327690972,-11.64354237747271,0.3171941790073216,0.3171941790073216
18,589824,4.25800497291795e-12,260996,328828,1.7157316207885742,0.5658859610557556,0.919842004776001,0.6706475615501404,0.008233843371272087,0.04167497158050537,0.08337292820215225,60,589824,0.4424981011284722,-11.370793835685493,0.27274854178721597,0.27274854178721597
20,589824,7.574629291851043e-12,261972,327852,1.6573702096939087,0.6663747429847717,0.8991602659225464,0.7182538509368896,0.007386285811662674,0.03672148287296295,0.07458431273698807,60,589824,0.44415283203125,-11.120638617009561,0.25015521867593193,0.25015521867593193
22,589824,1.3023189297800553e-11,268498,321326,1.6240592002868652,0.6504887342453003,0.8772675395011902,0.757641613483429,0.007325939368456602,0.03781406208872795,0.07628362625837326,60,589824,0.4552171495225694,-10.885282646733911,0.23535597027565025,0.23535597027565025
24,589824,2.123216533145289e-11,270758,319066,1.6272352933883667,0.7161999940872192,0.8523851633071899,0.7659674882888794,0.00787788350135088,0.03844761848449707,0.07732366025447845,60,589824,0.4590488009982639,-10.673005712685267,0.2122769340486439,0.2122769340486439
26,589824,3.133930961962683e-11,266616,323208,1.707323670387268,0.6999858021736145,0.8457778692245483,0.7446337938308716,0.007748972624540329,0.038741111755371094,0.07788354903459549,60,589824,0.4520263671875,-10.503910574928339,0.16909513775692808,0.16909513775692808
28,589824,4.7668011898815976e-11,271098,318726,1.640298843383789,0.7165775895118713,0.8441604375839233,0.7617834210395813,0.00828113779425621,0.04071221500635147,0.08111457526683807,60,589824,0.459625244140625,-10.32177296091917,0.18213761400916972,0.18213761400916972
30,589824,6.893873666369288e-11,274502,315322,1.603659987449646,0.7063775062561035,0.865498423576355,0.780181348323822,0.008254949003458023,0.04120552912354469,0.08259321004152298,60,589824,0.4653964572482639,-10.161536679515454,0.1602362814037157,0.1602362814037157
32,589824,9.44738939856471e-11,270042,319782,1.6318933963775635,0.7459304928779602,0.8658309578895569,0.7463778257369995,0.009087475016713142,0.0450485497713089,0.08994156867265701,60,589824,0.4578348795572917,-10.024688183705651,0.13684849580980263,0.13684849580980263
34,589824,1.2537379467936205e-10,267100,322724,1.6117652654647827,0.7178577780723572,0.8787542581558228,0.7415525317192078,0.009168850257992744,0.04524148255586624,0.0871284157037735,60,589824,0.4528469509548611,-9.90179322917885,0.12289495452680121,0.12289495452680121
36,589824,1.7365510418532182e-10,274608,315216,1.4853237867355347,0.7043458819389343,0.8838611841201782,0.7549622058868408,0.008827128447592258,0.044201187789440155,0.08868277817964554,60,589824,0.465576171875,-9.76031244709585,0.14148078208299886,0.14148078208299886
38,589824,2.2274326827442792e-10,277004,312820,1.8372033834457397,0.731711208820343,0.9063720703125,0.7526512145996094,0.009887943975627422,0.05032418295741081,0.10134150087833405,60,589824,0.4696384006076389,-9.652195412298706,0.10811703479714474,0.10811703479714474
40,589824,2.8158536613531737e-10,269506,320318,1.58686101436615,0.7391995191574097,0.968859076499939,0.753969669342041,0.01015561819076538,0.05063338205218315,0.09899964928627014,60,589824,0.4569261338975694,-9.550389919032133,0.10180549326657307,0.10180549326657307
42,589824,3.499770473425201e-10,266214,323610,1.5382075309753418,0.7095323801040649,0.9659751057624817,0.742406964302063,0.009683938696980476,0.049020711332559586,0.09753431379795074,60,589824,0.4513448079427083,-9.45596043719074,0.09442948184139333,0.09442948184139333
44,589824,4.373829909365412e-10,270936,318888,1.2613365650177002,0.7234987020492554,0.959566056728363,0.7035220265388489,0.010138925164937973,0.04964271932840347,0.09617400169372559,60,589824,0.4593505859375,-9.359138109926716,0.0968223272640234,0.0968223272640234
46,589824,5.470025543630186e-10,280690,309134,1.2431726455688477,0.7126296758651733,0.9410330653190613,0.7529224157333374,0.010221241042017937,0.05000890791416168,0.09666179865598679,60,589824,0.4758877224392361,-9.262010645616892,0.09712746430982477,0.09712746430982477
48,589824,6.510402772441637e-10,275710,314114,1.3632683753967285,0.7504376769065857,0.904750645160675,0.7518680691719055,0.011686191894114017,0.05858329311013222,0.11012658476829529,60,589824,0.4674445258246528,-9.186392142547339,0.07561850306955265,0.07561850306955265
50,589824,7.523059952774247e-10,262916,326908,1.221207618713379,0.7282834053039551,0.894128143787384,0.7400822639465332,0.01078671496361494,0.05410853773355484,0.10200215876102448,60,589824,0.4457533094618056,-9.123605477187155,0.06278666536018385,0.06278666536018385
52,589824,9.092504527075107e-10,268002,321822,1.0647236108779907,0.6964377760887146,0.8457511067390442,0.7087898850440979,0.011350661516189575,0.05920851230621338,0.11312975734472275,60,589824,0.454376220703125,-9.041316474041933,0.08228900314522214,0.08228900314522214
54,589824,1.0645824222166311e-09,274090,315734,1.1604828834533691,0.7185131907463074,0.8145983219146729,0.737600564956665,0.012368200346827507,0.05806487053632736,0.10434164106845856,60,589824,0.4646979437934028,-8.972820708929133,0.0684957651128002,0.0684957651128002
56,589824,1.2560203987987961e-09,277130,312694,1.0784337520599365,0.7296895384788513,0.8105521202087402,0.7352404594421387,0.010330891236662865,0.05415508896112442,0.10938909649848938,60,589824,0.4698520236545139,-8.901003307243874,0.07181740168525863,0.07181740168525863
58,589824,1.431050167255421e-09,274956,314868,1.15586519241333,0.7384834885597229,0.7973307967185974,0.7450422644615173,0.012802048586308956,0.06067880243062973,0.11402551829814911,60,589824,0.4661661783854167,-8.844345141236516,0.056658166007357735,0.056658166007357735
60,589824,1.6104871880529004e-09,266480,323344,1.1098443269729614,0.7287606596946716,0.7760449051856995,0.7444952130317688,0.011805763468146324,0.05942284315824509,0.11475908011198044,60,589824,0.4517957899305556,-8.793042725783787,0.05130241545272973,0.05130241545272973
62,589824,1.7944064012453964e-09,265678,324146,1.1117266416549683,0.7112299799919128,0.7660906314849854,0.7265589237213135,0.011630620807409286,0.05607163533568382,0.1065613254904747,60,589824,0.4504360622829861,-8.746079190149233,0.046963535634553466,0.046963535634553466
64,589824,2.0510255716033043e-09,271292,318532,1.0199908018112183,0.702991247177124,0.7517538666725159,0.7184399366378784,0.011813838966190815,0.05843150615692139,0.10628768801689148,60,589824,0.4599541558159722,-8.688028924937838,0.05805026521139567,0.05805026521139567
66,589824,2.328123249739633e-09,276146,313678,1.0456937551498413,0.7216559648513794,0.747179388999939,0.7430867552757263,0.01413020584732294,0.06741361320018768,0.12016469240188599,60,589824,0.4681837293836806,-8.632994032069849,0.05503489286798846,0.05503489286798846
68,589824,2.588012470994272e-09,273384,316440,1.0763922929763794,0.7457733750343323,0.7359843254089355,0.7445196509361267,0.013936441391706467,0.06479164958000183,0.11784888803958893,60,589824,0.4635009765625,-8.58703363524022,0.0459603968296296,0.0459603968296296
70,589824,2.8581670363792e-09,271344,318480,1.0555239915847778,0.7258646488189697,0.7488747835159302,0.7762175798416138,0.013075652532279491,0.06480703502893448,0.11997685581445694,60,589824,0.4600423177083333,-8.543912393859271,0.043121241380948305,0.043121241380948305
72,589824,3.067653908672696e-09,264378,325446,1.0807312726974487,0.7347466945648193,0.7237700819969177,0.7146086692810059,0.012996542267501354,0.06444938480854034,0.12196173518896103,60,589824,0.4482320149739583,-8.513193638866493,0.030718754992777875,0.030718754992777875
74,589824,3.3279601296953842e-09,262824,327000,1.0099737644195557,0.712043285369873,0.7204365730285645,0.7101841568946838,0.012966852635145187,0.06049675866961479,0.11105150729417801,60,589824,0.4455973307291667,-8.477821885373203,0.03537175349329047,0.03537175349329047
76,589824,3.6818419424378135e-09,274708,315116,0.9795293807983398,0.7006340026855469,0.7118441462516785,0.7071616649627686,0.013548932038247585,0.06754808872938156,0.12219156324863434,60,589824,0.4657457139756944,-8.433934859232455,0.04388702614074802,0.04388702614074802
78,589824,4.085241922524574e-09,281200,308624,1.0199249982833862,0.7180718779563904,0.7262028455734253,0.7584766149520874,0.013300142250955105,0.06424608826637268,0.11905761063098907,60,589824,0.4767523871527778,-8.388782220035731,0.045152639196723854,0.045152639196723854
80,589824,4.354384408600254e-09,274344,315480,1.084163784980774,0.7504462003707886,0.7252466082572937,0.7613195180892944,0.013924124650657177,0.06836672127246857,0.12939958274364471,60,589824,0.4651285807291667,-8.36107323373209,0.02770898630364016,0.02770898630364016
82,589824,4.616826032588506e-09,264074,325750,1.0393743515014648,0.7268996834754944,0.7285351157188416,0.752320408821106,0.014143763110041618,0.06568613648414612,0.12187492847442627,60,589824,0.4477166069878472,-8.33565648986521,0.025416743866880864,0.025416743866880864
84,589824,4.935937880645724e-09,267680,322144,0.9396852850914001,0.7077909111976624,0.7224632501602173,0.7339281439781189,0.015540944412350655,0.07300882041454315,0.1358226239681244,60,589824,0.4538302951388889,-8.306630314587162,0.029026175278048072,0.029026175278048072
86,589824,5.2361617264296e-09,270884,318940,1.0040228366851807,0.7268015146255493,0.7158103585243225,0.7197319865226746,0.012994492426514626,0.07210835814476013,0.12878945469856262,60,589824,0.4592624240451389,-8.280986948100796,0.025643366486365338,0.025643366486365338
88,589824,5.514274814544251e-09,267040,322784,0.9826468229293823,0.7322097420692444,0.6965032815933228,0.7121149897575378,0.014173906296491623,0.07113540917634964,0.13676227629184723,60,589824,0.4527452256944444,-8.258511593785915,0.022475354314881457,0.022475354314881457
90,589824,5.827708093875117e-09,267327,322497,1.0069626569747925,0.7195756435394287,0.6940014362335205,0.7309183478355408,0.01481331791728735,0.06778589636087418,0.12445057928562164,60,589824,0.4532318115234375,-8.23450220988664,0.02400938389927454,0.02400938389927454
92,589824,6.29415675135192e-09,279681,310143,0.9279907941818237,0.7122143507003784,0.7084477543830872,0.7146017551422119,0.014087477698922157,0.07371612638235092,0.14570170640945435,60,589824,0.4741770426432292,-8.20106244550296,0.033439764383681236,0.033439764383681236
94,589824,6.595734181047419e-09,282074,307750,1.0890895128250122,0.746038019657135,0.7237362861633301,0.7607510089874268,0.015105964615941048,0.06923360377550125,0.1289980560541153,60,589824,0.4782341851128472,-8.180736855457862,0.02032559004509693,0.02032559004509693
96,589824,6.798254403861392e-09,270690,319134,1.0089222192764282,0.7365024089813232,0.7367016077041626,0.7727288007736206,0.015578706748783588,0.07694410532712936,0.14265765249729156,60,589824,0.4589335123697917,-8.167602587307263,0.013134268150599482,0.013134268150599482
98,589824,6.925318540851322e-09,262584,327240,1.0181165933609009,0.7309722304344177,0.7313963770866394,0.7498033046722412,0.014391585253179073,0.07366404682397842,0.1401989459991455,60,589824,0.4451904296875,-8.159560245750539,0.008042341556723898,0.008042341556723898
0,589824,2.5224197323968703e-14,149602,440222,0.06465782970190048,0.021689873188734055,0.07790575176477432,0.023932194337248802,0.20713627338409424,0.7999826073646545,0.8862114548683167,61,589824,0.2536383734809028,-13.598182644845961,,
2,589824,1.801247817350901e-13,179328,410496,0.34423279762268066,0.10056338459253311,0.22089143097400665,0.1339024156332016,0.04459983855485916,0.2272595465183258,0.4964590072631836,61,589824,0.3040364583333333,-12.744426532430854,0.8537561124151072,0.8537561124151072
4,589824,1.4007913752556167e-13,82404,507420,0.08277840167284012,0.049329742789268494,0.23832356929779053,0.11358088999986649,0.10915732383728027,0.5061526298522949,0.8455414772033691,61,589824,0.13970947265625,-12.85362654088979,-0.10920000845893618,0.10920000845893618
6,589824,2.300552868865491e-13,71816,518008,0.1346062868833542,0.049910590052604675,0.29447251558303833,0.16310827434062958,0.10666146874427795,0.5008215308189392,0.7637991905212402,61,589824,0.12175835503472222,-12.638167781789441,0.21545875910034873,0.21545875910034873
8,589824,3.45813086282884e-13,103400,486424,0.11758670955896378,0.06793588399887085,0.3463234007358551,0.21603642404079437,0.07833655923604965,0.3713926672935486,0.6853578686714172,61,589824,0.17530653211805555,-12.461158576149112,0.17700920564032963,0.17700920564032963
10,589824,5.268941749916878e-13,145868,443956,0.18928290903568268,0.13429531455039978,0.40246352553367615,0.2822719216346741,0.03953574597835541,0.19375737011432648,0.38306552171707153,61,589824,0.2473076714409722,-12.278276602685422,0.18288197346369017,0.18288197346369017
12,589824,7.474718543773462e-13,176518,413306,0.3019478917121887,0.22651252150535583,0.4412987232208252,0.33648785948753357,0.02567443624138832,0.12530167400836945,0.24528376758098602,61,589824,0.2992723253038194,-12.126405155804521,0.15187144688090015,0.15187144688090015
14,589824,9.887995370411184e-13,196690,393134,0.34737062454223633,0.2775602638721466,0.47393694519996643,0.3746545910835266,0.022156693041324615,0.10863795876502991,0.2084142565727234,61,589824,0.3334723578559028,-12.004891745593179,0.12151341021134243,0.12151341021134243
16,589824,1.3104843816016953e-12,217564,372260,0.42553457617759705,0.3288351595401764,0.5051283836364746,0.41266119480133057,0.018583038821816444,0.09104907512664795,0.17672501504421234,61,589824,0.3688625759548611,-11.882568150623234,0.12232359496994505,0.12232359496994505
18,589824,1.7090767820068797e-12,233950,355874,0.5057604312896729,0.3881262242794037,0.5230730175971985,0.4455197751522064,0.015263945795595646,0.0748194083571434,0.147232323884964,61,589824,0.3966437445746528,-11.767238425721139,0.11532972490209481,0.11532972490209481
20,589824,2.191605620940895e-12,244060,345764,0.5843286514282227,0.43593329191207886,0.5378106236457825,0.4742039144039154,0.01310743298381567,0.06570105999708176,0.12844382226467133,61,589824,0.4137844509548611,-11.659237594375089,0.10800083134605032,0.10800083134605032
22,589824,2.8824252013004426e-12,252094,337730,0.6761205792427063,0.4877610206604004,0.5562741160392761,0.5062834024429321,0.01159091480076313,0.05758963152766228,0.11462787538766861,61,589824,0.4274054633246528,-11.540241953793526,0.11899564058156287,0.11899564058156287
24,589824,3.5781956824604277e-12,258138,331686,0.7319467067718506,0.5188215970993042,0.5611233115196228,0.5288380980491638,0.01114132720977068,0.056074656546115875,0.11084768176078796,61,589824,0.437652587890625,-11.44633591265379,0.09390604113973566,0.09390604113973566
26,589824,4.351277151093402e-12,264548,325276,0.7941809892654419,0.545427680015564,0.5692695379257202,0.5496602058410645,0.010512270033359528,0.053464777767658234,0.1067216545343399,61,589824,0.4485202365451389,-11.361383253789068,0.08495265886472225,0.08495265886472225
28,589824,5.372169289280526e-12,268408,321416,0.8858286142349243,0.5782236456871033,0.5835575461387634,0.5695220828056335,0.009779887273907661,0.05000223591923714,0.0994754284620285,61,589824,0.4550645616319444,-11.269850310180175,0.09153294360889319,0.09153294360889319
30,589824,6.590625181018828e-12,268466,321358,0.9598913788795471,0.6001836061477661,0.5979824066162109,0.5873445272445679,0.009699552319943905,0.0488218255341053,0.09784479439258575,61,589824,0.4551628960503472,-11.18107338665204,0.08877692352813504,0.08877692352813504
32,589824,8.113803032228084e-12,268886,320938,0.9940748810768127,0.621115505695343,0.6175739169120789,0.6082921624183655,0.009342249482870102,0.047079432755708694,0.09523738920688629,61,589824,0.4558749728732639,-11.090775539280786,0.09029784737125368,0.09029784737125368
34,589824,9.987824803325829e-12,269418,320406,1.0495595932006836,0.6380665898323059,0.636488139629364,0.6273729205131531,0.008974901400506496,0.04617360234260559,0.09192036092281342,61,589824,0.4567769368489583,-11.000529084223789,0.09024645505699702,0.09024645505699702
36,589824,1.2161815825251221e-11,268948,320876,1.0706323385238647,0.652291476726532,0.6537659764289856,0.6432054042816162,0.009183931164443493,0.04523922875523567,0.09250486642122269,61,589824,0.4559800889756944,-10.915001577693841,0.08552750652994767,0.08552750652994767
38,589824,1.4719055835277217e-11,267888,321936,1.0966200828552246,0.6611689329147339,0.6671923995018005,0.6549630165100098,0.009265066124498844,0.046478379517793655,0.09347563236951828,61,589824,0.4541829427083333,-10.832120047245814,0.08288153044802726,0.08288153044802726
40,589824,1.769065276213677e-11,266724,323100,1.1070719957351685,0.6744510531425476,0.6786665320396423,0.6644498705863953,0.009151781909167767,0.046452511101961136,0.09325370192527771,61,589824,0.45220947265625,-10.75225614189165,0.07986390535416454,0.07986390535416454
42,589824,2.1095805657900257e-11,266344,323480,1.1128484010696411,0.6787896752357483,0.6883847117424011,0.6747188568115234,0.00963040255010128,0.04683041572570801,0.09333793818950653,61,589824,0.4515652126736111,-10.675803884072144,0.07645225781950593,0.07645225781950593
44,589824,2.5493239463880712e-11,264974,324850,1.1335198879241943,0.6904274225234985,0.6992774605751038,0.6848217248916626,0.009257512167096138,0.046257369220256805,0.09296383708715439,61,589824,0.4492424858940972,-10.59357497457794,0.08222890949420325,0.08222890949420325
46,589824,2.983161287439806e-11,264284,325540,1.099508285522461,0.6915268301963806,0.7050135731697083,0.6905929446220398,0.009773576632142067,0.04909113049507141,0.09821252524852753,61,589824,0.4480726453993056,-10.525323265460761,0.06825170911717926,0.06825170911717926
48,589824,3.488949407159936e-11,263234,326590,1.1179001331329346,0.6987921595573425,0.70223069190979,0.6921036243438721,0.009311106987297535,0.04805610328912735,0.09529164433479309,61,589824,0.4462924533420139,-10.457305328158817,0.06801793730194383,0.06801793730194383
50,589824,4.0342302415341535e-11,263498,326326,1.11330246925354,0.6939266920089722,0.7051544785499573,0.7009358406066895,0.009984895586967468,0.04946906492114067,0.09886223077774048,61,589824,0.4467400444878472,-10.394239319367095,0.06306600879172208,0.06306600879172208
52,589824,4.658250521427654e-11,263520,326304,1.1309610605239868,0.7049831748008728,0.710858941078186,0.7086139917373657,0.009707042947411537,0.04907407611608505,0.09835686534643173,61,589824,0.44677734375,-10.331777158749398,0.06246216061769694,0.06246216061769694
54,589824,5.3353984424964196e-11,261342,328482,1.1171513795852661,0.7042005658149719,0.7143967151641846,0.7130650877952576,0.01057235337793827,0.05240260064601898,0.10214202105998993,61,589824,0.443084716796875,-10.272833142328338,0.0589440164210604,0.0589440164210604
56,589824,6.036279115440024e-11,260060,329764,1.0988168716430664,0.7087854146957397,0.7169027924537659,0.7156150341033936,0.010332230478525162,0.051784202456474304,0.10269168019294739,61,589824,0.4409111870659722,-10.219230686806847,0.053602455521490455,0.053602455521490455
58,589824,6.796615353854563e-11,258578,331246,1.1014589071273804,0.7058009505271912,0.7119994759559631,0.7154827117919922,0.010503601282835007,0.052955009043216705,0.10433602333068848,61,589824,0.4383985731336806,-10.167707307748085,0.051523379058762586,0.051523379058762586
60,589824,7.6558509531921e-11,259570,330254,1.0838406085968018,0.7074279189109802,0.7138329148292542,0.7214775085449219,0.010455753654241562,0.05181646719574928,0.10476943105459213,61,589824,0.4400804307725694,-10.116006530147136,0.051700777600949266,0.051700777600949266
62,589824,8.555801206400204e-11,260208,329616,1.0897539854049683,0.7102820873260498,0.7151251435279846,0.7266808152198792,0.01095661986619234,0.05334194377064705,0.10716427117586136,61,589824,0.441162109375,-10.067739314793172,0.04826721535396317,0.04826721535396317
64,589824,9.447579524257677e-11,257352,332472,1.102964162826538,0.7176728844642639,0.7147406935691833,0.7306485176086426,0.01102769747376442,0.05467219650745392,0.1082058772444725,61,589824,0.4363199869791667,-10.024679443755915,0.043059871037257835,0.043059871037257835
66,589824,1.0387207066697712e-10,255700,334124,1.0725278854370117,0.7100499868392944,0.7151162028312683,0.7341365814208984,0.01105592492967844,0.055338289588689804,0.10957763344049454,61,589824,0.4335191514756944,-9.983501210727507,0.04117823302840762,0.04117823302840762
68,589824,1.1424315660146789e-10,256554,333270,1.071964979171753,0.7111806869506836,0.7137857675552368,0.7364747524261475,0.011264685541391373,0.05550488829612732,0.11124364286661148,61,589824,0.434967041015625,-9.942169805605895,0.041331405121612264,0.041331405121612264
70,589824,1.244388619925374e-10,256312,333512,1.0753151178359985,0.7146679162979126,0.7128115892410278,0.7361916303634644,0.011372857727110386,0.05585380271077156,0.11210555583238602,61,589824,0.4345567491319444,-9.905043969217314,0.037125836388581135,0.037125836388581135
72,589824,1.3527987063888247e-10,255898,333926,1.0683221817016602,0.716935932636261,0.7145777344703674,0.7404481768608093,0.011414704844355583,0.05751510709524155,0.11519434303045273,61,589824,0.4338548448350694,-9.868766820703383,0.03627714851393016,0.03627714851393016
74,589824,1.4655088254045268e-10,256250,333574,1.0692209005355835,0.7154979109764099,0.7164183855056763,0.748231828212738,0.011761951260268688,0.0589541457593441,0.11813853681087494,61,589824,0.4344516330295139,-9.83401156186359,0.0347552588397928,0.0347552588397928
76,589824,1.57335838801842e-10,254778,335046,1.0765188932418823,0.7213937044143677,0.7189422845840454,0.7516394257545471,0.011810282245278358,0.059243734925985336,0.11778882145881653,61,589824,0.4319559733072917,-9.803172340179955,0.030839221683635287,0.030839221683635287
78,589824,1.6816474601721865e-10,253346,336478,1.0539076328277588,0.7164215445518494,0.7194098234176636,0.7496463656425476,0.012200705707073212,0.060581181198358536,0.12066897004842758,61,589824,0.4295281304253472,-9.774265044298687,0.02890729588126817,0.02890729588126817
80,589824,1.7962080434141825e-10,253192,336632,1.048398494720459,0.7185608744621277,0.7167256474494934,0.7489162087440491,0.012761065736413002,0.06177129969000816,0.12253545969724655,61,589824,0.4292670355902778,-9.745643363173103,0.02862168112558372,0.02862168112558372
82,589824,1.915566316679218e-10,254114,335710,1.0415470600128174,0.7154446244239807,0.7149516344070435,0.7537450790405273,0.012470780871808529,0.06264117360115051,0.12611661851406097,61,589824,0.4308302137586806,-9.717702808197064,0.027940554976039422,0.027940554976039422
84,589824,2.0413157275633864e-10,255276,334548,1.050038456916809,0.7236133813858032,0.717830240726471,0.7612730264663696,0.012790078297257423,0.06386028975248337,0.12579326331615448,61,589824,0.43280029296875,-9.690089818344179,0.027612989852885406,0.027612989852885406
86,589824,2.1522912618809897e-10,253782,336042,1.0418230295181274,0.7232478857040405,0.7190952897071838,0.7639628648757935,0.012711698189377785,0.06508736312389374,0.12779472768306732,61,589824,0.430267333984375,-9.667098957509197,0.02299086083498203,0.02299086083498203
88,589824,2.2588822479185922e-10,251526,338298,1.0355886220932007,0.7240755558013916,0.7150455117225647,0.7559847831726074,0.012968837283551693,0.06608859449625015,0.1307976096868515,61,589824,0.4264424641927083,-9.646106407597594,0.020992549911602154,0.020992549911602154
90,589824,2.37487751686416e-10,252586,337238,1.0193268060684204,0.7168955206871033,0.7133527398109436,0.7587152123451233,0.01366663258522749,0.06752155721187592,0.13281813263893127,61,589824,0.4282396104600694,-9.624358783985102,0.021747623612492717,0.021747623612492717
92,589824,2.4967361511585295e-10,255752,334072,1.0206395387649536,0.7212746143341064,0.7169100642204285,0.7663492560386658,0.0131885576993227,0.06673261523246765,0.1336294561624527,61,589824,0.4336073133680556,-9.602627350380084,0.021731433605017614,0.021731433605017614
94,589824,2.59920335254904e-10,254733,335091,1.0383033752441406,0.7265192270278931,0.7160300612449646,0.768595278263092,0.014591749757528305,0.06948845088481903,0.13699443638324738,61,589824,0.4318796793619792,-9.585159741493557,0.017467608886526875,0.017467608886526875
96,589824,2.7086327625269746e-10,252485,337339,1.0087392330169678,0.7265682220458984,0.7155656218528748,0.7682961225509644,0.013969145715236664,0.07034081220626831,0.1385151594877243,61,589824,0.4280683729383681,-9.567249872788684,0.017909868704872878,0.017909868704872878
98,589824,2.8057184353613707e-10,252848,336976,1.00333571434021,0.7226259708404541,0.7121375203132629,0.7687094807624817,0.014439505524933338,0.07100313901901245,0.13996157050132751,61,589824,0.4286838107638889,-9.551955914242935,0.01529395854574922,0.01529395854574922
0,589824,1.63738329671129e-14,153914,435910,0.04354174807667732,0.014496838673949242,0.13187529146671295,0.015699142590165138,0.3052418828010559,0.8405342698097229,0.9139324426651001,62,589824,0.2609490288628472,-13.785849644252504,,
2,589824,1.1202727656124678e-13,170158,419666,0.244076207280159,0.06478830426931381,0.40209656953811646,0.08903735131025314,0.06982333958148956,0.36783459782600403,0.720659613609314,62,589824,0.2884894476996528,-12.950676221814016,0.8351734224384888,0.8351734224384888
4,589824,8.437869137125145e-14,79480,510344,0.052619896829128265,0.03063822165131569,0.39355307817459106,0.07247751206159592,0.17170357704162598,0.792551577091217,0.906014084815979,62,589824,0.13475206163194445,-13.073767214373094,-0.12309099255907796,0.12309099255907796
6,589824,1.3789200358806097e-13,73348,516476,0.07204470038414001,0.03160722553730011,0.42508384585380554,0.10705526173114777,0.16562141478061676,0.7266319394111633,0.8401455879211426,62,589824,0.1243557400173611,-12.860460918003067,0.21330629637002652,0.21330629637002652
8,589824,2.4001552698452167e-13,134712,455112,0.1420745551586151,0.0708942860364914,0.49516940116882324,0.16770222783088684,0.07194607704877853,0.3535690903663635,0.6632297039031982,62,589824,0.2283935546875,-12.619760662181823,0.24070025582124366,0.24070025582124366
10,589824,4.533104848523234e-13,195216,394608,0.38741135597229004,0.1642933487892151,0.603834867477417,0.2683420181274414,0.029341857880353928,0.14712421596050262,0.30143535137176514,62,589824,0.3309733072916667,-12.343604235803772,0.2761564263780514,0.2761564263780514
12,589824,8.627720933518379e-13,232932,356892,0.7280963063240051,0.2974551022052765,0.6599050164222717,0.3957969546318054,0.015373584814369678,0.07647725194692612,0.15644049644470215,62,589824,0.3949178059895833,-12.064103910740693,0.2795003250630792,0.2795003250630792
14,589824,1.519742990306605e-12,250922,338902,1.1232163906097412,0.3949017822742462,0.6959623694419861,0.505332350730896,0.012011700309813023,0.05891870707273483,0.11966666579246521,62,589824,0.4254184299045139,-11.81822985108758,0.24587405965311326,0.24587405965311326
16,589824,2.766187669547837e-12,261102,328722,1.479125738143921,0.5299856662750244,0.7536829113960266,0.6099017262458801,0.00844497513025999,0.041163988411426544,0.08268415927886963,62,589824,0.4426778157552083,-11.558118358903423,0.26011149218415675,0.26011149218415675
18,589824,4.966856786969842e-12,264542,325282,1.5795096158981323,0.5720769762992859,0.7908490300178528,0.6779951453208923,0.007601817604154348,0.03901081904768944,0.07937870174646378,62,589824,0.4485100640190972,-11.303918362156056,0.25419999674736715,0.25419999674736715
20,589824,8.400757520177216e-12,263040,326784,1.6357115507125854,0.6563231945037842,0.8053779602050781,0.7118029594421387,0.007565388921648264,0.03853786364197731,0.07617472112178802,62,589824,0.4459635416666667,-11.07568155060483,0.22823681155122522,0.22823681155122522
22,589824,1.3845856752792152e-11,266834,322990,1.5198804140090942,0.65485018491745,0.811626136302948,0.7427898049354553,0.0072292136028409,0.036674488335847855,0.074791818857193,62,589824,0.4523959689670139,-10.858680165848497,0.21700138475633324,0.21700138475633324
24,589824,2.2263073329309435e-11,273104,316720,1.5173059701919556,0.7060820460319519,0.8032091856002808,0.7647194862365723,0.007498974911868572,0.03801482170820236,0.07585389167070389,62,589824,0.4630262586805556,-10.652414883225532,0.20626528262296517,0.20626528262296517
26,589824,3.3109456148983085e-11,268304,321520,1.4773626327514648,0.6980857253074646,0.7888187766075134,0.7439903020858765,0.007662949152290821,0.04017084836959839,0.08089331537485123,62,589824,0.4548882378472222,-10.480047952846103,0.17236693037942885,0.17236693037942885
28,589824,4.832862582349051e-11,267940,321884,1.4627832174301147,0.7225746512413025,0.7723504900932312,0.744196355342865,0.008199596777558327,0.03979622200131416,0.07996566593647003,62,589824,0.4542711046006944,-10.31579555341812,0.16425239942798342,0.16425239942798342
30,589824,7.076013386342339e-11,276770,313054,1.3632183074951172,0.6898199319839478,0.7791823148727417,0.7675135731697083,0.007956065237522125,0.04091484099626541,0.08360733091831207,62,589824,0.4692416720920139,-10.150211354166906,0.1655841992512137,0.1655841992512137
32,589824,9.749187568353079e-11,274892,314932,1.446273684501648,0.7466557025909424,0.7780009508132935,0.7666215896606445,0.008836197666823864,0.04335157200694084,0.08653580397367477,62,589824,0.4660576714409722,-10.011031573971433,0.13917978019547306,0.13917978019547306
34,589824,1.2726286691133737e-10,265734,324090,1.427311658859253,0.7182906866073608,0.7701824903488159,0.725702702999115,0.009355220012366772,0.047208864241838455,0.09242701530456543,62,589824,0.450531005859375,-9.89529829743054,0.11573327654089383,0.11573327654089383
36,589824,1.7386848905065477e-10,272945,316879,1.2699772119522095,0.7169203162193298,0.778946578502655,0.7502855062484741,0.00836432259529829,0.04248841479420662,0.08480463176965714,62,589824,0.4627566867404514,-9.75977911996074,0.13551917746979925,0.13551917746979925
38,589824,2.2744027494692176e-10,279055,310769,1.3488408327102661,0.7124778032302856,0.7775996923446655,0.7472695112228394,0.009446166455745697,0.049162354320287704,0.09849671274423599,62,589824,0.4731157090928819,-9.643132628309441,0.11664649165129859,0.11664649165129859
40,589824,2.8502383786488394e-10,272860,316964,1.4460315704345703,0.7484552264213562,0.7877348065376282,0.7484512329101562,0.009539690800011158,0.04913508519530296,0.09737227857112885,62,589824,0.4626125759548611,-9.545118816411675,0.0980138118977667,0.0980138118977667
42,589824,3.5691383182268055e-10,268900,320924,1.2762137651443481,0.7049094438552856,0.8045554757118225,0.7515398263931274,0.010334696620702744,0.05157679319381714,0.10024172067642212,62,589824,0.4558987087673611,-9.44743662108927,0.0976821953224043,0.0976821953224043
44,589824,4.3894321510862255e-10,267876,321948,1.2527146339416504,0.7352775931358337,0.7833725214004517,0.707611083984375,0.010217414237558842,0.050168734043836594,0.09622736275196075,62,589824,0.45416259765625,-9.357591659621429,0.0898449614678416,0.0898449614678416
46,589824,5.470873754021e-10,275952,313872,1.2083057165145874,0.6953678727149963,0.7872100472450256,0.727824330329895,0.010403983294963837,0.051556069403886795,0.09793370217084885,62,589824,0.4678548177083333,-9.261943306894006,0.095648352727423,0.095648352727423
48,589824,6.69247879336865e-10,282234,307590,1.2702560424804688,0.744229793548584,0.800524890422821,0.7576333284378052,0.010516096837818623,0.05432017520070076,0.10480664670467377,62,589824,0.4785054524739583,-9.174412996299052,0.08753031059495342,0.08753031059495342
50,589824,7.696484005670357e-10,268526,321298,1.2619351148605347,0.737488865852356,0.8032244443893433,0.7380643486976624,0.011857324279844761,0.05688462033867836,0.10400854796171188,62,589824,0.4552646213107639,-9.113707628810381,0.06070536748867106,0.06070536748867106
52,589824,9.072054218961512e-10,263704,326120,1.0979479551315308,0.7207146883010864,0.7818974256515503,0.7159724831581116,0.011031308211386204,0.05621454492211342,0.11013863980770111,62,589824,0.4470893012152778,-9.042294362890605,0.07141326591977659,0.07141326591977659
54,589824,1.0728384847169536e-09,272908,316916,1.0544241666793823,0.6931217908859253,0.7585987448692322,0.7222323417663574,0.011663271114230156,0.0580122210085392,0.10758570581674576,62,589824,0.4626939561631944,-8.96946565592414,0.07282870696646526,0.07282870696646526
56,589824,1.2689364004003778e-09,278256,311568,1.0803345441818237,0.7335741519927979,0.7506935000419617,0.7347499132156372,0.010943160392343998,0.054988931864500046,0.104655422270298,62,589824,0.4717610677083333,-8.896560144372861,0.07290551155127822,0.07290551155127822
58,589824,1.4494554445576568e-09,275074,314750,1.1193251609802246,0.7345065474510193,0.7426797151565552,0.7279220819473267,0.011611420661211014,0.058602411299943924,0.11302049458026886,62,589824,0.4663662380642361,-8.838795130071075,0.057765014301786266,0.057765014301786266
60,589824,1.6384045231632172e-09,269084,320740,1.0948634147644043,0.7377323508262634,0.7337548732757568,0.743590772151947,0.011706381104886532,0.05874001979827881,0.11293870955705643,62,589824,0.4562106662326389,-8.78557886174057,0.0532162683305053,0.0532162683305053
62,589824,1.8341528296161869e-09,268258,321566,1.065962791442871,0.7041873931884766,0.7269763350486755,0.7353588342666626,0.012010824866592884,0.06072884798049927,0.11531063169240952,62,589824,0.4548102484809028,-8.736564479847209,0.04901438189336105,0.04901438189336105
64,589824,2.0678714296451517e-09,269768,320056,1.0514477491378784,0.7253191471099854,0.7145934104919434,0.7099058628082275,0.01236618123948574,0.057705141603946686,0.10304410010576248,62,589824,0.4573703342013889,-8.684476467092342,0.05208801275486685,0.05208801275486685
66,589824,2.348308880684158e-09,275160,314664,1.0006356239318848,0.6925087571144104,0.7129912972450256,0.7318627834320068,0.013646605424582958,0.067226342856884,0.12235063314437866,62,589824,0.4665120442708333,-8.629244779505328,0.05523168758701402,0.05523168758701402
68,589824,2.6166664390814276e-09,274268,315556,1.0771870613098145,0.7478145360946655,0.7027102708816528,0.7372587323188782,0.0132388761267066,0.06259205937385559,0.11267811059951782,62,589824,0.4649997287326389,-8.582251635747284,0.0469931437580442,0.0469931437580442
70,589824,2.89135493325432e-09,271134,318690,1.028014063835144,0.7211627960205078,0.7123171091079712,0.7615946531295776,0.013668517582118511,0.06557273864746094,0.12031689286231995,62,589824,0.459686279296875,-8.538898592489769,0.043353043257514656,0.043353043257514656
72,589824,3.1635094543958076e-09,271232,318592,1.0466539859771729,0.7372008562088013,0.708520233631134,0.7433619499206543,0.01437514740973711,0.06528359651565552,0.12182927876710892,62,589824,0.4598524305555556,-8.499830863279815,0.03906772920995394,0.03906772920995394
74,589824,3.3771045959696266e-09,263376,326448,1.0544178485870361,0.7217276692390442,0.6956608295440674,0.7073701024055481,0.013767389580607414,0.0622304230928421,0.11417137831449509,62,589824,0.446533203125,-8.471455488150799,0.028375375129016334,0.028375375129016334
76,589824,3.684103466738975e-09,266218,323606,0.9715341329574585,0.7174499034881592,0.6851525902748108,0.6859025955200195,0.013372499495744705,0.06665589660406113,0.12071309983730316,62,589824,0.4513515896267361,-8.433668181297447,0.03778730685335141,0.03778730685335141
78,589824,4.118891450133333e-09,282250,307574,0.9457734823226929,0.6799914836883545,0.6994208097457886,0.7437794208526611,0.013661648146808147,0.06588485836982727,0.1221257746219635,62,589824,0.4785325792100694,-8.385219653352953,0.048448527944493947,0.048448527944493947
80,589824,4.453218682698434e-09,279726,310098,1.0910801887512207,0.7612102627754211,0.6987696886062622,0.7630257606506348,0.013180756010115147,0.06243610009551048,0.11974217742681503,62,589824,0.4742533365885417,-8.351325977593394,0.03389367575955937,0.03389367575955937
82,589824,4.6714845325368515e-09,264752,325072,1.0542689561843872,0.7324181795120239,0.7060944437980652,0.7445065379142761,0.01334834098815918,0.06578987091779709,0.12417280673980713,62,589824,0.4488661024305556,-8.330545084779516,0.020780892813878182,0.020780892813878182
84,589824,5.009104686592991e-09,266702,323122,0.9434041380882263,0.7178086638450623,0.7035474181175232,0.7326112389564514,0.015215483494102955,0.06969201564788818,0.1297440528869629,62,589824,0.4521721733940972,-8.300239891781324,0.0303051929981919,0.0303051929981919
86,589824,5.310691442161897e-09,271332,318492,0.9748202562332153,0.7118807435035706,0.6976263523101807,0.723986804485321,0.013584832660853863,0.06877920776605606,0.12631388008594513,62,589824,0.46002197265625,-8.274848930902326,0.025390960878997504,0.025390960878997504
88,589824,5.609654518679008e-09,269866,319958,0.9709787368774414,0.7360184788703918,0.6848655939102173,0.7100294828414917,0.01317320391535759,0.07114271074533463,0.13462607562541962,62,589824,0.4575364854600694,-8.25106388477797,0.023785046124356057,0.023785046124356057
90,589824,5.924380097610538e-09,270336,319488,0.9717565774917603,0.7146532535552979,0.67889004945755,0.7288185954093933,0.014744614250957966,0.06947650760412216,0.12823671102523804,62,589824,0.4583333333333333,-8.227357085701252,0.023706799076718355,0.023706799076718355
92,589824,6.347787628868673e-09,276310,313514,0.9504172205924988,0.7274008393287659,0.683702826499939,0.7224722504615784,0.015059172175824642,0.07357315719127655,0.1402808427810669,62,589824,0.4684617784288194,-8.197377611399432,0.02997947430182002,0.02997947430182002
94,589824,6.655050732717882e-09,279154,310670,1.0256290435791016,0.7339141368865967,0.69468092918396,0.7337327003479004,0.01619536057114601,0.07245104759931564,0.13605034351348877,62,589824,0.4732835557725694,-8.176848629467225,0.020528981932207202,0.020528981932207202
96,589824,6.941827113138288e-09,274206,315618,0.9874052405357361,0.7385379076004028,0.7075592875480652,0.7736659049987793,0.015561293810606003,0.07227777689695358,0.13642297685146332,62,589824,0.4648946126302083,-8.158526206675123,0.01832242279210128,0.01832242279210128
98,589824,7.0923706907422e-09,267686,322138,0.9829599857330322,0.7272294163703918,0.7057077288627625,0.7483097910881042,0.014875637367367744,0.07858461141586304,0.14655229449272156,62,589824,0.4538404676649306,-8.149208573587671,0.009317633087452037,0.009317633087452037
0,589824,2.0607266368040215e-14,149884,439940,0.050854798406362534,0.017959630116820335,0.07029018551111221,0.019666625186800957,0.24693095684051514,0.8172119855880737,0.8975607752799988,63,589824,0.2541164822048611,-13.685979615208442,,
2,589824,1.3690943181671883e-13,175584,414240,0.2616262137889862,0.0771080031991005,0.16760390996932983,0.10576305538415909,0.059339120984077454,0.3015308976173401,0.6842992901802063,63,589824,0.2976888020833333,-12.863566631888968,0.8224129833194738,0.8224129833194738
4,589824,1.0746079996985444e-13,82144,507680,0.06608686596155167,0.03946617245674133,0.18034769594669342,0.08983539789915085,0.13806243240833282,0.6281286478042603,0.8756330609321594,63,589824,0.13926866319444445,-12.968749930739218,-0.10518329885024968,0.10518329885024968
6,589824,1.8770420872997462e-13,77106,512718,0.13409042358398438,0.04669046401977539,0.23826879262924194,0.13861341774463654,0.1159442812204361,0.5318522453308105,0.763001561164856,63,589824,0.13072713216145834,-12.726525989457974,0.24222394128124414,0.24222394128124414
8,589824,2.8326567979262973e-13,102020,487804,0.10437136143445969,0.058699555695056915,0.28429344296455383,0.18656624853610992,0.0885806754231453,0.4274652302265167,0.7400608062744141,63,589824,0.1729668511284722,-12.547806041009336,0.17871994844863792,0.17871994844863792
10,589824,4.4551024653248505e-13,145268,444556,0.1860589236021042,0.12067510187625885,0.3523845672607422,0.2547697126865387,0.043512679636478424,0.21558085083961487,0.42272213101387024,63,589824,0.24629041883680555,-12.351142302937225,0.19666373807211102,0.19666373807211102
12,589824,6.473569510306865e-13,175306,414518,0.29516348242759705,0.20947538316249847,0.3981999456882477,0.31379982829093933,0.02764309197664261,0.13475865125656128,0.2640354633331299,63,589824,0.2972174750434028,-12.18885618437652,0.1622861185607043,0.1622861185607043
14,589824,8.682556084695092e-13,194678,395146,0.334628164768219,0.26247861981391907,0.4231574833393097,0.3567083477973938,0.02377258986234665,0.11372112482786179,0.21811915934085846,63,589824,0.3300611707899306,-12.061352402696736,0.12750378167978482,0.12750378167978482
16,589824,1.1681884843142698e-12,214764,375060,0.4135529398918152,0.31768617033958435,0.45166316628456116,0.3998340368270874,0.019276974722743034,0.09269244968891144,0.18116165697574615,63,589824,0.3641153971354167,-11.932487079232619,0.12886532346411705,0.12886532346411705
18,589824,1.5238859436481067e-12,230922,358902,0.49348971247673035,0.3728780448436737,0.47301238775253296,0.4343320429325104,0.016009734943509102,0.07869324088096619,0.15389180183410645,63,589824,0.391510009765625,-11.81704753686644,0.11543954236617893,0.11543954236617893
20,589824,1.97472398676124e-12,242112,347712,0.5839120149612427,0.4237431287765503,0.4936951994895935,0.467094749212265,0.013844831846654415,0.06744398921728134,0.13359105587005615,63,589824,0.4104817708333333,-11.704493598469677,0.11255393839676309,0.11255393839676309
22,589824,2.6118623323162504e-12,249862,339962,0.6885444521903992,0.47805431485176086,0.5272667407989502,0.503588855266571,0.011522360146045685,0.058568328619003296,0.11667640507221222,63,589824,0.4236212836371528,-11.583049717860609,0.12144388060906763,0.12144388060906763
24,589824,3.2912299188087024e-12,255490,334334,0.751396119594574,0.5107105374336243,0.5390816926956177,0.5305686593055725,0.010955419391393661,0.055857375264167786,0.11124897748231888,63,589824,0.4331631130642361,-11.482641777692841,0.10040794016776822,0.10040794016776822
26,589824,4.037241461279928e-12,261232,328592,0.8192299604415894,0.5408949255943298,0.5522383451461792,0.5519835948944092,0.01051938533782959,0.052952930331230164,0.10644178837537766,63,589824,0.4428982204861111,-11.393915275319562,0.0887265023732784,0.0887265023732784
28,589824,5.000949741124083e-12,265036,324788,0.9087904691696167,0.5691620111465454,0.5735192894935608,0.5719340443611145,0.010111833922564983,0.04996302351355553,0.10037127137184143,63,589824,0.4493476019965278,-11.300947510031847,0.09296776528771566,0.09296776528771566
30,589824,6.158603575029398e-12,266532,323292,0.9738107919692993,0.5936259031295776,0.596949577331543,0.592411458492279,0.009503548964858055,0.048358168452978134,0.09750423580408096,63,589824,0.4518839518229167,-11.210517750239699,0.09042975979214773,0.09042975979214773
32,589824,7.539222718344618e-12,266780,323044,1.0458033084869385,0.6155543327331543,0.6187093257904053,0.6126905083656311,0.009505960159003735,0.04778844118118286,0.0970500037074089,63,589824,0.4523044162326389,-11.122673426880178,0.08784432335952097,0.08784432335952097
34,589824,9.3106416673705e-12,266734,323090,1.0633814334869385,0.63345867395401,0.645346462726593,0.6312817931175232,0.00887025985866785,0.045918405055999756,0.0932389572262764,63,589824,0.4522264268663194,-11.031020387440217,0.0916530394399615,0.0916530394399615
36,589824,1.1325371196413414e-11,267142,322682,1.0923038721084595,0.6458849310874939,0.6634982228279114,0.6491378545761108,0.008890403434634209,0.04537287354469299,0.09264735877513885,63,589824,0.4529181586371528,-10.9459475547975,0.08507283264271592,0.08507283264271592
38,589824,1.3674902356319851e-11,265960,323864,1.1464219093322754,0.6597663760185242,0.6783567070960999,0.6598219275474548,0.009738306514918804,0.04772522300481796,0.09592419862747192,63,589824,0.4509141710069444,-10.864075766000958,0.08187178879654233,0.08187178879654233
40,589824,1.6383302700595515e-11,264520,325304,1.149276852607727,0.6701377630233765,0.6961507201194763,0.6667840480804443,0.00920157227665186,0.046873584389686584,0.09417057037353516,63,589824,0.4484727647569444,-10.785598544574382,0.0784772214265761,0.0784772214265761
42,589824,1.958242075439376e-11,264386,325438,1.1554665565490723,0.6767359972000122,0.7091660499572754,0.6810895800590515,0.009429395198822021,0.04693516343832016,0.09386654198169708,63,589824,0.4482455783420139,-10.708133622272864,0.0774649223015178,0.0774649223015178
44,589824,2.3634710508146917e-11,263166,326658,1.1442980766296387,0.6881973743438721,0.7200095653533936,0.691160261631012,0.00919191725552082,0.046841155737638474,0.09344292432069778,63,589824,0.4461771647135417,-10.626449712823065,0.08168390944979897,0.08168390944979897
46,589824,2.7711085162640536e-11,261816,328008,1.1290255784988403,0.6915820240974426,0.720938503742218,0.6963614821434021,0.009781678207218647,0.049091726541519165,0.09790463000535965,63,589824,0.4438883463541667,-10.557346466966992,0.06910324585607341,0.06910324585607341
48,589824,3.229863251852372e-11,261454,328370,1.154272198677063,0.6951812505722046,0.721686840057373,0.6997693181037903,0.009718726389110088,0.04912145063281059,0.0974932461977005,63,589824,0.4432746039496528,-10.490815864734882,0.06653060223210971,0.06653060223210971
50,589824,3.729669004193248e-11,261548,328276,1.1785026788711548,0.6949648857116699,0.7279670238494873,0.7067627906799316,0.010391972959041595,0.05088931694626808,0.10000458359718323,63,589824,0.4434339735243056,-10.428329708682162,0.06248615605272079,0.06248615605272079
52,589824,4.2954313717036285e-11,260926,328898,1.1569087505340576,0.7006974816322327,0.7397873997688293,0.7152038216590881,0.009976008906960487,0.05007550120353699,0.09932701289653778,63,589824,0.4423794216579861,-10.366993215315107,0.0613364933670546,0.0613364933670546
54,589824,4.9285617254035685e-11,259602,330222,1.1152093410491943,0.702730655670166,0.7432207465171814,0.7217496037483215,0.009957551024854183,0.051209162920713425,0.10210245847702026,63,589824,0.4401346842447917,-10.307279799962862,0.05971341535224539,0.05971341535224539
56,589824,5.5565257256473544e-11,257460,332364,1.1216905117034912,0.7088592052459717,0.7373518943786621,0.7221447229385376,0.01015691738575697,0.05185659974813461,0.10306455194950104,63,589824,0.4365030924479167,-10.255196670611499,0.052083129351363056,0.052083129351363056
58,589824,6.249799983093496e-11,255442,334382,1.1225779056549072,0.7058889269828796,0.7305471301078796,0.721743106842041,0.010746079497039318,0.05245417729020119,0.10343248397111893,63,589824,0.4330817328559028,-10.204133881476531,0.05106278913496709,0.05106278913496709
60,589824,7.055944717393459e-11,257720,332104,1.0965129137039185,0.7031291723251343,0.7325488924980164,0.7305546402931213,0.010414402931928635,0.0525958389043808,0.10529256612062454,63,589824,0.4369439019097222,-10.151444830515837,0.05268905096069432,0.05268905096069432
62,589824,7.886712810600827e-11,258208,331616,1.1244219541549683,0.7127414345741272,0.7327758073806763,0.7357155680656433,0.010712293907999992,0.05415401607751846,0.10826155543327332,63,589824,0.4377712673611111,-10.103103973430622,0.04834085708521485,0.04834085708521485
64,589824,8.698865933132183e-11,254210,335614,1.1186506748199463,0.7168558239936829,0.7332935333251953,0.7357931137084961,0.010904370807111263,0.05492309480905533,0.1090082973241806,63,589824,0.4309929741753472,-10.060537362448754,0.042566610981868536,0.042566610981868536
66,589824,9.575196191491386e-11,252646,337178,1.0969107151031494,0.7105514407157898,0.7311967611312866,0.7399568557739258,0.0107541773468256,0.055504538118839264,0.10981768369674683,63,589824,0.4283413357204861,-10.018852318768301,0.04168504368045234,0.04168504368045234
68,589824,1.0508579423307296e-10,254160,335664,1.1152639389038086,0.7085965275764465,0.7312069535255432,0.7436373233795166,0.011496695689857006,0.05685001611709595,0.11317674070596695,63,589824,0.430908203125,-9.978455989044758,0.0403963297235439,0.0403963297235439
70,589824,1.1479520806156884e-10,254698,335126,1.1029411554336548,0.7142042517662048,0.7367005944252014,0.7458117604255676,0.010977706871926785,0.056141000241041183,0.11279240995645523,63,589824,0.4318203396267361,-9.940076240473358,0.038379748571399475,0.038379748571399475
72,589824,1.247011660598929e-10,254100,335724,1.0990192890167236,0.7160522937774658,0.7398849129676819,0.7519418597221375,0.011955923400819302,0.05858323723077774,0.11622196435928345,63,589824,0.4308064778645833,-9.9041294854869,0.035946754986458274,0.035946754986458274
74,589824,1.3486924077543705e-10,253000,336824,1.136273741722107,0.7174909114837646,0.7407140731811523,0.7571926116943359,0.012193677015602589,0.060521744191646576,0.1191185861825943,63,589824,0.4289415147569444,-9.870087087279193,0.03404239820770627,0.03404239820770627
76,589824,1.44900563769923e-10,251156,338668,1.0862458944320679,0.7193268537521362,0.7497336268424988,0.7589821219444275,0.012004490941762924,0.05995078757405281,0.11892608553171158,63,589824,0.4258151584201389,-9.838929924800114,0.031157162479079403,0.031157162479079403
78,589824,1.5514566020780052e-10,251020,338804,1.0637025833129883,0.716949462890625,0.7479760646820068,0.758142352104187,0.01231375988572836,0.060652539134025574,0.1200462132692337,63,589824,0.4255845811631944,-9.809260368156934,0.029669556643179718,0.029669556643179718
80,589824,1.65123581474802e-10,250614,339210,1.0811035633087158,0.7179217338562012,0.7419093251228333,0.7567713856697083,0.012397551909089088,0.062023673206567764,0.12374807894229889,63,589824,0.424896240234375,-9.782190900249859,0.02706946790707576,0.02706946790707576
82,589824,1.76441472543587e-10,251286,338538,1.092646598815918,0.7148869037628174,0.740702748298645,0.7614467740058899,0.012762350030243397,0.06358491629362106,0.12622269988059998,63,589824,0.4260355631510417,-9.75339932634769,0.028791573902168466,0.028791573902168466
84,589824,1.8810875079822154e-10,252802,337022,1.0631674528121948,0.7222859859466553,0.7495352029800415,0.7729203104972839,0.012404965236783028,0.06333019584417343,0.12524822354316711,63,589824,0.4286058213975694,-9.725591000648553,0.02780832569913727,0.02780832569913727
86,589824,1.9848489518636825e-10,251188,338636,1.065824270248413,0.7241368293762207,0.7478216290473938,0.7751980423927307,0.012731499969959259,0.06493940949440002,0.12814705073833466,63,589824,0.4258694118923611,-9.702272537700924,0.023318462947628404,0.023318462947628404
88,589824,2.0779208909083025e-10,248880,340944,1.0667093992233276,0.7226481437683105,0.7443669438362122,0.7670586109161377,0.01341208629310131,0.06599164009094238,0.13134844601154327,63,589824,0.4219563802083333,-9.682370990607515,0.019901547093409633,0.019901547093409633
90,589824,2.1883812817424797e-10,249978,339846,1.0211936235427856,0.7161753177642822,0.7431326508522034,0.7687584161758423,0.013533190824091434,0.06635783612728119,0.13149556517601013,63,589824,0.4238179524739583,-9.659877008604273,0.022493982003242152,0.022493982003242152
92,589824,2.2992278914113484e-10,252792,337032,1.0277817249298096,0.7209252715110779,0.7414305210113525,0.7764335870742798,0.013073989190161228,0.06775134801864624,0.13441485166549683,63,589824,0.4285888671875,-9.638417980850171,0.021459027754101356,0.021459027754101356
94,589824,2.3971893914342957e-10,251560,338264,1.050713300704956,0.7274556756019592,0.7371506094932556,0.7773506045341492,0.013730322942137718,0.06928765028715134,0.1356535255908966,63,589824,0.4265001085069444,-9.62029765290603,0.018120327944140868,0.018120327944140868
96,589824,2.492176465196394e-10,250034,339790,1.032545566558838,0.7252979874610901,0.7365071177482605,0.7794449329376221,0.014230065047740936,0.07121431827545166,0.14053289592266083,63,589824,0.4239128960503472,-9.603421209545893,0.016876443360137827,0.016876443360137827
98,589824,2.5832350147858563e-10,250320,339504,1.031507134437561,0.723177433013916,0.7341488599777222,0.7798919081687927,0.014157877303659916,0.07128474861383438,0.1402764469385147,63,589824,0.4243977864583333,-9.587836081251494,0.015585128294398842,0.015585128294398842
0,2359296,1.5779551263187495e-14,696925,1662371,0.061731357127428055,0.015454393811523914,0.09853728860616684,0.015361931174993515,0.23323170840740204,0.8047508597373962,0.8829400539398193,64,2359296,0.29539532131618923,-13.801905351360599,,
2,2359296,1.1761692151907727e-13,657774,1701522,0.3967670798301697,0.07432299107313156,0.20851396024227142,0.09892567992210388,0.057781245559453964,0.3053951859474182,0.6771231889724731,64,2359296,0.27880096435546875,-12.929530191918966,0.8723751594416331,0.8723751594416331
4,2359296,1.1746471308658746e-13,307014,2052282,0.15851162374019623,0.05513562634587288,0.25884801149368286,0.09981423616409302,0.10683225840330124,0.45183607935905457,0.7755444049835205,64,2359296,0.1301294962565104,-12.930092577761464,-0.0005623858424979034,0.0005623858424979034
6,2359296,1.830764272819918e-13,255620,2103676,0.1423330307006836,0.04152575507760048,0.31151464581489563,0.14093010127544403,0.12931695580482483,0.5906814932823181,0.7726585865020752,64,2359296,0.10834587944878472,-12.737367571375042,0.19272500638642143,0.19272500638642143
8,2359296,2.748406428658423e-13,384516,1974780,0.13764803111553192,0.05845748260617256,0.3558803200721741,0.1896195262670517,0.08827980607748032,0.43038779497146606,0.7361565828323364,64,2359296,0.1629791259765625,-12.56091904429369,0.1764485270813516,0.1764485270813516
10,2359296,4.541787952672127e-13,562306,1796990,0.2369915395975113,0.1252850890159607,0.4519166648387909,0.2686745524406433,0.0412871278822422,0.20316696166992188,0.4043367803096771,64,2359296,0.2383363511827257,-12.342773146015478,0.2181458982782125,0.2181458982782125
12,2359296,6.89873288703402e-13,694964,1664332,0.3704111874103546,0.22118370234966278,0.5093656182289124,0.33918648958206177,0.025067485868930817,0.12235310673713684,0.2441738098859787,64,2359296,0.2945641411675347,-12.161230670234296,0.18154247578118188,0.18154247578118188
14,2359296,9.733993125426998e-13,775651,1583645,0.4026464819908142,0.2920267879962921,0.5402089357376099,0.39316627383232117,0.01921096071600914,0.09428983181715012,0.1850961446762085,64,2359296,0.3287637498643663,-12.011708964810222,0.14952170542407472,0.14952170542407472
16,2359296,1.3172478515940944e-12,857273,1502023,0.48879221081733704,0.34285393357276917,0.5653412342071533,0.43504348397254944,0.016876772046089172,0.08302372694015503,0.16375064849853516,64,2359296,0.3633596632215712,-11.880332501080542,0.13137646372967993,0.13137646372967993
18,2359296,1.7290434492153728e-12,933024,1426272,0.5741287469863892,0.401008278131485,0.5758876204490662,0.46796783804893494,0.014379051513969898,0.07129398733377457,0.14047762751579285,64,2359296,0.3954671223958333,-11.762194093182186,0.11813840789835517,0.11813840789835517
20,2359296,2.2854584977999304e-12,985029,1374267,0.6589491367340088,0.4523870050907135,0.5894760489463806,0.5012069344520569,0.012040254659950733,0.060280460864305496,0.12054061889648438,64,2359296,0.4175097147623698,-11.641026660762806,0.1211674324193801,0.1211674324193801
22,2359296,2.9717985884636366e-12,1024503,1334793,0.7473286986351013,0.49131184816360474,0.6012636423110962,0.5335604548454285,0.011122466064989567,0.05592858046293259,0.11128420382738113,64,2359296,0.43424097696940106,-11.526980627913797,0.11404603284900894,0.11404603284900894
24,2359296,3.838062246491747e-12,1042696,1316600,0.8406174778938293,0.5419084429740906,0.6044859886169434,0.5614662766456604,0.01029734406620264,0.05156344547867775,0.10247953236103058,64,2359296,0.4419521755642361,-11.415887986065199,0.11109264184859846,0.11109264184859846
26,2359296,4.905776306018961e-12,1060358,1298938,0.889168381690979,0.56961590051651,0.6174986362457275,0.5864317417144775,0.009592043235898018,0.04758487269282341,0.09552151709794998,64,2359296,0.44943830702039933,-11.309292258672738,0.10659572739246137,0.10659572739246137
28,2359296,6.212533959493172e-12,1078196,1281100,0.954006552696228,0.5960530638694763,0.6278470754623413,0.6058654189109802,0.00889541395008564,0.04574771225452423,0.09250172972679138,64,2359296,0.4569990370008681,-11.206731224273874,0.10256103439886388,0.10256103439886388
30,2359296,7.781124702899156e-12,1077768,1281528,1.0214507579803467,0.6164420247077942,0.639102578163147,0.6206904649734497,0.009001937694847584,0.044898346066474915,0.09128959476947784,64,2359296,0.456817626953125,-11.10895762448073,0.09777359979314326,0.09777359979314326
32,2359296,9.74148626348148e-12,1079716,1279580,1.042806625366211,0.6329441070556641,0.6525154709815979,0.6377699375152588,0.009139440953731537,0.0462871715426445,0.09280496090650558,64,2359296,0.4576432969835069,-11.011374777537622,0.09758284694310859,0.09758284694310859
34,2359296,1.2160608457711941e-11,1084900,1274396,1.075376272201538,0.6588101983070374,0.6662180423736572,0.6544828414916992,0.008670845068991184,0.04346299171447754,0.08764402568340302,64,2359296,0.4598405626085069,-10.915044694535672,0.09633008300195023,0.09633008300195023
36,2359296,1.515703534904489e-11,1087558,1271738,1.0945611000061035,0.6604036688804626,0.677933931350708,0.675476610660553,0.008562302216887474,0.043071724474430084,0.08750061690807343,64,2359296,0.46096716986762154,-10.819385736531155,0.09565895800451685,0.09565895800451685
38,2359296,1.8443841939830286e-11,1073978,1285318,1.1049784421920776,0.6786365509033203,0.6806122660636902,0.6706185340881348,0.009465742856264114,0.0476713664829731,0.09563975781202316,64,2359296,0.45521121554904515,-10.734148608256668,0.08523712827448726,0.08523712827448726
40,2359296,2.242596212898018e-11,1070410,1288886,1.1024271249771118,0.682549238204956,0.6853803992271423,0.6787654161453247,0.00916751567274332,0.04608047381043434,0.09145187586545944,64,2359296,0.45369890001085067,-10.649248915581818,0.08489969267484909,0.08489969267484909
42,2359296,2.721051335641267e-11,1081624,1277672,1.0989696979522705,0.6877864599227905,0.6923224329948425,0.6951294541358948,0.009069695137441158,0.04584772512316704,0.09216049313545227,64,2359296,0.4584520128038194,-10.565263264697487,0.08398565088433152,0.08398565088433152
44,2359296,3.265363673898847e-11,1079324,1279972,1.1160587072372437,0.6959267258644104,0.6958281993865967,0.7040819525718689,0.009344737976789474,0.046957168728113174,0.09399772435426712,64,2359296,0.4574771457248264,-10.486068442942681,0.07919482175480574,0.07919482175480574
46,2359296,3.8457244333489626e-11,1063752,1295544,1.121484637260437,0.705036997795105,0.6946163177490234,0.7051031589508057,0.009944046847522259,0.0497465580701828,0.09846562147140503,64,2359296,0.4508768717447917,-10.415021838496807,0.07104660444587374,0.07104660444587374
48,2359296,4.5336026599507306e-11,1060378,1298918,1.1039879322052002,0.6992564797401428,0.6960044503211975,0.6987054944038391,0.009747467935085297,0.048457249999046326,0.0960761159658432,64,2359296,0.44944678412543404,-10.34355654555767,0.07146529293913773,0.07146529293913773
50,2359296,5.2446654658089287e-11,1063106,1296190,1.1050955057144165,0.7055739164352417,0.6954568028450012,0.7080633640289307,0.010467441752552986,0.05165618285536766,0.10109151899814606,64,2359296,0.45060306125217015,-10.280282208325843,0.0632743372318263,0.0632743372318263
52,2359296,6.12206604855281e-11,1070220,1289076,1.1018260717391968,0.7040391564369202,0.7033675909042358,0.7223801612854004,0.009629796259105206,0.048258304595947266,0.09581488370895386,64,2359296,0.4536183675130208,-10.21310198928176,0.06718021904408289,0.06718021904408289
54,2359296,7.036776716873305e-11,1065750,1293546,1.1312655210494995,0.7162389755249023,0.7072810530662537,0.7247042655944824,0.010425521992146969,0.052216749638319016,0.10247431695461273,64,2359296,0.45172373453776044,-10.152626229300626,0.0604757599811343,0.0604757599811343
56,2359296,7.921947819955477e-11,1043516,1315780,1.1023075580596924,0.7137736678123474,0.7079980373382568,0.7224563360214233,0.010820150375366211,0.05383817479014397,0.10481295734643936,64,2359296,0.4422997368706597,-10.101168022519966,0.051458206780660376,0.051458206780660376
58,2359296,8.932880823930844e-11,1038882,1320414,1.0927385091781616,0.7107002139091492,0.7020901441574097,0.7182783484458923,0.010565204545855522,0.05211468040943146,0.10349491238594055,64,2359296,0.44033559163411456,-10.049008460017069,0.052159562502897217,0.052159562502897217
60,2359296,1.0208330014638278e-10,1060710,1298586,1.0615835189819336,0.70163893699646,0.7087118029594421,0.7312293648719788,0.010770144872367382,0.05242997780442238,0.10395961254835129,64,2359296,0.44958750406901044,-9.99104529853478,0.05796316148228797,0.05796316148228797
62,2359296,1.1419554191149928e-10,1061690,1297606,1.102414608001709,0.7243087291717529,0.7110452651977539,0.733945369720459,0.01089395210146904,0.054855939000844955,0.10868427157402039,64,2359296,0.45000288221571183,-9.942350850214755,0.048694448320025785,0.048694448320025785
64,2359296,1.2516213065971726e-10,1035690,1323606,1.1025211811065674,0.7240594625473022,0.7110433578491211,0.734365701675415,0.011438751593232155,0.056243665516376495,0.10918229073286057,64,2359296,0.43898264567057294,-9.902527052382013,0.03982379783274226,0.03982379783274226
66,2359296,1.3813920840544114e-10,1031438,1327858,1.0648295879364014,0.7123956084251404,0.7096540331840515,0.7392639517784119,0.011427734978497028,0.05657635256648064,0.11116228252649307,64,2359296,0.43718041314019096,-9.859683037008994,0.04284401537301896,0.04284401537301896
68,2359296,1.5257096974696793e-10,1043266,1316030,1.0500401258468628,0.7089775800704956,0.7088302969932556,0.7389776706695557,0.011295297183096409,0.05621672421693802,0.11115573346614838,64,2359296,0.44219377305772567,-9.816528093367241,0.04315494364175265,0.04315494364175265
70,2359296,1.6687033699280818e-10,1039660,1319636,1.0857906341552734,0.7249437570571899,0.7050715088844299,0.7355815768241882,0.011692284606397152,0.057667892426252365,0.11279938369989395,64,2359296,0.4406653510199653,-9.777620857001235,0.038907236366005904,0.038907236366005904
72,2359296,1.8254661671157635e-10,1041528,1317768,1.0455002784729004,0.7155919671058655,0.7120457291603088,0.7445520758628845,0.011931508779525757,0.05873870104551315,0.11560995876789093,64,2359296,0.4414571126302083,-9.738626211780861,0.03899464522037377,0.03899464522037377
74,2359296,1.9734584799646626e-10,1039466,1319830,1.0754350423812866,0.7269784212112427,0.7109819054603577,0.7518834471702576,0.01230054721236229,0.06089857965707779,0.11886776983737946,64,2359296,0.44058312310112846,-9.704772006391305,0.03385420538955586,0.03385420538955586
76,2359296,2.1220329660120996e-10,1029046,1330250,1.0483664274215698,0.7205879092216492,0.7133790254592896,0.7540574669837952,0.012580583803355694,0.06064062938094139,0.11779550462961197,64,2359296,0.43616655137803817,-9.673247873570428,0.03152413282087707,0.03152413282087707
78,2359296,2.2731792836960807e-10,1028956,1330340,1.050826072692871,0.7207825183868408,0.711650013923645,0.7470284104347229,0.012504908256232738,0.0601075254380703,0.11869992315769196,64,2359296,0.4361284044053819,-9.64336631049176,0.02988156307866774,0.02988156307866774
80,2359296,2.423092004821825e-10,1023880,1335416,1.0410661697387695,0.7173953652381897,0.7056065797805786,0.7434430122375488,0.012363753281533718,0.06173574924468994,0.12237273156642914,64,2359296,0.4339769151475694,-9.615630095384644,0.02773621510711699,0.02773621510711699
82,2359296,2.608690208294462e-10,1033658,1325638,1.014814019203186,0.7184664607048035,0.7058297395706177,0.7532780766487122,0.012989789247512817,0.06508051604032516,0.12744542956352234,64,2359296,0.43812137179904515,-9.583577491929503,0.03205260345514027,0.03205260345514027
84,2359296,2.792559516962001e-10,1047138,1312158,1.0270963907241821,0.7247901558876038,0.7115364670753479,0.7696623206138611,0.012828299775719643,0.06288378685712814,0.12252062559127808,64,2359296,0.44383494059244794,-9.553997562129013,0.029579929800490845,0.029579929800490845
86,2359296,2.9350688546259107e-10,1030194,1329102,1.0543829202651978,0.7328439950942993,0.7102342247962952,0.7683902978897095,0.0132324593141675,0.06507609039545059,0.12705276906490326,64,2359296,0.43665313720703125,-9.53238170605748,0.02161585607153249,0.02161585607153249
88,2359296,3.066960574393818e-10,1009038,1350258,1.0287169218063354,0.7246311902999878,0.7041962146759033,0.7464596033096313,0.013564405031502247,0.06641276180744171,0.1298038363456726,64,2359296,0.42768605550130206,-9.51329180681284,0.019089899244640662,0.019089899244640662
90,2359296,3.230611056448396e-10,1024458,1334838,0.9902118444442749,0.7139972448348999,0.7047714591026306,0.7537237405776978,0.013632574118673801,0.0677197054028511,0.1325940042734146,64,2359296,0.43422190348307294,-9.490715324930667,0.022576481882172317,0.022576481882172317
92,2359296,3.4108246782516005e-10,1047678,1311618,1.007879376411438,0.7176188230514526,0.7077223658561707,0.7648497223854065,0.013422062620520592,0.06748924404382706,0.13276883959770203,64,2359296,0.44406382242838544,-9.467140603437734,0.023574721492932937,0.023574721492932937
94,2359296,3.551547389513132e-10,1036118,1323178,1.039336919784546,0.7366399765014648,0.7070439457893372,0.7657041549682617,0.014380601234734058,0.07006537914276123,0.13602697849273682,64,2359296,0.43916405571831596,-9.449582386013256,0.017558217424477718,0.017558217424477718
96,2359296,3.698540917973503e-10,1024102,1335194,0.9919193983078003,0.7243198156356812,0.7073670029640198,0.7674747109413147,0.014604014344513416,0.0712917298078537,0.1384705752134323,64,2359296,0.43407101101345485,-9.431969572216419,0.017612813796837656,0.017612813796837656
98,2359296,3.8342001795754754e-10,1026728,1332568,0.9956692457199097,0.7265200018882751,0.7014394998550415,0.763249933719635,0.014837425202131271,0.07343035191297531,0.1424749195575714,64,2359296,0.4351840549045139,-9.416325216806017,0.015644355410401545,0.015644355410401545
0,2359296,8.060633188483254e-15,747578,1611718,0.0424087718129158,0.007990230806171894,0.05994929373264313,0.007929477840662003,0.666940450668335,0.85096675157547,0.9146416783332825,65,2359296,0.31686486138237846,-14.093630841636186,,
2,2359296,6.41197571383742e-14,624190,1735106,0.2946297526359558,0.04384317249059677,0.1406426876783371,0.05788490176200867,0.09567920118570328,0.6062032580375671,0.7298082113265991,65,2359296,0.26456620958116317,-13.193008131259623,0.9006227103765632,0.9006227103765632
4,2359296,6.477063080757156e-14,284400,2074896,0.09742826223373413,0.03241688385605812,0.16656461358070374,0.05852891132235527,0.1697573959827423,0.7491033673286438,0.8374683856964111,65,2359296,0.12054443359375,-13.188621873288652,0.00438625797097103,0.00438625797097103
6,2359296,1.0010582992972875e-13,240800,2118496,0.07874078303575516,0.024593006819486618,0.2001008689403534,0.08449005335569382,0.21299417316913605,0.750390350818634,0.8406145572662354,65,2359296,0.10206434461805555,-12.999540629487878,0.18908124380077318,0.18908124380077318
8,2359296,1.55576249040619e-13,386776,1972520,0.0868314877152443,0.03921596333384514,0.23278462886810303,0.12093210965394974,0.13225483894348145,0.6170082688331604,0.8483928442001343,65,2359296,0.1639370388454861,-12.80805670360545,0.19148392588242835,0.19148392588242835
10,2359296,2.70407855178581e-13,576318,1782978,0.1786852329969406,0.09056179225444794,0.3128931522369385,0.18693684041500092,0.05636471509933472,0.2814939022064209,0.5442655086517334,65,2359296,0.2442754109700521,-12.567980696564865,0.24007600704058518,0.24007600704058518
12,2359296,4.347397008358511e-13,727856,1631440,0.34937986731529236,0.17067822813987732,0.3723286986351013,0.25882285833358765,0.030771197751164436,0.15289975702762604,0.30916693806648254,65,2359296,0.3085055881076389,-12.36177069782011,0.20620999874475565,0.20620999874475565
14,2359296,6.640229273553733e-13,811046,1548250,0.4233192503452301,0.24293336272239685,0.4261890649795532,0.32923567295074463,0.021823670715093613,0.10786564648151398,0.21712085604667664,65,2359296,0.34376610649956596,-12.177816925071712,0.18395377274839753,0.18395377274839753
16,2359296,9.25058532379175e-13,883958,1475338,0.5227052569389343,0.3021640181541443,0.4612768590450287,0.3806554973125458,0.017735004425048828,0.08867163211107254,0.1754268854856491,65,2359296,0.37467024061414933,-12.033830786736592,0.1439861383351193,0.1439861383351193
18,2359296,1.2742076274316338e-12,944019,1415277,0.6760460138320923,0.3737785518169403,0.49011674523353577,0.4273621439933777,0.014761355705559254,0.07193605601787567,0.14242616295814514,65,2359296,0.4001274108886719,-11.894759799550982,0.13907098718560995,0.13907098718560995
20,2359296,1.7768204442492053e-12,993117,1366179,0.918810248374939,0.41612643003463745,0.5340195894241333,0.47784507274627686,0.012410420924425125,0.06153252720832825,0.12360074371099472,65,2359296,0.42093785603841144,-11.750356457401086,0.14440334214989647,0.14440334214989647
22,2359296,2.4198043742373887e-12,1029838,1329458,1.0269365310668945,0.4760900139808655,0.6063543558120728,0.5264111757278442,0.011159037239849567,0.05581654980778694,0.11192731559276581,65,2359296,0.43650224473741317,-11.616219742541606,0.13413671485947987,0.13413671485947987
24,2359296,3.2536211138495252e-12,1027356,1331940,1.1440268754959106,0.5340928435325623,0.6503502726554871,0.564132571220398,0.010095817968249321,0.05119354650378227,0.10240461677312851,65,2359296,0.4354502360026042,-11.48763302231032,0.12858672023128648,0.12858672023128648
26,2359296,4.364589852728917e-12,1048584,1310712,1.2084704637527466,0.5620389580726624,0.7059109807014465,0.6056475639343262,0.009028365835547447,0.04576171189546585,0.09307409077882767,65,2359296,0.4444478352864583,-11.360056561366353,0.1275764609439669,0.1275764609439669
28,2359296,5.684278568673928e-12,1053468,1305828,1.5852546691894531,0.5994594097137451,0.745114266872406,0.6237747669219971,0.009322541765868664,0.046759843826293945,0.09416992217302322,65,2359296,0.4465179443359375,-11.245324646811875,0.1147319145544774,0.1147319145544774
30,2359296,7.327200478302043e-12,1049848,1309448,1.686038851737976,0.608460009098053,0.8428893685340881,0.6436095237731934,0.008855568245053291,0.044899832457304,0.09060931205749512,65,2359296,0.4449835883246528,-11.13506192564003,0.11026272117184455,0.11026272117184455
32,2359296,9.312048528109518e-12,1049346,1309950,1.3414345979690552,0.6492012739181519,0.9265317320823669,0.663016676902771,0.009515450336039066,0.04777451977133751,0.09534033387899399,65,2359296,0.44477081298828125,-11.030954769438681,0.10410715620134958,0.10410715620134958
34,2359296,1.2136670141105199e-11,1053744,1305552,1.342692494392395,0.6502796411514282,0.9063361883163452,0.6891180872917175,0.007965882308781147,0.040270693600177765,0.08120188862085342,65,2359296,0.4466349283854167,-10.915900451457572,0.11505431798110877,0.11505431798110877
36,2359296,1.5361226179955167e-11,1048394,1310902,1.3767774105072021,0.6782698631286621,0.8906077146530151,0.7045257687568665,0.009768273681402206,0.04850752651691437,0.09634163975715637,65,2359296,0.44436730278862846,-10.813574116209848,0.10232633524772439,0.10232633524772439
38,2359296,1.8569307549953784e-11,1030702,1328594,1.4268516302108765,0.6782771944999695,0.8838969469070435,0.692943274974823,0.010149393230676651,0.05054613575339317,0.09879674762487411,65,2359296,0.43686845567491317,-10.73120429081278,0.08236982539706794,0.08236982539706794
40,2359296,2.3342801649950395e-11,1044258,1315038,1.4151294231414795,0.6847038865089417,0.8881257772445679,0.7106926441192627,0.008938404731452465,0.045394912362098694,0.09029090404510498,65,2359296,0.44261423746744794,-10.631847020266102,0.09935727054667787,0.09935727054667787
42,2359296,2.859564668389325e-11,1053020,1306276,1.4616851806640625,0.6935362815856934,0.9010130763053894,0.7310906648635864,0.008982735686004162,0.04584528133273125,0.09272188693284988,65,2359296,0.4463280571831597,-10.54370007753764,0.08814694272846246,0.08814694272846246
44,2359296,3.4366266776775234e-11,1028894,1330402,1.4154189825057983,0.7108340859413147,0.906735897064209,0.7294217348098755,0.010239150375127792,0.05093333125114441,0.10084032267332077,65,2359296,0.43610212537977433,-10.463867642908026,0.07983243462961376,0.07983243462961376
46,2359296,4.080452295496251e-11,1020108,1339188,1.3870943784713745,0.701710045337677,0.9030475616455078,0.7258489727973938,0.01041556429117918,0.05092010274529457,0.09923949837684631,65,2359296,0.4323781331380208,-10.389291695108342,0.07457594779968346,0.07457594779968346
48,2359296,4.82709809623838e-11,1030140,1329156,1.3218203783035278,0.7051104307174683,0.9041633605957031,0.7303907871246338,0.01070922426879406,0.052501603960990906,0.10168521106243134,65,2359296,0.4366302490234375,-10.316313875363587,0.07297781974475548,0.07297781974475548
50,2359296,5.637406860770078e-11,1032170,1327126,1.3345704078674316,0.7063905596733093,0.8959418535232544,0.741599440574646,0.010045825503766537,0.04888341948390007,0.09557243436574936,65,2359296,0.43749067518446183,-10.248920620313584,0.06739325505000338,0.06739325505000338
52,2359296,6.698156612694461e-11,1032778,1326518,1.2939963340759277,0.7167266607284546,0.8922456502914429,0.7544776201248169,0.010348787531256676,0.05235297232866287,0.10183020681142807,65,2359296,0.43774837917751735,-10.174044702237502,0.0748759180760814,0.0748759180760814
54,2359296,7.597364404254847e-11,1016350,1342946,1.2777669429779053,0.7175797820091248,0.8841891288757324,0.7479050159454346,0.01154917012900114,0.05686033144593239,0.10814876109361649,65,2359296,0.43078528510199654,-10.119337042351592,0.054707659885909976,0.054707659885909976
56,2359296,8.555786634723006e-11,990694,1368602,1.3547585010528564,0.720468282699585,0.8617609739303589,0.7369862794876099,0.011038726195693016,0.05437501147389412,0.1052161380648613,65,2359296,0.41991085476345485,-10.067740054455564,0.05159698789602807,0.05159698789602807
58,2359296,9.838087983160548e-11,1015550,1343746,1.281646728515625,0.6964442729949951,0.8750928044319153,0.7514772415161133,0.01042095385491848,0.05217665061354637,0.10235635936260223,65,2359296,0.43044620090060765,-10.007089297813456,0.06065075664210795,0.06065075664210795
60,2359296,1.1225746027188066e-10,1038024,1321272,1.3104650974273682,0.7209644317626953,0.887604296207428,0.7665846943855286,0.011429407633841038,0.05602375045418739,0.11026623845100403,65,2359296,0.439971923828125,-9.9497847875429,0.05730451027055672,0.05730451027055672
62,2359296,1.239666563845887e-10,1009810,1349486,1.3129281997680664,0.7266191840171814,0.8910120725631714,0.7544149160385132,0.011724978685379028,0.057659365236759186,0.11015637218952179,65,2359296,0.42801327175564235,-9.906695112382065,0.04308967516083406,0.04308967516083406
64,2359296,1.3791674746688187e-10,990306,1368990,1.2533272504806519,0.7249845266342163,0.8860403895378113,0.7594992518424988,0.011616610921919346,0.05497997626662254,0.10656201094388962,65,2359296,0.41974639892578125,-9.860382993499073,0.04631211888299269,0.04631211888299269
66,2359296,1.529337351202642e-10,1001323,1357973,1.1755017042160034,0.7043474912643433,0.8819056153297424,0.7683094143867493,0.012015103362500668,0.05928556248545647,0.11435570567846298,65,2359296,0.424416012234158,-9.815496704512112,0.044886288986960565,0.044886288986960565
68,2359296,1.6816036063627138e-10,1003639,1355657,1.3607124090194702,0.7254529595375061,0.8673460483551025,0.758422315120697,0.012168717570602894,0.05873127654194832,0.11409381031990051,65,2359296,0.4253976609971788,-9.77427636992802,0.04122033458409291,0.04122033458409291
70,2359296,1.8522511302521139e-10,1002284,1357012,1.1889939308166504,0.7173965573310852,0.890725314617157,0.7607221007347107,0.011962678283452988,0.05689705163240433,0.11054950952529907,65,2359296,0.4248233371310764,-9.732300131536991,0.04197623839102782,0.04197623839102782
72,2359296,2.0208182349712445e-10,1007780,1351516,1.1539404392242432,0.7271378636360168,0.8845531940460205,0.777636706829071,0.012515628710389137,0.061871640384197235,0.12128639221191406,65,2359296,0.4271528455946181,-9.694472747889467,0.03782738364752447,0.03782738364752447
74,2359296,2.1782274595150142e-10,997610,1361686,1.2138543128967285,0.7227590680122375,0.8689194917678833,0.779785692691803,0.013079259544610977,0.06289231032133102,0.12030051648616791,65,2359296,0.42284223768446183,-9.661896771387264,0.03257597650220312,0.03257597650220312
76,2359296,2.3554536099368306e-10,995240,1364056,1.224380612373352,0.7261922359466553,0.870872437953949,0.7806099653244019,0.012453277595341206,0.05952835828065872,0.11641313135623932,65,2359296,0.4218377007378472,-9.627925444661512,0.03397132672575154,0.03397132672575154
78,2359296,2.5092025679462893e-10,983804,1375492,1.1673108339309692,0.7197979688644409,0.8682493567466736,0.7705551981925964,0.013309561647474766,0.0631924644112587,0.12189216911792755,65,2359296,0.4169904920789931,-9.600464276672591,0.027461167988921176,0.027461167988921176
80,2359296,2.6994223523146843e-10,980470,1378826,1.222964882850647,0.7184253931045532,0.8511207699775696,0.7630323767662048,0.013612859882414341,0.06574806571006775,0.12718594074249268,65,2359296,0.41557735866970485,-9.568729160301002,0.0317351163715891,0.0317351163715891
82,2359296,2.925907849338216e-10,1012372,1346924,1.0727442502975464,0.7176737189292908,0.8731217384338379,0.787419855594635,0.0129320053383708,0.06391524523496628,0.12304370850324631,65,2359296,0.4290991889105903,-9.533739355980403,0.03498980432059895,0.03498980432059895
84,2359296,3.107247792399903e-10,1007308,1351988,1.1468840837478638,0.7393214702606201,0.8593419194221497,0.80118328332901,0.013142951764166355,0.06547550857067108,0.12702272832393646,65,2359296,0.4269527859157986,-9.507624111862224,0.026115244118178893,0.026115244118178893
86,2359296,3.238896095769661e-10,970968,1388328,1.1814038753509521,0.7286590337753296,0.8420252203941345,0.7846596837043762,0.014396972954273224,0.06782407313585281,0.13136787712574005,65,2359296,0.4115498860677083,-9.489602983992812,0.018021127869412013,0.018021127869412013
88,2359296,3.416710525616651e-10,977142,1382154,1.0849530696868896,0.7203498482704163,0.8432892560958862,0.7763397097587585,0.014356152154505253,0.06930619478225708,0.13314543664455414,65,2359296,0.41416676839192706,-9.466391814427098,0.02321116956571423,0.02321116956571423
90,2359296,3.6291467053750637e-10,1010524,1348772,1.0952414274215698,0.70652836561203,0.8436316251754761,0.796690046787262,0.013376228511333466,0.06747390329837799,0.13193947076797485,65,2359296,0.4283159044053819,-9.440195475434864,0.026196338992233947,0.026196338992233947
92,2359296,3.8041539363042887e-10,1002766,1356530,1.1404340267181396,0.7416019439697266,0.8389584422111511,0.7919372916221619,0.013907531276345253,0.06919360905885696,0.13468345999717712,65,2359296,0.42502763536241317,-9.4197419175141,0.020453557920763643,0.020453557920763643
94,2359296,3.9659911466038977e-10,982498,1376798,1.033835768699646,0.727088987827301,0.8338395953178406,0.7923645377159119,0.014864153228700161,0.07113602757453918,0.13798297941684723,65,2359296,0.41643693712022567,-9.401648259617696,0.01809365789640438,0.01809365789640438
96,2359296,4.1332176570207935e-10,984290,1375006,1.0605770349502563,0.729077935218811,0.8143611550331116,0.7902376055717468,0.01555334310978651,0.07441404461860657,0.14176005125045776,65,2359296,0.41719648573133683,-9.383711723981754,0.017936535635941553,0.017936535635941553
98,2359296,4.281809351525112e-10,988412,1370884,1.1099525690078735,0.7214621901512146,0.8055817484855652,0.7922605872154236,0.01586180552840233,0.07562028616666794,0.14392884075641632,65,2359296,0.4189436170789931,-9.368372673665561,0.015339050316192981,0.015339050316192981
0,589824,4.9755723290924835e-15,145660,444164,0.04531028866767883,0.004356152378022671,0.046584807336330414,0.004820468369871378,0.7989495992660522,0.9566318392753601,0.982314944267273,66,589824,0.2469550238715278,-14.303156956110108,,
2,589824,4.98831424571803e-14,189584,400240,0.16188636422157288,0.03398215025663376,0.2259523868560791,0.04218846932053566,0.12523208558559418,0.7013197541236877,0.7882943749427795,66,589824,0.3214246961805556,-13.30204619535338,1.0011107607567276,1.0011107607567276
4,589824,4.4411180868909536e-14,85186,504638,0.040862273424863815,0.01972522772848606,0.25581395626068115,0.03941807895898819,0.2583523094654083,0.8440823554992676,0.9220646619796753,66,589824,0.14442613389756945,-13.35250767902103,-0.05046148366765024,0.05046148366765024
6,589824,9.311641220458369e-14,93430,496394,0.08916354924440384,0.031004849821329117,0.3921550214290619,0.07593470811843872,0.16467943787574768,0.7254307866096497,0.8198544383049011,66,589824,0.15840318467881945,-13.030973765831742,0.32153391318928826,0.32153391318928826
8,589824,1.7061737222698325e-13,137066,452758,0.12630601227283478,0.05777416750788689,0.5073384642601013,0.12648539245128632,0.08908846974372864,0.43242672085762024,0.7630922794342041,66,589824,0.2323845757378472,-12.767976751139152,0.2629970146925906,0.2629970146925906
10,589824,3.1528371493422247e-13,194920,394904,0.29661697149276733,0.12194715440273285,0.6536619067192078,0.20608529448509216,0.038138724863529205,0.19495177268981934,0.4093884825706482,66,589824,0.3304714626736111,-12.501298460894521,0.26667829024463074,0.26667829024463074
12,589824,6.228615171376128e-13,239428,350396,0.6148519515991211,0.25141409039497375,0.8101040720939636,0.3309401869773865,0.017458276823163033,0.08751273900270462,0.18271464109420776,66,589824,0.4059312608506944,-12.205608500737782,0.2956899601567393,0.2956899601567393
14,589824,1.130202919100154e-12,255326,334498,1.0817091464996338,0.3550044596195221,0.8402729630470276,0.44904664158821106,0.012748408131301403,0.06461151689291,0.13034316897392273,66,589824,0.4328850640190972,-11.946843575336253,0.25876492540152896,0.25876492540152896
16,589824,2.1528031093898115e-12,261876,327948,1.5043107271194458,0.49999120831489563,0.872614324092865,0.5728813409805298,0.008454383350908756,0.04217645153403282,0.08560540527105331,66,589824,0.4439900716145833,-11.666995687972905,0.2798478873633474,0.2798478873633474
18,589824,4.003579585909467e-12,264202,325622,1.6323425769805908,0.5554292798042297,0.8886635303497314,0.65861576795578,0.007819774560630322,0.04028357192873955,0.08171777427196503,66,589824,0.4479336208767361,-11.397551533866496,0.26944415410640943,0.26944415410640943
20,589824,6.853668674255964e-12,261696,328128,1.7874258756637573,0.6522219777107239,0.8950603008270264,0.7014740705490112,0.007906120270490646,0.038193173706531525,0.07650098204612732,66,589824,0.4436848958333333,-11.164076894423278,0.23347463944321767,0.23347463944321767
22,589824,1.1628804690022587e-11,267132,322692,1.6528406143188477,0.6397760510444641,0.8931323289871216,0.7420614361763,0.007464474532753229,0.03754323720932007,0.07566671073436737,66,589824,0.4529012044270833,-10.934464923552385,0.22961197087089324,0.22961197087089324
24,589824,1.8649989538821465e-11,273128,316696,1.771878957748413,0.7070842385292053,0.8841031789779663,0.764792799949646,0.007677718997001648,0.03748425841331482,0.07638543099164963,66,589824,0.4630669487847222,-10.7293214074603,0.20514351609208425,0.20514351609208425
26,589824,2.787517786040361e-11,266620,323204,1.7468136548995972,0.696847140789032,0.887277364730835,0.7404884099960327,0.007681344170123339,0.039805714040994644,0.07971269637346268,66,589824,0.4520331488715278,-10.55478235287489,0.17453905458541108,0.17453905458541108
28,589824,4.1160519437255516e-11,268322,321502,1.8261927366256714,0.7195479273796082,0.885032594203949,0.748758852481842,0.007923316210508347,0.03928861767053604,0.08004189282655716,66,589824,0.4549187554253472,-10.385519153168344,0.16926319970654546,0.16926319970654546
30,589824,6.048891248999766e-11,277074,312750,1.6069912910461426,0.6883293390274048,0.9260711669921875,0.776989221572876,0.008275767788290977,0.04149433225393295,0.08417607098817825,66,589824,0.469757080078125,-10.218324223458241,0.16719492971010297,0.16719492971010297
32,589824,8.259111450303891e-11,271860,317964,1.9613531827926636,0.7533944845199585,0.9179962277412415,0.7574028372764587,0.008809681050479412,0.04468108341097832,0.0888766273856163,66,589824,0.4609171549479167,-10.083066673380237,0.13525755007800377,0.13525755007800377
34,589824,1.086978909659031e-10,263724,326100,1.5421873331069946,0.7144246697425842,0.9669271111488342,0.729851484298706,0.009494774974882603,0.04757625609636307,0.0913379117846489,66,589824,0.4471232096354167,-9.963778882323606,0.11928779105663168,0.11928779105663168
36,589824,1.498377810715823e-10,274298,315526,1.364353060722351,0.7112434506416321,0.9372101426124573,0.7576295137405396,0.008895434439182281,0.044065210968256,0.08716432005167007,66,589824,0.4650505913628472,-9.824378666996292,0.1394002153273135,0.1394002153273135
38,589824,1.9452821298227008e-10,277980,311844,1.4013502597808838,0.7249085307121277,0.9114857316017151,0.748782753944397,0.009971939958631992,0.04996402561664581,0.10007194429636002,66,589824,0.4712931315104167,-9.711017402801255,0.11336126419503678,0.11336126419503678
40,589824,2.446313152049129e-10,270172,319652,1.3101104497909546,0.7463724613189697,0.8876935839653015,0.754083514213562,0.009741942398250103,0.049564722925424576,0.09701967984437943,66,589824,0.4580552842881944,-9.611487949792831,0.09952945300842408,0.09952945300842408
42,589824,3.0499880399048607e-10,267808,322016,1.190256953239441,0.7044711709022522,0.8487769365310669,0.7484803795814514,0.010290955193340778,0.05213063210248947,0.10150182247161865,66,589824,0.4540473090277778,-9.515701863674035,0.09578608611879602,0.09578608611879602
44,589824,3.7550321185797486e-10,267606,322218,1.1862951517105103,0.736991286277771,0.7993242144584656,0.7043020129203796,0.010246407240629196,0.049681246280670166,0.09548739343881607,66,589824,0.453704833984375,-9.425386343916193,0.09031551975784247,0.09031551975784247
46,589824,4.727816471650215e-10,277946,311878,1.1126784086227417,0.6958778500556946,0.7926562428474426,0.7433841824531555,0.010149453766644001,0.04993056133389473,0.09666626155376434,66,589824,0.4712354871961806,-9.32533939060747,0.10004695330872337,0.10004695330872337
48,589824,5.690558024795678e-10,279398,310426,1.2259576320648193,0.7555634379386902,0.7783741354942322,0.7571369409561157,0.01093780156224966,0.054273828864097595,0.1046428382396698,66,589824,0.4736972384982639,-9.244845143937674,0.08049424666979554,0.08049424666979554
50,589824,6.552523523772891e-10,263608,326216,1.218802809715271,0.7327397465705872,0.7674586772918701,0.741595447063446,0.010845649056136608,0.054949015378952026,0.1023603230714798,66,589824,0.4469265407986111,-9.183591411247226,0.06125373269044765,0.06125373269044765
52,589824,7.806072455096569e-10,265490,324334,1.0699167251586914,0.7139122486114502,0.7494595646858215,0.710861086845398,0.0109156658872962,0.05978379771113396,0.11477268487215042,66,589824,0.4501173231336806,-9.10756742196297,0.07602398928425558,0.07602398928425558
54,589824,9.19072484784067e-10,274198,315626,1.1211789846420288,0.701402485370636,0.734457790851593,0.7407270073890686,0.011728750541806221,0.058454111218452454,0.10768860578536987,66,589824,0.4648810492621528,-9.036650235621126,0.07091718634184474,0.07091718634184474
56,589824,1.0863488997259196e-09,276890,312934,1.109671711921692,0.7377694845199585,0.7437400817871094,0.7372623085975647,0.01108743529766798,0.05579833313822746,0.1062551960349083,66,589824,0.4694451226128472,-8.964030671164643,0.07261956445648288,0.07261956445648288
58,589824,1.2344982813772276e-09,273520,316304,1.1572892665863037,0.7378074526786804,0.7464645504951477,0.7357980608940125,0.01210514735430479,0.058854930102825165,0.11200277507305145,66,589824,0.4637315538194444,-8.908509510340316,0.0555211608243269,0.0555211608243269
60,589824,1.3912810903349282e-09,267100,322724,1.131931185722351,0.7356729507446289,0.7420569658279419,0.74973464012146,0.011692250147461891,0.059195056557655334,0.11335454881191254,66,589824,0.4528469509548611,-8.856585117564668,0.05192439277564809,0.05192439277564809
62,589824,1.553837614132192e-09,266198,323626,1.1048798561096191,0.7073054909706116,0.7405096292495728,0.7311002612113953,0.011818270199000835,0.05692379176616669,0.11012855172157288,66,589824,0.4513176812065972,-8.808594369686498,0.04799074787817048,0.04799074787817048
64,589824,1.7666592633247546e-09,269742,320082,1.0393718481063843,0.7200489640235901,0.7328171133995056,0.7161883115768433,0.012226497754454613,0.05766621232032776,0.10390298813581467,66,589824,0.4573262532552083,-8.752847205064501,0.05574716462199625,0.05574716462199625
66,589824,2.002813470625142e-09,275298,314526,1.0589616298675537,0.7076772451400757,0.7303940057754517,0.7387096285820007,0.014144673012197018,0.06706550717353821,0.11979746073484421,66,589824,0.4667460123697917,-8.698359496263295,0.054487708801206125,0.054487708801206125
68,589824,2.2232060636895312e-09,272910,316914,1.1125726699829102,0.7495067715644836,0.7287242412567139,0.7447294592857361,0.013755450025200844,0.0657799243927002,0.11519914865493774,66,589824,0.4626973470052083,-8.653020281711383,0.04533921455191248,0.04533921455191248
70,589824,2.4664785769346054e-09,270818,319006,1.0444490909576416,0.7201156616210938,0.7437853813171387,0.7718839049339294,0.013156436383724213,0.0662732869386673,0.12183458358049393,66,589824,0.4591505262586806,-8.607922652332183,0.04509762937919959,0.04509762937919959
72,589824,2.668894660828869e-09,267248,322576,1.0912493467330933,0.7410783171653748,0.7303932905197144,0.7294349074363708,0.013612824492156506,0.06334191560745239,0.11963420361280441,66,589824,0.4530978732638889,-8.57366856713552,0.03425408519666284,0.03425408519666284
74,589824,2.860666814541446e-09,261358,328466,1.0398458242416382,0.7177594900131226,0.7227875590324402,0.7107044458389282,0.012959236279129982,0.06148654595017433,0.11478126049041748,66,589824,0.4431118435329861,-8.543532722073278,0.030135845062241984,0.030135845062241984
76,589824,3.146059857073169e-09,269814,320010,0.9960076808929443,0.7135559320449829,0.7143977284431458,0.6983447074890137,0.013031198643147945,0.06522271037101746,0.11621338874101639,66,589824,0.4574483235677083,-8.502233018728218,0.041299703345060834,0.041299703345060834
78,589824,3.5099487760703596e-09,282434,307390,0.9854204654693604,0.6929378509521484,0.7312101125717163,0.7584607005119324,0.013192462734878063,0.06556575745344162,0.12366782873868942,66,589824,0.4788445366753472,-8.45469922154908,0.047533797179138304,0.047533797179138304
80,589824,3.754663246979817e-09,275306,314518,1.1501615047454834,0.7628029584884644,0.7275676131248474,0.7663182616233826,0.013087254948914051,0.06383442133665085,0.11876965314149857,66,589824,0.4667595757378472,-8.42542900846987,0.02927021307920974,0.02927021307920974
82,589824,3.975387574683964e-09,262588,327236,1.04521644115448,0.7254828810691833,0.7406418323516846,0.7495689392089844,0.014136213809251785,0.06752022355794907,0.12495239824056625,66,589824,0.4451972113715278,-8.4006205240286,0.024808484441269485,0.024808484441269485
84,589824,4.237618700386747e-09,266972,322852,0.9546822905540466,0.7212094664573669,0.7362034320831299,0.7379387021064758,0.015173875726759434,0.07147566229104996,0.13223858177661896,66,589824,0.4526299370659722,-8.372878123549697,0.027742400478903306,0.027742400478903306
86,589824,4.490058547190756e-09,270096,319728,0.9949494004249573,0.7146670818328857,0.7273885607719421,0.7242993712425232,0.012865796685218811,0.0691087618470192,0.12639950215816498,66,589824,0.4579264322916667,-8.347747996066587,0.025130127483109277,0.025130127483109277
88,589824,4.750804194486591e-09,268244,321580,1.0421319007873535,0.7381836771965027,0.7102046608924866,0.7141449451446533,0.013834419660270214,0.07232967019081116,0.13599558174610138,66,589824,0.4547865125868056,-8.32323286876126,0.02451512730532812,0.02451512730532812
90,589824,5.0201305334951485e-09,268818,321006,0.9951590299606323,0.7166301608085632,0.7200368642807007,0.7355468273162842,0.014485637657344341,0.06690028309822083,0.12514787912368774,66,589824,0.4557596842447917,-8.299284990177767,0.0239478785834919,0.0239478785834919
92,589824,5.373884448545141e-09,275580,314244,0.9909577369689941,0.7301628589630127,0.7219578623771667,0.7207300662994385,0.015527252107858658,0.07660570740699768,0.14364975690841675,66,589824,0.46722412109375,-8.269711676179506,0.02957331399826124,0.02957331399826124
94,589824,5.630816257706783e-09,278340,311484,1.0390383005142212,0.7349298596382141,0.7409571409225464,0.7480428218841553,0.015459509566426277,0.07019831985235214,0.13026514649391174,66,589824,0.4719034830729167,-8.249428644132262,0.02028303204724402,0.02028303204724402
96,589824,5.875440578506641e-09,273366,316458,1.0457645654678345,0.7373336553573608,0.7485689520835876,0.7778072357177734,0.01530182920396328,0.07313272356987,0.13735431432724,66,589824,0.463470458984375,-8.230959561628122,0.018469082504140033,0.018469082504140033
98,589824,5.973234795675353e-09,264825,324999,1.0480031967163086,0.7350834012031555,0.7528495788574219,0.7464129328727722,0.015221372246742249,0.07792693376541138,0.1450202912092209,66,589824,0.4489898681640625,-8.22379041368721,0.007169147940912168,0.007169147940912168
0,589824,1.5529397022874883e-14,149128,440696,0.04705209657549858,0.013497174717485905,0.0484224371612072,0.014870911836624146,0.33775684237480164,0.8553658723831177,0.9269688129425049,67,589824,0.2528347439236111,-13.80884540677769,,
2,589824,1.5967378786362063e-13,195244,394580,0.36582809686660767,0.09810498356819153,0.18453960120677948,0.12154185771942139,0.04362233728170395,0.22366371750831604,0.5133678913116455,67,589824,0.3310207790798611,-12.796766372030094,1.0120790347475968,1.0120790347475968
4,589824,1.3589796605747995e-13,86628,503196,0.0972636267542839,0.0529942624270916,0.22033600509166718,0.11043018102645874,0.1040310263633728,0.47246846556663513,0.815752387046814,67,589824,0.14687093098958334,-12.866787043169074,-0.07002067113898036,0.07002067113898036
6,589824,2.920508073659539e-13,92144,497680,0.22948306798934937,0.08262394368648529,0.3625708818435669,0.1994502991437912,0.062185272574424744,0.307073712348938,0.5979228019714355,67,589824,0.1562228732638889,-12.534541588828176,0.3322454543408977,0.3322454543408977
8,589824,4.570306806617186e-13,104742,485082,0.15981169044971466,0.09090674668550491,0.4174460470676422,0.26468539237976074,0.05870615690946579,0.2841840088367462,0.5444807410240173,67,589824,0.177581787109375,-12.340054644580395,0.19448694424778168,0.19448694424778168
10,589824,6.601083069913971e-13,142036,447788,0.2012973427772522,0.15310774743556976,0.4600316882133484,0.3259172737598419,0.03663155809044838,0.17707481980323792,0.3456306755542755,67,589824,0.2408108181423611,-12.180384801928275,0.1596698426521197,0.1596698426521197
12,589824,8.740943082188868e-13,174402,415422,0.2942635715007782,0.24582377076148987,0.4822475016117096,0.3698307275772095,0.026266900822520256,0.1248953565955162,0.2394181340932846,67,589824,0.295684814453125,-12.058441707720888,0.12194309420738669,0.12194309420738669
14,589824,1.1109681967783058e-12,199780,390044,0.3526992201805115,0.28692862391471863,0.49566882848739624,0.4030643403530121,0.022379616275429726,0.1076984629034996,0.20694763958454132,67,589824,0.3387112087673611,-11.954298373247594,0.10414333447329405,0.10414333447329405
16,589824,1.4999945729954334e-12,223499,366325,0.4806942939758301,0.35495463013648987,0.524527370929718,0.444893479347229,0.017064953222870827,0.08277889341115952,0.16283294558525085,67,589824,0.3789248996310764,-11.82391031222592,0.13038806102167477,0.13038806102167477
18,589824,1.924035149952763e-12,237013,352811,0.5680380463600159,0.41306108236312866,0.5369530916213989,0.47022172808647156,0.014400053769350052,0.06947720050811768,0.13854935765266418,67,589824,0.4018368191189236,-11.715786998155231,0.10812331407068854,0.10812331407068854
20,589824,2.4854111824179626e-12,246646,343178,0.6631166338920593,0.45843780040740967,0.5514593124389648,0.49815043807029724,0.012041549198329449,0.06274984776973724,0.1234157457947731,67,589824,0.4181688096788194,-11.604601752007975,0.11118524614725622,0.11118524614725622
22,589824,3.3030360131053316e-12,253926,335898,0.7713678479194641,0.5101262927055359,0.571671187877655,0.5325340032577515,0.011089845560491085,0.05500421300530434,0.1097012534737587,67,589824,0.430511474609375,-11.481086691156403,0.12351506085157204,0.12351506085157204
24,589824,4.121438433590807e-12,259866,329958,0.8327364921569824,0.538971483707428,0.58096843957901,0.5557941198348999,0.010632403194904327,0.05353143438696861,0.10603156685829163,67,589824,0.440582275390625,-11.384951183300926,0.09613550785547709,0.09613550785547709
26,589824,5.136711802439242e-12,266126,323698,0.9268969297409058,0.5715482234954834,0.5974775552749634,0.578437089920044,0.009976477362215519,0.050055235624313354,0.10019689798355103,67,589824,0.4511956108940972,-11.289314799882325,0.0956363834186007,0.0956363834186007
28,589824,6.479969338890612e-12,268024,321800,1.0401631593704224,0.5990901589393616,0.6200955510139465,0.6013780832290649,0.009208130650222301,0.04716368764638901,0.09518923610448837,67,589824,0.4544135199652778,-11.188427049064918,0.10088775081740664,0.10088775081740664
30,589824,8.05826412542121e-12,267296,322528,1.1149131059646606,0.6210981607437134,0.6466795206069946,0.6215111613273621,0.009173350408673286,0.04646160081028938,0.09452442079782486,67,589824,0.4531792534722222,-11.093758501860393,0.09466854720452567,0.09466854720452567
32,589824,1.0117147571098162e-11,267086,322738,1.14461088180542,0.6404927968978882,0.6738325953483582,0.6416254639625549,0.008944684639573097,0.04568565636873245,0.09161842614412308,67,589824,0.4528232150607639,-10.994941915238167,0.0988165866222257,0.0988165866222257
34,589824,1.2688389401660505e-11,267910,321914,1.1639866828918457,0.6558114290237427,0.6966127753257751,0.6619458794593811,0.008689485490322113,0.045037511736154556,0.09116493910551071,67,589824,0.4542202419704861,-10.896593501495786,0.09834841374238046,0.09834841374238046
36,589824,1.575481585469607e-11,267032,322792,1.1897960901260376,0.6708675026893616,0.7117157578468323,0.6770444512367249,0.00944456085562706,0.04514065757393837,0.09132613241672516,67,589824,0.4527316623263889,-10.802586668577366,0.09400683291842071,0.09400683291842071
38,589824,1.9347665830560246e-11,263606,326218,1.174416422843933,0.6821253299713135,0.7191368341445923,0.6806351542472839,0.009294173680245876,0.047089215368032455,0.09356008470058441,67,589824,0.4469231499565972,-10.71337142227578,0.0892152463015865,0.0892152463015865
40,589824,2.3729369164060543e-11,263802,326022,1.1521296501159668,0.6853930354118347,0.7219648957252502,0.6900076866149902,0.009317594580352306,0.04650457575917244,0.09243296086788177,67,589824,0.4472554524739583,-10.624713807177061,0.08865761509871817,0.08865761509871817
42,589824,2.8802793483606592e-11,264726,325098,1.1489707231521606,0.6942179203033447,0.7221651673316956,0.7004885077476501,0.009473946876823902,0.04706375673413277,0.09431260824203491,67,589824,0.448822021484375,-10.540565389474034,0.08414841770302672,0.08414841770302672
44,589824,3.4747985738770026e-11,263272,326552,1.1734437942504883,0.6996230483055115,0.7196452021598816,0.706829309463501,0.00965921115130186,0.047570571303367615,0.09514494240283966,67,589824,0.4463568793402778,-10.459070365401676,0.08149502407235865,0.08149502407235865
46,589824,4.1062150207826775e-11,262104,327720,1.1449081897735596,0.7039698362350464,0.7214772701263428,0.7088965177536011,0.009801452979445457,0.049533773213624954,0.09753761440515518,67,589824,0.4443766276041667,-10.386558312662846,0.07251205273882988,0.07251205273882988
48,589824,4.8412312353418585e-11,261732,328092,1.1461721658706665,0.7035329937934875,0.7174793481826782,0.7123163342475891,0.009643452242016792,0.04863753914833069,0.09773356467485428,67,589824,0.4437459309895833,-10.315044173332126,0.07151413933071993,0.07151413933071993
50,589824,5.652069090533729e-11,261468,328356,1.16232430934906,0.7078583240509033,0.717573881149292,0.7171094417572021,0.009886487387120724,0.0501093827188015,0.09916701167821884,67,589824,0.44329833984375,-10.247792538002857,0.06725163532926892,0.06725163532926892
52,589824,6.551408027188899e-11,261076,328748,1.1445730924606323,0.7096688747406006,0.7234399318695068,0.7254807949066162,0.0101656224578619,0.050740014761686325,0.10086718201637268,67,589824,0.4426337348090278,-10.183665351501004,0.06412718650185312,0.06412718650185312
54,589824,7.526344825148357e-11,259604,330220,1.1499028205871582,0.7128434181213379,0.7231717705726624,0.7255988717079163,0.010485200211405754,0.05270719900727272,0.10418945550918579,67,589824,0.4401380750868056,-10.12341588803203,0.060249463468974085,0.060249463468974085
56,589824,8.523565880880213e-11,257642,332182,1.132622241973877,0.7146639823913574,0.7231570482254028,0.7252017855644226,0.010774640366435051,0.05321337282657623,0.1045287624001503,67,589824,0.4368116590711806,-10.06937867772125,0.05403721031077957,0.05403721031077957
58,589824,9.709247295042189e-11,258126,331698,1.1291203498840332,0.7107778787612915,0.7220026254653931,0.7312769889831543,0.010769933462142944,0.05309809744358063,0.10429789870977402,67,589824,0.4376322428385417,-10.01281443726816,0.056564240453090164,0.056564240453090164
60,589824,1.1007800226892073e-10,259280,330544,1.1163444519042969,0.7145432233810425,0.7252145409584045,0.7376331090927124,0.010494445450603962,0.0533168762922287,0.1074976846575737,67,589824,0.4395887586805556,-9.958299460753338,0.05451497651482207,0.05451497651482207
62,589824,1.224736423388606e-10,257048,332776,1.1468383073806763,0.7230863571166992,0.7249510288238525,0.735672116279602,0.011425881646573544,0.055997323244810104,0.10994444787502289,67,589824,0.4358045789930556,-9.911957366144007,0.04634209460933114,0.04634209460933114
64,589824,1.357800261114761e-10,254722,335102,1.1132487058639526,0.7177907228469849,0.7279129028320312,0.7396547794342041,0.01144777424633503,0.05612393096089363,0.11076388508081436,67,589824,0.4318610297309028,-9.867164112143666,0.044793254000341065,0.044793254000341065
66,589824,1.5057628754977515e-10,255160,334664,1.0890852212905884,0.7142412662506104,0.7261816263198853,0.743588387966156,0.011432042345404625,0.056807491928339005,0.11066389828920364,67,589824,0.4326036241319444,-9.82224341457032,0.04492069757334605,0.04492069757334605
68,589824,1.6576566508330615e-10,255956,333868,1.0973641872406006,0.7177347540855408,0.7246407866477966,0.7439197301864624,0.011923924088478088,0.05781462416052818,0.11510571837425232,67,589824,0.4339531792534722,-9.780505419558063,0.041737995012256945,0.041737995012256945
70,589824,1.810922245493174e-10,255362,334462,1.1081887483596802,0.7214022874832153,0.7247243523597717,0.7436948418617249,0.01156006008386612,0.05835637450218201,0.11518941819667816,67,589824,0.4329460991753472,-9.742100196333205,0.038405223224858176,0.038405223224858176
72,589824,1.9744622603568018e-10,254818,335006,1.093300700187683,0.719936192035675,0.7278939485549927,0.7504998445510864,0.011961478739976883,0.05974067747592926,0.1173386499285698,67,589824,0.4320237901475694,-9.704551162902584,0.03754903343062033,0.03754903343062033
74,589824,2.135623067278658e-10,254352,335472,1.0954813957214355,0.7223523259162903,0.730027437210083,0.7550387382507324,0.012655690312385559,0.06169010326266289,0.12043153494596481,67,589824,0.4312337239583333,-9.670475396889925,0.03407576601265916,0.03407576601265916
76,589824,2.29962854314536e-10,252954,336870,1.0826385021209717,0.7225936651229858,0.7307294011116028,0.7537954449653625,0.012350071221590042,0.0608924925327301,0.11953556537628174,67,589824,0.428863525390625,-9.63834230950006,0.0321330873898642,0.0321330873898642
78,589824,2.4642882179293224e-10,251860,337964,1.0918490886688232,0.721523106098175,0.7280780076980591,0.7508102655410767,0.012804732657968998,0.06133168935775757,0.12099181860685349,67,589824,0.4270087348090278,-9.60830849937445,0.03003381012561057,0.03003381012561057
80,589824,2.638749774241944e-10,252505,337319,1.0563017129898071,0.719658374786377,0.7290924191474915,0.7514054775238037,0.013029445894062519,0.06463634967803955,0.12699155509471893,67,589824,0.4281022813585069,-9.57860179084032,0.029706708534130044,0.029706708534130044
82,589824,2.830074230519841e-10,254819,335005,1.0622631311416626,0.7223583459854126,0.7290794849395752,0.7605645060539246,0.013205451890826225,0.0653640404343605,0.12723541259765625,67,589824,0.4320254855685764,-9.548202173139185,0.03039961770113564,0.03039961770113564
84,589824,3.012176064132177e-10,254420,335404,1.062416672706604,0.7282267212867737,0.7313218712806702,0.76904296875,0.012994261458516121,0.06547047942876816,0.12695935368537903,67,589824,0.4313490125868056,-9.521119646864982,0.027082526274202934,0.027082526274202934
86,589824,3.1708743963854147e-10,251066,338758,1.0660192966461182,0.7289428114891052,0.7281157970428467,0.7632068991661072,0.013550221920013428,0.06636900454759598,0.1303442120552063,67,589824,0.4256625705295139,-9.49882096075976,0.022298686105221677,0.022298686105221677
88,589824,3.3387489994929354e-10,250910,338914,1.031124472618103,0.721606969833374,0.7265626788139343,0.7587048411369324,0.014044876210391521,0.06900481879711151,0.13302777707576752,67,589824,0.4253980848524306,-9.476416229113518,0.022404731646242126,0.022404731646242126
90,589824,3.5257796682230946e-10,253978,335846,1.0354655981063843,0.7218608856201172,0.7259064316749573,0.7654872536659241,0.01374528557062149,0.06766728311777115,0.1330627053976059,67,589824,0.4305996365017361,-9.452744830965997,0.023671398147520506,0.023671398147520506
92,589824,3.696554173870936e-10,253982,335842,1.0371100902557373,0.728408694267273,0.7260789275169373,0.7687811851501465,0.014465590938925743,0.0698317140340805,0.1357458382844925,67,589824,0.4306064181857639,-9.432202924732037,0.02054190623396046,0.02054190623396046
94,589824,3.8528774615187444e-10,251964,337860,1.028558611869812,0.7294191718101501,0.7222144603729248,0.7677919864654541,0.014724326319992542,0.07210951298475266,0.1399049162864685,67,589824,0.42718505859375,-9.41421480324563,0.017988121486407493,0.017988121486407493
96,589824,4.018389787585619e-10,252130,337694,1.0179425477981567,0.7260555028915405,0.7194193601608276,0.7697397470474243,0.014821718446910381,0.07343830168247223,0.14116527140140533,67,589824,0.4274664984809028,-9.395947938571593,0.018266864674036043,0.018266864674036043
98,589824,4.1772710290821635e-10,253204,336620,1.014760136604309,0.7271785736083984,0.7185325622558594,0.7713174819946289,0.015260422602295876,0.07397592812776566,0.14276236295700073,67,589824,0.4292873806423611,-9.37910734599027,0.016840592581322866,0.016840592581322866
0,589824,9.973593572386048e-15,151572,438252,0.026167789474129677,0.008842931129038334,0.043174270540475845,0.009621955454349518,0.6972132325172424,0.8948222398757935,0.9500963091850281,68,589824,0.2569783528645833,-14.001148333417275,,
2,589824,9.215702880720558e-14,182792,407032,0.20522192120552063,0.05806712433695793,0.14708855748176575,0.0748477652668953,0.07758545130491257,0.4143944978713989,0.729632556438446,68,589824,0.3099093967013889,-13.035471535585753,0.9656767978315219,0.9656767978315219
4,589824,7.82390509801098e-14,84100,505724,0.05683767795562744,0.03185923025012016,0.17346647381782532,0.06741897761821747,0.16744351387023926,0.7788704037666321,0.8872889280319214,68,589824,0.1425849066840278,-13.106576426070674,-0.07110489048492141,0.07110489048492141
6,589824,1.4903593496037176e-13,82584,507240,0.10597848147153854,0.04089515656232834,0.2523265779018402,0.11495083570480347,0.1293592005968094,0.5991111993789673,0.792695939540863,68,589824,0.1400146484375,-12.826709003578504,0.27986742249217045,0.27986742249217045
8,589824,2.6660447395750186e-13,130588,459236,0.1544468253850937,0.0780608281493187,0.31184518337249756,0.18194930255413055,0.06652219593524933,0.32545870542526245,0.6226376295089722,68,589824,0.2214016384548611,-12.574132566854823,0.2525764367236807,0.2525764367236807
10,589824,4.877742090445003e-13,188080,401744,0.3437609374523163,0.1627817302942276,0.3867400884628296,0.2810209095478058,0.029641641303896904,0.1481337696313858,0.30243512988090515,68,589824,0.3188747829861111,-12.31178116664175,0.262351400213074,0.262351400213074
12,589824,9.099611255475315e-13,231426,358398,0.6907654404640198,0.303358793258667,0.46831944584846497,0.4055146872997284,0.014838436618447304,0.0754755288362503,0.1550387591123581,68,589824,0.392364501953125,-12.040977160778706,0.27080400586304343,0.27080400586304343
14,589824,1.582186855489387e-12,250988,338836,1.092433214187622,0.40317344665527344,0.5377760529518127,0.5111613273620605,0.011709723621606827,0.05772387608885765,0.11693786829710007,68,589824,0.4255303276909722,-11.800742227844752,0.24023493293395326,0.24023493293395326
16,589824,2.7850981069998948e-12,261474,328350,1.5052776336669922,0.5227259993553162,0.6356485486030579,0.6045516729354858,0.008677727542817593,0.0423598513007164,0.08530867099761963,68,589824,0.4433085123697917,-11.555159501898423,0.24558272594632946,0.24558272594632946
18,589824,4.972462545882461e-12,266848,322976,1.6290675401687622,0.5776341557502747,0.7289825677871704,0.6745303869247437,0.0075136409141123295,0.03786425292491913,0.07744108885526657,68,589824,0.4524197048611111,-11.303428479430844,0.2517310224675793,0.2517310224675793
20,589824,8.315603414188466e-12,264850,324974,1.7636699676513672,0.647615373134613,0.7798032164573669,0.7090377807617188,0.0076156314462423325,0.03831225261092186,0.07611855864524841,68,589824,0.4490322536892361,-11.080106231117455,0.22332224831338898,0.22332224831338898
22,589824,1.3777323899788474e-11,266460,323364,1.5510834455490112,0.6650435924530029,0.8114845156669617,0.7424936294555664,0.007201831322163343,0.036309391260147095,0.07319672405719757,68,589824,0.4517618815104167,-10.860835131370457,0.21927109974699732,0.21927109974699732
24,589824,2.188775376221752e-11,272564,317260,1.557836651802063,0.6972467303276062,0.8075514435768127,0.7619135975837708,0.007528507150709629,0.03750678896903992,0.07604452967643738,68,589824,0.4621107313368056,-10.659798805756383,0.20103632561407458,0.20103632561407458
26,589824,3.2908332309178334e-11,269512,320312,1.478779673576355,0.7062168717384338,0.7981356382369995,0.7434033155441284,0.007747335825115442,0.038985274732112885,0.0785011425614357,68,589824,0.4569363064236111,-10.482694125826955,0.17710467992942824,0.17710467992942824
28,589824,4.766361610952785e-11,268780,321044,1.4962732791900635,0.7169461250305176,0.7816280126571655,0.7433359622955322,0.008170250803232193,0.04059081897139549,0.08070169389247894,68,589824,0.4556952582465278,-10.321813011992935,0.16088111383401937,0.16088111383401937
30,589824,7.00199412340119e-11,276968,312856,1.3956941366195679,0.7002485990524292,0.7896080613136292,0.7665549516677856,0.007766240276396275,0.03990713879466057,0.08051472157239914,68,589824,0.4695773654513889,-10.154778258063347,0.16703475392958822,0.16703475392958822
32,589824,9.599115252667545e-11,275576,314248,1.482383370399475,0.7375814318656921,0.7929706573486328,0.7654066681861877,0.008915871381759644,0.04359595850110054,0.08740601688623428,68,589824,0.4672173394097222,-10.017768793897046,0.1370094641663009,0.1370094641663009
34,589824,1.2640183344458933e-10,266550,323274,1.4403859376907349,0.7267737984657288,0.7853039503097534,0.7253469228744507,0.00973550882190466,0.04810354486107826,0.09352466464042664,68,589824,0.4519144694010417,-9.898246626614606,0.11952216728244025,0.11952216728244025
36,589824,1.709860725229717e-10,272774,317050,1.3159987926483154,0.7141363620758057,0.7946985363960266,0.7512942552566528,0.008937802165746689,0.04325558990240097,0.08456451445817947,68,589824,0.4624667697482639,-9.767039263132732,0.13120736348187378,0.13120736348187378
38,589824,2.256859144011969e-10,278822,311002,1.2942028045654297,0.7168935537338257,0.7929799556732178,0.745389461517334,0.009450473822653294,0.048518408089876175,0.097531758248806,68,589824,0.4727206759982639,-9.646495545435876,0.12054371769685623,0.12054371769685623
40,589824,2.8206129099039856e-10,273328,316496,1.3122364282608032,0.7436805963516235,0.7896429300308228,0.7483645677566528,0.009530673734843731,0.04911315441131592,0.09806166589260101,68,589824,0.4634060329861111,-9.54965651066407,0.096839034771806,0.096839034771806
42,589824,3.5435634981872965e-10,270476,319348,1.1693565845489502,0.7103357911109924,0.7785805463790894,0.7529100179672241,0.010082225315272808,0.050943523645401,0.10008282214403152,68,589824,0.4585706922743056,-9.450559780578415,0.09909673008565534,0.09909673008565534
44,589824,4.334843595188431e-10,268278,321546,1.1957972049713135,0.733009397983551,0.74361652135849,0.7090163826942444,0.010470482520759106,0.05010101571679115,0.09533021599054337,68,589824,0.4548441569010417,-9.363026567616146,0.08753321296226879,0.08753321296226879
46,589824,5.420857096538612e-10,275676,314148,1.1094924211502075,0.6978453993797302,0.7411112785339355,0.7268170118331909,0.010258419439196587,0.05067905783653259,0.09654811769723892,68,589824,0.4673868815104167,-9.265932041345629,0.09709452627051718,0.09709452627051718
48,589824,6.612961844787435e-10,281716,308108,1.1788651943206787,0.7403924465179443,0.7439048886299133,0.7540903687477112,0.010972042568027973,0.053603630512952805,0.10409064590930939,68,589824,0.4776272243923611,-9.179603983064364,0.08632805828126422,0.08632805828126422
50,589824,7.661495882160807e-10,269290,320534,1.180642008781433,0.7386031746864319,0.7374725341796875,0.7383460998535156,0.011879386380314827,0.05608080327510834,0.10358721017837524,68,589824,0.4565599229600694,-9.115686427502835,0.06391755556152923,0.06391755556152923
52,589824,8.999346268190322e-10,265320,324504,1.1061960458755493,0.7195364832878113,0.7221013903617859,0.718663215637207,0.010820895433425903,0.05693501979112625,0.11112995445728302,68,589824,0.4498291015625,-9.045789037497267,0.06989739000556838,0.06989739000556838
54,589824,1.0631517888270992e-09,272696,317128,1.0677911043167114,0.6990455985069275,0.7089493870735168,0.7151308059692383,0.011969372630119324,0.0579986497759819,0.10667189955711365,68,589824,0.4623345269097222,-8.973404725745807,0.07238431175145976,0.07238431175145976
56,589824,1.2548915240273573e-09,278256,311568,1.0837503671646118,0.7278032302856445,0.7168011665344238,0.7343928217887878,0.011360042728483677,0.05591253936290741,0.1051873043179512,68,589824,0.4717610677083333,-8.901393814065377,0.0720109116804295,0.0720109116804295
58,589824,1.4387601110499304e-09,275912,313912,1.1215574741363525,0.7366685271263123,0.7158593535423279,0.7244409918785095,0.011362317949533463,0.05835556238889694,0.11287656426429749,68,589824,0.4677870008680556,-8.842011611297679,0.0593822027676989,0.0593822027676989
60,589824,1.6208211439661113e-09,269486,320338,1.1140120029449463,0.7360221147537231,0.716626763343811,0.7433350682258606,0.012271509505808353,0.05893070623278618,0.1116124764084816,68,589824,0.4568922254774306,-8.790264906480393,0.05174670481728505,0.05174670481728505
62,589824,1.8173287319456222e-09,268154,321670,1.0621554851531982,0.7084705829620361,0.7139800190925598,0.7324978709220886,0.01150831300765276,0.05972687527537346,0.11382265388965607,68,589824,0.4546339246961806,-8.740566507168081,0.04969839931231235,0.04969839931231235
64,589824,2.0452974869300533e-09,269844,319980,1.0447852611541748,0.7208902835845947,0.704733669757843,0.7076256275177002,0.01190687995404005,0.056525252759456635,0.10351166129112244,68,589824,0.4574991861979167,-8.689243515267442,0.051322991900638826,0.051322991900638826
66,589824,2.3290460671177016e-09,276240,313584,0.9925661683082581,0.6954241394996643,0.7032792568206787,0.7298392057418823,0.013625833205878735,0.06716623157262802,0.12147046625614166,68,589824,0.4683430989583333,-8.632821921299088,0.05642159396835389,0.05642159396835389
68,589824,2.588471215148047e-09,275054,314770,1.1047050952911377,0.7461889982223511,0.6961765289306641,0.737244188785553,0.013182866387069225,0.06279131025075912,0.11148356646299362,68,589824,0.4663323296440972,-8.586956660186424,0.04586526111266487,0.04586526111266487
70,589824,2.8660791517864936e-09,271132,318692,1.0226478576660156,0.723547637462616,0.7095152735710144,0.7593672275543213,0.01350264810025692,0.06547733396291733,0.12105173617601395,68,589824,0.4596828884548611,-8.54271181997167,0.04424484021475372,0.04424484021475372
72,589824,3.1330416039310194e-09,271842,317982,1.0434626340866089,0.7329442501068115,0.7087715268135071,0.7429893612861633,0.014927789568901062,0.06654233485460281,0.12232473492622375,68,589824,0.4608866373697917,-8.504033838045936,0.03867798192573346,0.03867798192573346
74,589824,3.353678224016221e-09,264076,325748,1.036564826965332,0.7252557873725891,0.693111777305603,0.7073441743850708,0.013231039978563786,0.06206168234348297,0.11531150341033936,68,589824,0.4477199978298611,-8.474478609063876,0.0295552289820602,0.0295552289820602
76,589824,3.636797307748907e-09,266128,323696,0.9748672246932983,0.7151909470558167,0.6816627383232117,0.6836289763450623,0.0130801722407341,0.06604340672492981,0.11996858566999435,68,589824,0.4511990017361111,-8.439280903118837,0.03519770594503946,0.03519770594503946
78,589824,4.0784753352340886e-09,282488,307336,0.9505727291107178,0.6800928115844727,0.6936714053153992,0.7403292059898376,0.013182860799133778,0.06502576917409897,0.12201934307813644,68,589824,0.4789360894097222,-8.389502159764596,0.04977874335424026,0.04977874335424026
80,589824,4.409519860359978e-09,280066,309758,1.0973999500274658,0.7588741779327393,0.6973794102668762,0.7620460987091064,0.013250447809696198,0.06353145092725754,0.11929687857627869,68,589824,0.4748297797309028,-8.355608697005737,0.03389346275885963,0.03389346275885963
82,589824,4.645295259564364e-09,265615,324209,1.0342044830322266,0.7334375381469727,0.7053948640823364,0.7444846630096436,0.013847109861671925,0.06628014147281647,0.1241985559463501,68,589824,0.4503292507595486,-8.332986676605916,0.02262202039982064,0.02262202039982064
84,589824,4.963729427487351e-09,267379,322445,0.9431198239326477,0.7180529832839966,0.7030594348907471,0.7324990630149841,0.015423799864947796,0.06992696225643158,0.1302308738231659,68,589824,0.4533199734157986,-8.304191899887211,0.028794776718704895,0.028794776718704895
86,589824,5.259682911429309e-09,271698,318126,0.9720593690872192,0.7121684551239014,0.6940613389015198,0.7214587330818176,0.013463477604091167,0.06969870626926422,0.12844039499759674,68,589824,0.4606424967447917,-8.279040437208899,0.025151462678312697,0.025151462678312697
88,589824,5.551310522378117e-09,270002,319822,0.9920806884765625,0.7326521277427673,0.6829223036766052,0.7081826329231262,0.012803608551621437,0.0702957734465599,0.13267308473587036,68,589824,0.4577670627170139,-8.255604478958269,0.02343595825063005,0.02343595825063005
90,589824,5.877092590367283e-09,270932,318892,0.9555612802505493,0.7151821851730347,0.6797441244125366,0.7274098992347717,0.014638359658420086,0.06998065859079361,0.12997357547283173,68,589824,0.4593438042534722,-8.230837467160566,0.02476701179770302,0.02476701179770302
92,589824,6.2771792208593524e-09,277190,312634,0.9560302495956421,0.726596474647522,0.6863961219787598,0.7238380312919617,0.01544788759201765,0.07288502156734467,0.13791623711585999,68,589824,0.4699537489149306,-8.20223547155335,0.028601995607216324,0.028601995607216324
94,589824,6.59051790918852e-09,279296,310528,1.0117672681808472,0.734889805316925,0.6935756206512451,0.7296527028083801,0.015675125643610954,0.07260755449533463,0.13653255999088287,68,589824,0.4735243055555556,-8.181080455472042,0.02115501608130721,0.02115501608130721
96,589824,6.865656931864805e-09,274076,315748,1.0021567344665527,0.7363938689231873,0.7058777809143066,0.7719306349754333,0.015827726572752,0.07164071500301361,0.13466337323188782,68,589824,0.4646742078993056,-8.163317901510393,0.017762553961649274,0.017762553961649274
98,589824,7.0401853236035095e-09,268072,321752,0.9611976742744446,0.7265946269035339,0.7036371231079102,0.7471978068351746,0.015029544942080975,0.07832597196102142,0.14781850576400757,68,589824,0.4544949001736111,-8.152415908477344,0.010901993033048285,0.010901993033048285
0,589824,1.3002451254627654e-14,150781,439043,0.03318274766206741,0.01135249249637127,0.04393305629491806,0.012476583011448383,0.41496607661247253,0.874646008014679,0.9375252723693848,69,589824,0.2556372748480903,-13.885974765692788,,
2,589824,1.2380667237937848e-13,191996,397828,0.2800903022289276,0.07677790522575378,0.14926953613758087,0.09692814946174622,0.05701160430908203,0.29664161801338196,0.6911758780479431,69,589824,0.3255140516493056,-12.907255949019794,0.9787188166729948,0.9787188166729948
4,589824,1.0887577867263812e-13,86566,503258,0.08066047728061676,0.043951161205768585,0.18206676840782166,0.09054557979106903,0.1244715005159378,0.5678557753562927,0.8399834036827087,69,589824,0.1467658148871528,-12.963068725926686,-0.055812776906892125,0.055812776906892125
6,589824,2.542547877966428e-13,95690,494134,0.21084809303283691,0.0781983956694603,0.335015207529068,0.17914679646492004,0.0663914680480957,0.32378512620925903,0.6279025673866272,69,589824,0.1622348361545139,-12.59473086025739,0.36833786566929483,0.36833786566929483
8,589824,3.9626038995238533e-13,105114,484710,0.15158997476100922,0.08278467506170273,0.391229510307312,0.23963141441345215,0.06410183757543564,0.30989211797714233,0.5891318321228027,69,589824,0.17821248372395834,-12.402019337418151,0.19271152283923954,0.19271152283923954
10,589824,5.769369357255805e-13,142270,447554,0.1862047165632248,0.13976643979549408,0.42654553055763245,0.2995055317878723,0.0394812673330307,0.19202221930027008,0.3747241199016571,69,589824,0.2412075466579861,-12.238871656451256,0.1631476809668957,0.1631476809668957
12,589824,7.726340183963898e-13,175718,414106,0.2807314991950989,0.22935079038143158,0.443915992975235,0.3454674184322357,0.028153063729405403,0.1345280557870865,0.25416290760040283,69,589824,0.2979159884982639,-12.112026174166104,0.1268454822851517,0.1268454822851517
14,589824,9.904667147217494e-13,200996,388828,0.3452307879924774,0.27359798550605774,0.44891828298568726,0.3786357343196869,0.023428326472640038,0.11227089166641235,0.21511870622634888,69,589824,0.3407728407118056,-12.004160114628782,0.1078660595373222,0.1078660595373222
16,589824,1.3605192276597289e-12,223910,365914,0.4890291392803192,0.34467339515686035,0.4789166748523712,0.42556697130203247,0.017390916123986244,0.08478406816720963,0.16728149354457855,69,589824,0.3796217176649306,-11.866295316135224,0.13786479849355793,0.13786479849355793
18,589824,1.752004791244488e-12,236714,353110,0.6004465222358704,0.40073394775390625,0.49301713705062866,0.4528212249279022,0.014536529779434204,0.07209122180938721,0.14224761724472046,69,589824,0.4013298882378472,-11.756464710492025,0.10983060564319835,0.10983060564319835
20,589824,2.293420444873795e-12,246948,342876,0.6928548812866211,0.4479449987411499,0.5232048034667969,0.485676109790802,0.01263423915952444,0.06304161250591278,0.12602248787879944,69,589824,0.4186808268229167,-11.63951632025908,0.11694839023294534,0.11694839023294534
22,589824,3.0708361201114975e-12,254824,335000,0.983274519443512,0.5031750798225403,0.5569740533828735,0.5236374139785767,0.010893793776631355,0.05645857751369476,0.11141415685415268,69,589824,0.4320339626736111,-11.512743359730928,0.126772960528152,0.126772960528152
24,589824,3.89200607506246e-12,259202,330622,1.009803295135498,0.5360758900642395,0.6142170429229736,0.548961877822876,0.01075609028339386,0.05333678424358368,0.1064806655049324,69,589824,0.4394565158420139,-11.409826490509532,0.10291686922139576,0.10291686922139576
26,589824,4.907083853838978e-12,265274,324550,1.1573630571365356,0.5671569108963013,0.6587217450141907,0.5743987560272217,0.010091452859342098,0.04984280467033386,0.10053002089262009,69,589824,0.4497511121961806,-11.309176520590839,0.10064996991869357,0.10064996991869357
28,589824,6.198493107678615e-12,268592,321232,1.4945117235183716,0.5958063006401062,0.717748761177063,0.5990208983421326,0.009482784196734428,0.047935158014297485,0.09643623232841492,69,589824,0.4553765190972222,-11.207713877366613,0.1014626432242256,0.1014626432242256
30,589824,7.743650339009367e-12,267860,321964,1.5187170505523682,0.6204873323440552,0.8204559683799744,0.6192324161529541,0.00930336769670248,0.04662137106060982,0.0943739265203476,69,589824,0.4541354709201389,-11.111054265625697,0.09665961174091642,0.09665961174091642
32,589824,9.736298572926572e-12,267728,322096,2.0935885906219482,0.6379498839378357,0.8893542289733887,0.639916181564331,0.009479770436882973,0.04580021649599075,0.09249313175678253,69,589824,0.4539116753472222,-11.011606116517285,0.0994481491084116,0.0994481491084116
34,589824,1.223999374078133e-11,268100,321724,1.9426308870315552,0.6557205319404602,1.060131311416626,0.6599772572517395,0.009078701958060265,0.045151062309741974,0.09054829925298691,69,589824,0.4545423719618056,-10.912218804277453,0.09938731223983233,0.09938731223983233
36,589824,1.5228578814641125e-11,266636,323188,1.5285271406173706,0.6679771542549133,1.144392490386963,0.6734627485275269,0.009244812652468681,0.04589402675628662,0.09200932830572128,69,589824,0.4520602756076389,-10.817340624684869,0.09487817959258393,0.09487817959258393
38,589824,1.8758935377283237e-11,264048,325776,1.982417106628418,0.6822305917739868,1.1090294122695923,0.6780047416687012,0.009411168284714222,0.04662409797310829,0.09369508922100067,69,589824,0.4476725260416667,-10.726791812699549,0.09054881198531994,0.09054881198531994
40,589824,2.308669921902151e-11,264564,325260,2.351681709289551,0.6855406761169434,1.1817487478256226,0.6911218166351318,0.009392812848091125,0.04642355069518089,0.09292269498109818,69,589824,0.44854736328125,-10.63663815514852,0.09015365755102955,0.09015365755102955
42,589824,2.802750566355261e-11,264574,325250,1.5406056642532349,0.6958518624305725,1.319994568824768,0.7020930647850037,0.009460491128265858,0.04718906432390213,0.09460490942001343,69,589824,0.4485643174913194,-10.552415551000232,0.08422260414828742,0.08422260414828742
44,589824,3.389646549556424e-11,262466,327358,5.742547988891602,0.6997988224029541,1.2447872161865234,0.7050028443336487,0.009898425079882145,0.04772808402776718,0.09511326998472214,69,589824,0.4449903700086806,-10.469845584858886,0.08256996614134593,0.08256996614134593
46,589824,4.021417573940589e-11,261394,328430,3.0297839641571045,0.7052799463272095,2.0842320919036865,0.7061660885810852,0.009640619158744812,0.048409681767225266,0.09665103256702423,69,589824,0.4431728786892361,-10.39562082850306,0.07422475635582693,0.07422475635582693
48,589824,4.7310766415620265e-11,261556,328268,4.585577487945557,0.7023094892501831,2.1640613079071045,0.7087438702583313,0.010173729620873928,0.0495113842189312,0.09773432463407516,69,589824,0.4434475368923611,-10.325040016496379,0.0705808120066802,0.0705808120066802
50,589824,5.5483482391816e-11,262630,327194,5.988937854766846,0.7064201235771179,2.5654704570770264,0.7173434495925903,0.009998857975006104,0.05017324909567833,0.09953927993774414,69,589824,0.4452684190538194,-10.25583628847679,0.0692037280195894,0.0692037280195894
52,589824,6.432657878585601e-11,262262,327562,4.093945026397705,0.7116286754608154,3.1958987712860107,0.7273570895195007,0.009856555610895157,0.05046861246228218,0.10089528560638428,69,589824,0.4446445041232639,-10.191609545971543,0.06422674250524629,0.06422674250524629
54,589824,7.380024369396665e-11,258680,331144,7.311695575714111,0.715796172618866,3.2723827362060547,0.7260292172431946,0.010974949225783348,0.05337095633149147,0.10395468771457672,69,589824,0.4385715060763889,-10.131942204101481,0.059667341870062174,0.059667341870062174
56,589824,8.380750260439385e-11,256828,332996,6.98825740814209,0.712186336517334,4.027712345123291,0.724895715713501,0.010501191020011902,0.05359228700399399,0.10446290671825409,69,589824,0.4354315863715278,-10.076717100775005,0.055225103326476344,0.055225103326476344
58,589824,9.555199687039106e-11,258620,331204,3.5116372108459473,0.7121628522872925,4.5704145431518555,0.7322409152984619,0.01103549636900425,0.0533253438770771,0.1045626848936081,69,589824,0.4384697808159722,-10.019760232515509,0.05695686825949586,0.05695686825949586
60,589824,1.0797795990669101e-10,259186,330638,1.7395586967468262,0.716260552406311,4.308516502380371,0.7368897199630737,0.010957381688058376,0.05396510288119316,0.1068228930234909,69,589824,0.4394293891059028,-9.96666488217721,0.053095350338299596,0.053095350338299596
62,589824,1.2067992438691277e-10,256404,333420,2.172785520553589,0.7224166989326477,3.7254481315612793,0.7358259558677673,0.011146471835672855,0.05575576052069664,0.10896475613117218,69,589824,0.4347127278645833,-9.91836497060806,0.048299911569149145,0.048299911569149145
64,589824,1.3391782127669671e-10,255086,334738,1.4836270809173584,0.7173474431037903,3.3755087852478027,0.7411462664604187,0.010812039487063885,0.05591839551925659,0.10990018397569656,69,589824,0.4324781629774306,-9.873161624876541,0.04520334573151885,0.04520334573151885
66,589824,1.4839454665072083e-10,255206,334618,4.823031425476074,0.717849612236023,2.962404251098633,0.7435386776924133,0.011402553878724575,0.056138962507247925,0.11056558787822723,69,589824,0.4326816134982639,-9.828582058646052,0.044579566230488865,0.044579566230488865
68,589824,1.6354902154791517e-10,255280,334544,3.1315536499023438,0.7167263031005859,3.3298542499542236,0.7432908415794373,0.011861485429108143,0.05792463198304176,0.11370260268449783,69,589824,0.4328070746527778,-9.786352049751242,0.04223000889481021,0.04223000889481021
70,589824,1.7870874224890088e-10,255564,334260,5.593809604644775,0.7219069004058838,3.3067402839660645,0.7451691031455994,0.011777871288359165,0.05822807550430298,0.11478142440319061,69,589824,0.43328857421875,-9.7478542017328,0.03849784801844258,0.03849784801844258
72,589824,1.9459654720943576e-10,254538,335286,1.1767017841339111,0.7204253077507019,3.798274278640747,0.7506802678108215,0.01196677889674902,0.05896958336234093,0.11676449328660965,69,589824,0.431549072265625,-9.71086486982919,0.03698933190360876,0.03698933190360876
74,589824,2.1094646862618305e-10,253852,335972,1.1988376379013062,0.7212311625480652,3.2978134155273438,0.7537670731544495,0.012515165843069553,0.061059195548295975,0.1192505806684494,69,589824,0.4303860134548611,-9.675827740578375,0.03503712925081537,0.03503712925081537
76,589824,2.2732825344373708e-10,253056,336768,1.1152691841125488,0.7227120995521545,2.8994641304016113,0.7537143230438232,0.012036860920488834,0.06000252813100815,0.11815961450338364,69,589824,0.4290364583333333,-9.643346584723021,0.03248115585535416,0.03248115585535416
78,589824,2.436360835300633e-10,251830,337994,1.1368176937103271,0.7220340967178345,2.5548956394195557,0.7516396641731262,0.012841997668147087,0.06206171214580536,0.12175674736499786,69,589824,0.4269578721788194,-9.613258390433764,0.030088194289257686,0.030088194289257686
80,589824,2.6138555209165304e-10,252706,337118,1.1857304573059082,0.7198116183280945,2.2799453735351562,0.752810537815094,0.012999296188354492,0.06320388615131378,0.12471805512905121,69,589824,0.4284430609809028,-9.582718421423724,0.030539969010039414,0.030539969010039414
82,589824,2.8049068623303697e-10,254800,335024,1.0725390911102295,0.7242656350135803,2.070117712020874,0.7630123496055603,0.013065150007605553,0.06493328511714935,0.12647567689418793,69,589824,0.4319932725694444,-9.552081555030826,0.0306368663928982,0.0306368663928982
84,589824,2.974654689236189e-10,253556,336268,1.0975245237350464,0.7289189696311951,1.869694471359253,0.7678083777427673,0.012995156459510326,0.06572118401527405,0.12681616842746735,69,589824,0.4298841688368056,-9.526563441788646,0.025518113242180007,0.025518113242180007
86,589824,3.1339406070252096e-10,250774,339050,1.0863418579101562,0.7272269129753113,1.7026596069335938,0.7613723874092102,0.013749430887401104,0.06674535572528839,0.12926378846168518,69,589824,0.4251675075954861,-9.503909238335083,0.022654203453562616,0.022654203453562616
88,589824,3.3068911498013165e-10,251182,338642,1.114831805229187,0.7215279936790466,1.5663594007492065,0.7591817378997803,0.013890326954424381,0.06742123514413834,0.131753072142601,69,589824,0.4258592393663194,-9.480580100163001,0.023329138172082153,0.023329138172082153
90,589824,3.4881036947709276e-10,253580,336244,1.0431803464889526,0.7232180833816528,1.466962456703186,0.7647362351417542,0.013971921987831593,0.06803375482559204,0.1324000209569931,69,589824,0.4299248589409722,-9.457410612788376,0.02316948737462532,0.02316948737462532
92,589824,3.6615263598882564e-10,254016,335808,1.052565574645996,0.728036105632782,1.3659082651138306,0.7678264379501343,0.014018802903592587,0.06941688805818558,0.1350308656692505,69,589824,0.4306640625,-9.43633783496348,0.02107277782489625,0.02107277782489625
94,589824,3.8185576922700193e-10,252302,337522,1.0528126955032349,0.7309757471084595,1.2790226936340332,0.7685518860816956,0.014169527217745781,0.07072477042675018,0.13781499862670898,69,589824,0.4277581108940972,-9.418100643520138,0.018237191443342127,0.018237191443342127
96,589824,3.974840734333185e-10,250938,338886,1.042332410812378,0.7260154485702515,1.2024078369140625,0.7668683528900146,0.014832348562777042,0.07251591980457306,0.13999472558498383,69,589824,0.425445556640625,-9.400680268161214,0.017420375358923934,0.017420375358923934
98,589824,4.135685682804535e-10,252732,337092,1.030121922492981,0.7253379225730896,1.1447277069091797,0.7684709429740906,0.01505943015217781,0.0738568902015686,0.14222179353237152,69,589824,0.4284871419270833,-9.383452475574352,0.017227792586862023,0.017227792586862023
0,2359296,1.5120964511972437e-14,717183,1642113,0.11804459989070892,0.014852444641292095,0.1883910447359085,0.014769546687602997,0.22714565694332123,0.7864297032356262,0.8611860871315002,70,2359296,0.3039817810058594,-13.82042050586738,,
2,2359296,1.1818638515764812e-13,645330,1713966,0.4778432250022888,0.07596098631620407,0.3969622254371643,0.10027125477790833,0.05579625815153122,0.29536670446395874,0.6723335385322571,70,2359296,0.27352650960286456,-12.927432550455329,0.8929879554120514,0.8929879554120514
4,2359296,1.1861315423779273e-13,299330,2059966,0.1826295554637909,0.05653122067451477,0.732450008392334,0.10127225518226624,0.10375171154737473,0.4395850598812103,0.7677880525588989,70,2359296,0.12687259250217015,-12.925867144900096,0.0015654055552332125,0.0015654055552332125
6,2359296,1.7127876265725372e-13,223402,2135894,0.11472918093204498,0.034369371831417084,0.8627933859825134,0.13469527661800385,0.16008809208869934,0.6867306232452393,0.8038020730018616,70,2359296,0.0946901109483507,-12.766296483108924,0.15957066179117163,0.15957066179117163
8,2359296,2.5581338262969933e-13,370750,1988546,0.1549529880285263,0.05532488971948624,0.9560144543647766,0.1822018325328827,0.09381254017353058,0.45272284746170044,0.7523290514945984,70,2359296,0.1571443345811632,-12.592076739567277,0.17421974354164682,0.17421974354164682
10,2359296,4.3074270821182037e-13,543170,1816126,0.2495477944612503,0.12355449795722961,1.0854746103286743,0.2644057273864746,0.0422961488366127,0.20743413269519806,0.4118434190750122,70,2359296,0.23022545708550346,-12.365782065731759,0.22629467383551827,0.22629467383551827
12,2359296,6.877017943822394e-13,674350,1684946,0.40809327363967896,0.2206178605556488,1.104180932044983,0.34620195627212524,0.024714170023798943,0.12086009234189987,0.24051161110401154,70,2359296,0.28582678900824654,-12.162599842475938,0.20318222325582092,0.20318222325582092
14,2359296,9.911713377136477e-13,755458,1603838,0.4222080707550049,0.29752787947654724,1.076395034790039,0.40844231843948364,0.018276330083608627,0.09169139713048935,0.18130061030387878,70,2359296,0.32020484076605904,-12.003851265200174,0.1587485772757642,0.1587485772757642
16,2359296,1.3381432463835385e-12,832914,1526382,0.49109789729118347,0.35070744156837463,1.0241527557373047,0.4512043297290802,0.016287395730614662,0.08012712001800537,0.15697059035301208,70,2359296,0.35303497314453125,-11.87349739345609,0.13035387174408442,0.13035387174408442
18,2359296,1.7895954900273847e-12,906282,1453014,0.5975056886672974,0.4117737114429474,0.9756277799606323,0.48739388585090637,0.01397357601672411,0.0685746818780899,0.13481785356998444,70,2359296,0.38413238525390625,-11.74724512337873,0.12625227007735873,0.12625227007735873
20,2359296,2.4038887200261705e-12,963646,1395650,0.666408121585846,0.4591675102710724,0.9237334132194519,0.5237166285514832,0.011899597942829132,0.05904139205813408,0.11729307472705841,70,2359296,0.40844641791449654,-11.619085640411878,0.12815948296685242,0.12815948296685242
22,2359296,3.1526953356980636e-12,1003812,1355484,0.7633861899375916,0.5013936758041382,0.9126733541488647,0.555360734462738,0.01092136837542057,0.0549415647983551,0.1089765876531601,70,2359296,0.4254709879557292,-11.501317995765929,0.11776764464594969,0.11776764464594969
24,2359296,4.1085446676747406e-12,1019344,1339952,0.8486128449440002,0.5525943040847778,0.8624367713928223,0.58320152759552,0.010273273102939129,0.05082288011908531,0.10059116035699844,70,2359296,0.4320543077256944,-11.386311987059784,0.11500600870614441,0.11500600870614441
26,2359296,5.2568223211924e-12,1039848,1319448,0.8883174061775208,0.5770180821418762,0.8203973174095154,0.6070928573608398,0.009230195544660091,0.04620963707566261,0.092999167740345,70,2359296,0.4407450358072917,-11.279276701739374,0.10703528532041062,0.10703528532041062
28,2359296,6.651528720175159e-12,1057142,1302154,0.9402782320976257,0.6012253761291504,0.7819368839263916,0.6211615204811096,0.009136899374425411,0.04587463289499283,0.09194602072238922,70,2359296,0.44807518853081596,-11.177078529368043,0.102198172371331,0.102198172371331
30,2359296,8.310636033515006e-12,1061180,1298116,0.998690128326416,0.617466151714325,0.7570310831069946,0.6317461729049683,0.008925912901759148,0.044635217636823654,0.09019770473241806,70,2359296,0.4497867160373264,-11.080365737313906,0.09671279205413619,0.09671279205413619
32,2359296,1.0352056885321037e-11,1067422,1291874,1.0135620832443237,0.6346550583839417,0.7391112446784973,0.6470234394073486,0.009129473008215427,0.04585815221071243,0.0928545594215393,70,2359296,0.45243242051866317,-10.984973350188401,0.09539238712550535,0.09539238712550535
34,2359296,1.2849110664348018e-11,1072890,1286406,1.056591272354126,0.6603783369064331,0.7349649667739868,0.6609730124473572,0.008492948487401009,0.042982038110494614,0.08710305392742157,70,2359296,0.45475006103515625,-10.891126930459711,0.09384641972869012,0.09384641972869012
36,2359296,1.589357812026293e-11,1077780,1281516,1.072782039642334,0.6587417125701904,0.730901837348938,0.681716799736023,0.008395962417125702,0.043144240975379944,0.08693981915712357,70,2359296,0.4568227132161458,-10.798778319095236,0.09234861136447492,0.09234861136447492
38,2359296,1.9216784413744747e-11,1065300,1293996,1.0850141048431396,0.674350380897522,0.7215763330459595,0.6751465201377869,0.009564441628754139,0.04838918522000313,0.09709565341472626,70,2359296,0.4515329996744792,-10.71631928202652,0.08245903706871616,0.08245903706871616
40,2359296,2.31332539929463e-11,1060696,1298600,1.0865087509155273,0.6824107766151428,0.7189440131187439,0.6786491274833679,0.009143996052443981,0.04589816555380821,0.09120426326990128,70,2359296,0.4495815700954861,-10.635763273767028,0.08055600825949227,0.08055600825949227
42,2359296,2.7797377247229527e-11,1072516,1286780,1.088023066520691,0.6837700009346008,0.7177819609642029,0.6937463879585266,0.009170026518404484,0.046458981931209564,0.09272029250860214,70,2359296,0.4545915391710069,-10.555996178930481,0.07976709483654609,0.07976709483654609
44,2359296,3.316489444182835e-11,1075338,1283958,1.15037202835083,0.6922703981399536,0.7193885445594788,0.7066963911056519,0.009177579544484615,0.046240344643592834,0.09251323342323303,70,2359296,0.45578765869140625,-10.479321380648265,0.07667479828221602,0.07667479828221602
46,2359296,3.88709897602979e-11,1058840,1300456,1.1475900411605835,0.7009563446044922,0.7244279980659485,0.7105745673179626,0.009935401380062103,0.05067621171474457,0.10098409652709961,70,2359296,0.4487948947482639,-10.410374400918432,0.06894697972983366,0.06894697972983366
48,2359296,4.5541126425518996e-11,1052780,1306516,1.244458794593811,0.698170006275177,0.7275958061218262,0.7000208497047424,0.00970953144133091,0.04900263994932175,0.09718935191631317,70,2359296,0.4462263319227431,-10.34159623164057,0.06877816927786107,0.06877816927786107
50,2359296,5.2484086521253914e-11,1052338,1306958,1.144648790359497,0.7035889029502869,0.7515655755996704,0.7066919803619385,0.010613510385155678,0.052558209747076035,0.102997325360775,70,2359296,0.44603898790147567,-10.279972357234989,0.0616238744055817,0.0616238744055817
52,2359296,6.076966707624365e-11,1060824,1298472,1.1233783960342407,0.7012890577316284,0.7579182982444763,0.7211523652076721,0.010009200312197208,0.049156129360198975,0.09763825684785843,70,2359296,0.4496358235677083,-10.216313142908012,0.06365921432697697,0.06365921432697697
54,2359296,6.982898981267027e-11,1064747,1294549,1.1151762008666992,0.7123374342918396,0.7608322501182556,0.7271606922149658,0.01023341715335846,0.05080268159508705,0.10244499891996384,70,2359296,0.4512986077202691,-10.155964240673525,0.06034890223448741,0.06034890223448741
56,2359296,7.857712397418837e-11,1039285,1320011,1.3234714269638062,0.7148972153663635,0.747800350189209,0.7255418300628662,0.011187498457729816,0.05437391623854637,0.1057707890868187,70,2359296,0.44050640530056423,-10.104703870981044,0.05126036969248027,0.05126036969248027
58,2359296,8.771255249895304e-11,1023058,1336238,1.1642787456512451,0.7112510800361633,0.7776457071304321,0.7166955471038818,0.01097005233168602,0.05404190346598625,0.10491292178630829,70,2359296,0.43362850613064235,-10.056938250522997,0.047765620458047664,0.047765620458047664
60,2359296,1.0010706846808048e-10,1050508,1308788,1.0443089008331299,0.6976036429405212,0.7861603498458862,0.7316907644271851,0.010648181661963463,0.05238037183880806,0.10364033281803131,70,2359296,0.4452633327907986,-9.999535256303872,0.05740299421912454,0.05740299421912454
62,2359296,1.12451825629023e-10,1062048,1297248,1.1696100234985352,0.7196640372276306,0.7737721800804138,0.7362056970596313,0.011046581901609898,0.0548967644572258,0.10835668444633484,70,2359296,0.4501546223958333,-9.949033489502028,0.05050176680184393,0.05050176680184393
64,2359296,1.229639723376863e-10,1031524,1327772,1.1132278442382812,0.7258300185203552,0.7778112888336182,0.7342488765716553,0.011721491813659668,0.05757306516170502,0.11126740276813507,70,2359296,0.4372168646918403,-9.91022211544592,0.038811374056107795,0.038811374056107795
66,2359296,1.3479443949915293e-10,1019876,1339420,1.069168210029602,0.7143250107765198,0.7651081085205078,0.7377914786338806,0.012003419920802116,0.05878949910402298,0.11392757296562195,70,2359296,0.4322797987196181,-9.870328022820306,0.039894092625614164,0.039894092625614164
68,2359296,1.4839018902534917e-10,1035678,1323618,1.0549712181091309,0.7052955627441406,0.7562557458877563,0.7428488731384277,0.011461091227829456,0.056537844240665436,0.11111079156398773,70,2359296,0.43897755940755206,-9.828594811947863,0.04173321087244375,0.04173321087244375
70,2359296,1.6259489588055231e-10,1033914,1325382,1.0873314142227173,0.7231210470199585,0.7450003027915955,0.7381304502487183,0.011649904772639275,0.05749994516372681,0.11341658234596252,70,2359296,0.43822987874348956,-9.788893091741357,0.03970172020650509,0.03970172020650509
72,2359296,1.7801327079070006e-10,1033216,1326080,1.0547155141830444,0.7160330414772034,0.7444820404052734,0.7455492615699768,0.012039109133183956,0.058461155742406845,0.11439428478479385,70,2359296,0.4379340277777778,-9.749547620071242,0.03934547167011537,0.03934547167011537
74,2359296,1.9253315608480648e-10,1032932,1326364,1.435867428779602,0.7271469831466675,0.7411366105079651,0.7535016536712646,0.012248627841472626,0.06040087342262268,0.11844535171985626,70,2359296,0.4378136528862847,-9.715494469975043,0.03405315009619869,0.03405315009619869
76,2359296,2.0626096663978188e-10,1019824,1339472,1.0541654825210571,0.7218399047851562,0.8144647479057312,0.7559149861335754,0.01271003670990467,0.06266767531633377,0.12099931389093399,70,2359296,0.4322577582465278,-9.685582951265188,0.029911518709855756,0.029911518709855756
78,2359296,2.206904797796838e-10,1020590,1338706,1.0508389472961426,0.7197092175483704,0.7982463240623474,0.7479575276374817,0.012550583109259605,0.060986291617155075,0.11941229552030563,70,2359296,0.43258243136935765,-9.656216401176033,0.02936655008915423,0.02936655008915423
80,2359296,2.346873528846771e-10,1017302,1341994,1.0554734468460083,0.7164581418037415,0.7796717286109924,0.7433760166168213,0.012614739127457142,0.061914749443531036,0.12202963978052139,70,2359296,0.43118879530164933,-9.629510313556027,0.026706087620006258,0.026706087620006258
82,2359296,2.5245930346251555e-10,1023614,1335682,1.0231549739837646,0.7156605124473572,0.7681373953819275,0.7506564259529114,0.012771416455507278,0.06388931721448898,0.126195028424263,70,2359296,0.43386416965060765,-9.597808620341898,0.031701693214129634,0.031701693214129634
84,2359296,2.7096644372726075e-10,1040236,1319060,1.0308475494384766,0.7249990701675415,0.7658056616783142,0.768950343132019,0.012915338389575481,0.06319335103034973,0.12407954037189484,70,2359296,0.4409094916449653,-9.567084488485078,0.03072413185681988,0.03072413185681988
86,2359296,2.855655989453254e-10,1030318,1328978,1.0509891510009766,0.7327142953872681,0.7612754702568054,0.776871919631958,0.013132837601006031,0.06492461264133453,0.1271228790283203,70,2359296,0.43670569525824654,-9.544294111630023,0.02279037685505436,0.02279037685505436
88,2359296,2.970155787984652e-10,1003024,1356272,1.0737355947494507,0.7283217906951904,0.7475734353065491,0.7530744671821594,0.01393087301403284,0.06812598556280136,0.13188019394874573,70,2359296,0.4251369900173611,-9.527220770855285,0.0170733407747381,0.0170733407747381
90,2359296,3.1169963832233805e-10,1005686,1353610,0.9976232647895813,0.7162080407142639,0.7445086240768433,0.7480427026748657,0.014076958410441875,0.06836925446987152,0.13305345177650452,70,2359296,0.42626529269748265,-9.506263701652271,0.0209570692030141,0.0209570692030141
92,2359296,3.295528017144278e-10,1036342,1322954,1.0002673864364624,0.7107660174369812,0.7434744238853455,0.7631357312202454,0.01341256033629179,0.06702999025583267,0.13197380304336548,70,2359296,0.43925899929470485,-9.482074991825527,0.024188709826743704,0.024188709826743704
94,2359296,3.4364389112084837e-10,1033258,1326038,1.0555096864700317,0.7359143495559692,0.7379161715507507,0.7670414447784424,0.014052637852728367,0.06985380500555038,0.13616541028022766,70,2359296,0.43795182969835067,-9.463891372040349,0.01818361978517835,0.01818361978517835
96,2359296,3.5772645956555493e-10,1020760,1338536,1.0065010786056519,0.7266008853912354,0.7387830018997192,0.7699899673461914,0.014611662365496159,0.07129393517971039,0.13940201699733734,70,2359296,0.4326544867621528,-9.446448935673441,0.0174424363669079,0.0174424363669079
98,2359296,3.705440398960036e-10,1021696,1337600,1.0063239336013794,0.7277137637138367,0.7321694493293762,0.7666557431221008,0.015046550892293453,0.07308338582515717,0.14246802031993866,70,2359296,0.4330512152777778,-9.431160167854223,0.015288767819217952,0.015288767819217952
0,2359296,9.146000031271233e-15,749647,1609649,0.05462333559989929,0.009060482494533062,0.08373291045427322,0.008994316682219505,0.6503368020057678,0.8314540386199951,0.8991138935089111,71,2359296,0.3177418178982205,-14.038768801470434,,
2,2359296,6.675152916307478e-14,607314,1751982,0.31010374426841736,0.04465150088071823,0.16902035474777222,0.05998300015926361,0.09505955874919891,0.5878952145576477,0.7300918698310852,71,2359296,0.25741322835286456,-13.17553878090753,0.863230020562904,0.863230020562904
4,2359296,6.688406610239755e-14,280934,2078362,0.09788451343774796,0.03359551355242729,0.38831135630607605,0.06036736071109772,0.16242605447769165,0.7457694411277771,0.8343703746795654,71,2359296,0.11907535129123265,-13.174677332576277,0.000861448331253456,0.000861448331253456
6,2359296,9.701259435536402e-14,217204,2142092,0.06809528172016144,0.021029291674494743,0.48277518153190613,0.0822904035449028,0.25242167711257935,0.779585063457489,0.8639159202575684,71,2359296,0.09206305609809028,-13.013171881156625,0.1615054514196519,0.1615054514196519
8,2359296,1.5081024536817145e-13,379746,1979550,0.08125700056552887,0.03864661604166031,0.538232147693634,0.11864278465509415,0.13395532965660095,0.6252574324607849,0.8535547256469727,71,2359296,0.16095733642578125,-12.821569153454847,0.19160272770177755,0.19160272770177755
10,2359296,2.7050508100839865e-13,564806,1794490,0.1850345879793167,0.09407541155815125,0.6277459859848022,0.1894744336605072,0.05524551868438721,0.27341601252555847,0.528043270111084,71,2359296,0.23939598931206596,-12.567824572948592,0.2537445805062557,0.2537445805062557
12,2359296,4.497379302737664e-13,713262,1646034,0.3480682373046875,0.17603427171707153,0.6509608030319214,0.2683396339416504,0.029875418171286583,0.14637258648872375,0.29683902859687805,71,2359296,0.30231984456380206,-12.34704048309267,0.2207840898559219,0.2207840898559219
14,2359296,6.857149939011598e-13,800108,1559188,0.4416385889053345,0.24776263535022736,0.6590598821640015,0.33958059549331665,0.02171831764280796,0.10739175230264664,0.21413609385490417,71,2359296,0.3391299777560764,-12.163856354111493,0.18318412898117664,0.18318412898117664
16,2359296,9.483597717893644e-13,880140,1479156,0.6884563565254211,0.3079240024089813,0.6590679287910461,0.39024269580841064,0.017309745773673058,0.08641238510608673,0.17136932909488678,71,2359296,0.3730519612630208,-12.023026876520545,0.14082947759094822,0.14082947759094822
18,2359296,1.3184243193714584e-12,940390,1418906,0.7143312692642212,0.3821529448032379,0.6803693771362305,0.43682676553726196,0.014498240314424038,0.07044842839241028,0.13898701965808868,71,2359296,0.39858924018012154,-11.87994479467046,0.14308208185008553,0.14308208185008553
20,2359296,1.853267539431158e-12,997236,1362060,0.8309298157691956,0.42030367255210876,0.6901042461395264,0.48839515447616577,0.01198512688279152,0.06042000278830528,0.12149982899427414,71,2359296,0.4226837158203125,-11.732061880998682,0.14788291367177742,0.14788291367177742
22,2359296,2.557216808099505e-12,1032350,1326946,1.0584436655044556,0.48684340715408325,0.7355310320854187,0.53943932056427,0.0106659559533,0.05425388365983963,0.10860463976860046,71,2359296,0.43756696912977433,-11.592232449693798,0.139829431304884,0.139829431304884
24,2359296,3.4486062009536633e-12,1024546,1334750,1.3255271911621094,0.5425020456314087,0.7473854422569275,0.5745856761932373,0.010037616826593876,0.04979962110519409,0.09958362579345703,71,2359296,0.43425920274522567,-11.462356395228769,0.12987605446502926,0.12987605446502926
26,2359296,4.650981856590963e-12,1051604,1307692,1.371909260749817,0.5689085125923157,0.8141152262687683,0.6150590777397156,0.008823663927614689,0.04481630027294159,0.09082411229610443,71,2359296,0.4457278781467014,-11.332455354661306,0.12990104056746254,0.12990104056746254
28,2359296,6.043005505718124e-12,1059666,1299630,1.5513983964920044,0.6046417951583862,0.8603576421737671,0.6286242604255676,0.009365214966237545,0.046203237026929855,0.09345963597297668,71,2359296,0.44914499918619794,-11.218747010070274,0.11370834459103207,0.11370834459103207
30,2359296,7.852751435222238e-12,1056152,1303144,1.5802948474884033,0.6125287413597107,0.9175102710723877,0.6487763524055481,0.00871560163795948,0.044239845126867294,0.08977874368429184,71,2359296,0.4476555718315972,-11.104978149143863,0.11376886092641136,0.11376886092641136
32,2359296,9.986072732615092e-12,1055334,1303962,2.57743501663208,0.6574934720993042,0.9589388370513916,0.6680469512939453,0.009365755133330822,0.047292135655879974,0.0950978547334671,71,2359296,0.44730885823567706,-11.000605275126658,0.10437287401720496,0.10437287401720496
34,2359296,1.3105886167985581e-11,1057498,1301798,1.8977125883102417,0.6536056995391846,1.1801987886428833,0.6919917464256287,0.008033111691474915,0.03966626897454262,0.07893064618110657,71,2359296,0.44822608100043404,-10.882533608456061,0.11807166667059654,0.11807166667059654
36,2359296,1.6620321438565178e-11,1051450,1307846,1.5433063507080078,0.6826826333999634,1.2006317377090454,0.7053756713867188,0.009829283691942692,0.04991868510842323,0.099647156894207,71,2359296,0.44566260443793404,-10.779360581174942,0.10317302728111954,0.10317302728111954
38,2359296,2.0018082677597526e-11,1037820,1321476,1.4989013671875,0.6819886565208435,1.156800389289856,0.6906333565711975,0.00996126513928175,0.049722496420145035,0.09779538214206696,71,2359296,0.4398854573567708,-10.69857752138293,0.08078305979201161,0.08078305979201161
40,2359296,2.530074413864547e-11,1052037,1307259,1.4268319606781006,0.6863167881965637,1.1016982793807983,0.7100140452384949,0.00897211767733097,0.0455402247607708,0.09050917625427246,71,2359296,0.4459114074707031,-10.596866705284464,0.10171081609846588,0.10171081609846588
42,2359296,3.102909248986485e-11,1058817,1300479,1.598878264427185,0.6947005391120911,1.063501238822937,0.7315396070480347,0.00905350036919117,0.045709505677223206,0.09167306870222092,71,2359296,0.44878514607747394,-10.508230926072535,0.08863577921192878,0.08863577921192878
44,2359296,3.718223298698753e-11,1034484,1324812,1.3747467994689941,0.7133186459541321,1.0589749813079834,0.7289910316467285,0.010396488010883331,0.05219123885035515,0.10272271186113358,71,2359296,0.4384714762369792,-10.429664532132536,0.0785663939399992,0.0785663939399992
46,2359296,4.394374794602918e-11,1026858,1332438,1.4542831182479858,0.7017025351524353,1.015539288520813,0.7226647734642029,0.010026703588664532,0.04972255229949951,0.0980992540717125,71,2359296,0.43523915608723956,-10.35710290501989,0.07256162711264658,0.07256162711264658
48,2359296,5.206744757568771e-11,1036192,1323104,1.303083062171936,0.7057113647460938,1.0028941631317139,0.726082444190979,0.010841620154678822,0.05390699580311775,0.10422392934560776,71,2359296,0.4391954210069444,-10.283433711568865,0.07366919345102474,0.07366919345102474
50,2359296,6.09111233673687e-11,1040162,1319134,1.5274614095687866,0.7069255113601685,0.9721350073814392,0.7398826479911804,0.009974407032132149,0.047836776822805405,0.09305761754512787,71,2359296,0.44087812635633683,-10.215303390849087,0.06813032071977787,0.06813032071977787
52,2359296,7.252370232135874e-11,1041784,1317512,1.3896689414978027,0.7199458479881287,0.9923368692398071,0.7532909512519836,0.01045514177531004,0.05310121551156044,0.103471539914608,71,2359296,0.4415656195746528,-10.139520033359014,0.07578335749007259,0.07578335749007259
54,2359296,8.193014322532832e-11,1023142,1336154,1.329001545906067,0.7184024453163147,0.9861098527908325,0.7445845603942871,0.011652341112494469,0.05785120651125908,0.10976873338222504,71,2359296,0.43366410997178817,-10.086556285932556,0.052963747426458596,0.052963747426458596
56,2359296,9.22529552749296e-11,993800,1365496,1.3533909320831299,0.7234333753585815,0.9499348402023315,0.7297477126121521,0.011194405145943165,0.05496377497911453,0.10597102344036102,71,2359296,0.4212273491753472,-10.035019712550618,0.051536573381937956,0.051536573381937956
58,2359296,1.0604568612126997e-10,1022914,1336382,1.4922070503234863,0.692202627658844,0.9483263492584229,0.7489597201347351,0.010454446077346802,0.05146375671029091,0.10092148184776306,71,2359296,0.43356747097439235,-9.974506993642787,0.060512718907830276,0.060512718907830276
60,2359296,1.2161732731996722e-10,1051300,1307996,1.472524881362915,0.7236072421073914,0.9941154718399048,0.7656409740447998,0.011400171555578709,0.05668981373310089,0.111262246966362,71,2359296,0.4455990261501736,-9.915004544937032,0.059502448705755384,0.059502448705755384
62,2359296,1.3369715057276466e-10,1017721,1341575,1.5536203384399414,0.7295668125152588,1.0147579908370972,0.7501208782196045,0.011633837595582008,0.056995976716279984,0.10868991166353226,71,2359296,0.43136639065212673,-9.873877848562337,0.041126696374695015,0.041126696374695015
64,2359296,1.4882829690865407e-10,991741,1367555,1.9245061874389648,0.7264294028282166,1.0289303064346313,0.7550399303436279,0.011724835261702538,0.05584220215678215,0.10692509263753891,71,2359296,0.42035463121202254,-9.827314487990881,0.04656336057145616,0.04656336057145616
66,2359296,1.648209763116526e-10,1008260,1351036,2.1338229179382324,0.7000438570976257,1.1363739967346191,0.7644036412239075,0.012288497760891914,0.0605359748005867,0.11623986810445786,71,2359296,0.4273562961154514,-9.782987517659041,0.04432697033183963,0.04432697033183963
68,2359296,1.81892126360772e-10,1013808,1345488,1.6813139915466309,0.7285294532775879,1.2729893922805786,0.7528605461120605,0.012367233633995056,0.05883658677339554,0.11442896723747253,71,2359296,0.4297078450520833,-9.740186100013362,0.042801417645678796,0.042801417645678796
70,2359296,2.0040397119558406e-10,1010362,1348934,2.0822999477386475,0.7174274921417236,1.289664626121521,0.7540508508682251,0.012043208815157413,0.056143246591091156,0.10831167548894882,71,2359296,0.42824723985460067,-9.698093676760678,0.042092423252684696,0.042092423252684696
72,2359296,2.1842284925188693e-10,1016402,1342894,1.979411005973816,0.7300616502761841,1.4019100666046143,0.7732312679290771,0.01290040835738182,0.06326532363891602,0.1230999231338501,71,2359296,0.43080732557508683,-9.660701931970264,0.03739174479041374,0.03739174479041374
74,2359296,2.3560978168468694e-10,1006100,1353196,2.1653218269348145,0.7222820520401001,1.4711763858795166,0.777552604675293,0.013159725815057755,0.06269754469394684,0.11958155035972595,71,2359296,0.4264407687717014,-9.627806683140037,0.03289524883022743,0.03289524883022743
76,2359296,2.550811784018947e-10,1002960,1356336,1.6017966270446777,0.7287647724151611,1.5660196542739868,0.7770448923110962,0.01257278397679329,0.059569671750068665,0.11622197926044464,71,2359296,0.42510986328125,-9.593321585364185,0.034485097775851514,0.034485097775851514
78,2359296,2.707388757627882e-10,988238,1371058,2.373835563659668,0.7189428210258484,1.5306178331375122,0.7653090357780457,0.013086928054690361,0.06317202746868134,0.12170954793691635,71,2359296,0.41886986626519096,-9.567449378817464,0.025872206546720733,0.025872206546720733
80,2359296,2.919625652353375e-10,987442,1371854,1.9851253032684326,0.7175734639167786,1.6426012516021729,0.7568961381912231,0.013652447611093521,0.06590766459703445,0.12780699133872986,71,2359296,0.41853247748480904,-9.53467282921577,0.03277654960169407,0.03277654960169407
82,2359296,3.1714089687717717e-10,1023748,1335548,2.219580888748169,0.7175262570381165,1.706234335899353,0.782947301864624,0.012862540781497955,0.06281428784132004,0.12089010328054428,71,2359296,0.4339209662543403,-9.498747749953885,0.03592507926188482,0.03592507926188482
84,2359296,3.372817025670827e-10,1013750,1345546,1.7133288383483887,0.7429754734039307,1.801692247390747,0.7976403832435608,0.012951910495758057,0.06554870307445526,0.1264779269695282,71,2359296,0.42968326144748265,-9.472007218519343,0.026740531434542802,0.026740531434542802
86,2359296,3.5026287426020986e-10,974739,1384557,1.6035001277923584,0.7286155223846436,1.7559291124343872,0.7754663228988647,0.014384363777935505,0.06838548928499222,0.13070166110992432,71,2359296,0.4131482442220052,-9.455605892823312,0.016401325696030256,0.016401325696030256
88,2359296,3.6964814542628233e-10,983643,1375653,1.5649806261062622,0.7210699319839478,1.7133246660232544,0.7651332020759583,0.014298886060714722,0.06919074803590775,0.13338986039161682,71,2359296,0.41692225138346356,-9.43221146837395,0.02339442444936246,0.02339442444936246
90,2359296,3.925594571629887e-10,1022284,1337012,1.9096832275390625,0.7014137506484985,1.7049837112426758,0.7844054102897644,0.013153879903256893,0.06756928563117981,0.13141554594039917,71,2359296,0.4333004421657986,-9.406094555575546,0.026116912798404,0.026116912798404
92,2359296,4.1212444568117235e-10,1014350,1344946,1.1651993989944458,0.744716465473175,1.748324990272522,0.7847023606300354,0.014085868373513222,0.06879085302352905,0.1333504319190979,71,2359296,0.42993757459852433,-9.38497162398654,0.021122931589005134,0.021122931589005134
94,2359296,4.2940517808176537e-10,989534,1369762,1.0632132291793823,0.7267420887947083,1.612518072128296,0.7856996059417725,0.015132375992834568,0.07124161720275879,0.13678358495235443,71,2359296,0.41941918267144096,-9.367132722827627,0.017838901158913956,0.017838901158913956
96,2359296,4.477153925375177e-10,990496,1368800,1.3585009574890137,0.7313013672828674,1.4937280416488647,0.780383288860321,0.015645695850253105,0.07524008303880692,0.14251142740249634,71,2359296,0.4198269314236111,-9.34899797423574,0.018134748591887018,0.018134748591887018
98,2359296,4.6346662618823586e-10,996626,1362670,2.0439000129699707,0.7196454405784607,1.463108777999878,0.7847856283187866,0.015948811545968056,0.07643388956785202,0.14387744665145874,71,2359296,0.42242516411675346,-9.333981533545652,0.015016440690088118,0.015016440690088118
